PlanId;Plannavn;Plantype;PlantypeId;Planstatus;PlanstatusId;IKraft;Lovreferanse;LovreferanseId;Vertikalnivå;VertikalnivåId;PlanBestemmelse;PlanBestemmelseId
0;Langes plan;Eldre reguleringsplan (PBL 1985);30;Opphevet;4;01.10.1922;Plan- og bygningsloven av 1985 eller før;5;På grunnen/vannoverflaten;2;Uten bestemmelser;2
2;Elvens vestside - gate langs elven;Eldre reguleringsplan (PBL 1985);30;Utgått/erstattet;5;18.12.1933;Bygningsloven av 1924;2;På grunnen/vannoverflaten;2;;
4;Grimsmoen;Eldre reguleringsplan (PBL 1985);30;Opphevet;4;05.06.1909;Plan- og bygningsloven av 1985 eller før;5;På grunnen/vannoverflaten;2;Uten bestemmelser;2
5;Vestre Havn;Eldre reguleringsplan (PBL 1985);30;Utgått/erstattet;5;10.02.1937;Bygningsloven av 1924;2;På grunnen/vannoverflaten;2;;
6;ODINSGATE og ST.OLAVS VEI;Eldre reguleringsplan (PBL 1985);30;Utgått/erstattet;5;06.01.1937;Plan- og bygningsloven av 1985 eller før;5;På grunnen/vannoverflaten;2;Uten bestemmelser;2
7;Baneheia, reg. av Vestsiden;Eldre reguleringsplan (PBL 1985);30;Utgått/erstattet;5;28.08.1937;Plan- og bygningsloven av 1985 eller før;5;På grunnen/vannoverflaten;2;Uten bestemmelser;2
8;RAVNDALSKROKEN;Eldre reguleringsplan (PBL 1985);30;Utgått/erstattet;5;21.08.1937;Plan- og bygningsloven av 1985 eller før;5;På grunnen/vannoverflaten;2;Uten bestemmelser;2
9;Østerveien - Nedre Lundsvei;Eldre reguleringsplan (PBL 1985);30;Utgått/erstattet;5;29.04.1938;Bygningsloven av 1924;2;På grunnen/vannoverflaten;2;;
10;GRIMSMYRA;Eldre reguleringsplan (PBL 1985);30;Utgått/erstattet;5;01.12.1938;Plan- og bygningsloven av 1985 eller før;5;På grunnen/vannoverflaten;2;Uten bestemmelser;2
12;TORDENSKJOLDS GATE, GATEREGULERING;Eldre reguleringsplan (PBL 1985);30;Utgått/erstattet;5;29.11.1940;Bygningsloven av 1924;2;På grunnen/vannoverflaten;2;;
13;KUHOLMEN - SNORRESGT.. endr.reg.;Eldre reguleringsplan (PBL 1985);30;Utgått/erstattet;5;12.01.1940;Plan- og bygningsloven av 1985 eller før;5;På grunnen/vannoverflaten;2;Uten bestemmelser;2
14;KVADRATUREN, GATEREGULERING;Eldre reguleringsplan (PBL 1985);30;Utgått/erstattet;5;25.02.1942;Bygningsloven av 1924;2;På grunnen/vannoverflaten;2;Med bestemmelser som egen tekst;1
15;Vestsiden;Eldre reguleringsplan (PBL 1985);30;Endelig vedtatt arealplan;3;26.10.1942;Plan- og bygningsloven av 1985 eller før;5;På grunnen/vannoverflaten;2;Planbestemmelser både på kart og som egen tekst;4
17;Gimlejordet;Eldre reguleringsplan (PBL 1985);30;Endelig vedtatt arealplan;3;24.01.1947;Plan- og bygningsloven av 1985 eller før;5;På grunnen/vannoverflaten;2;Uten bestemmelser;2
19;Lovisenlund Alle;Eldre reguleringsplan (PBL 1985);30;Endelig vedtatt arealplan;3;08.09.1949;Plan- og bygningsloven av 1985 eller før;5;På grunnen/vannoverflaten;2;Planbestemmelser både på kart og som egen tekst;4
20;Dronningensgate 42 og 46;Eldre reguleringsplan (PBL 1985);30;Utgått/erstattet;5;30.10.1950;Bygningsloven av 1924;2;På grunnen/vannoverflaten;2;;
21;KUHOLMSTANGEN;Eldre reguleringsplan (PBL 1985);30;Endelig vedtatt arealplan;3;22.09.1950;Plan- og bygningsloven av 1985 eller før;5;På grunnen/vannoverflaten;2;Med bestemmelser som egen tekst;1
22;Agder allé;Eldre reguleringsplan (PBL 1985);30;Endelig vedtatt arealplan;3;20.01.1950;Plan- og bygningsloven av 1985 eller før;5;På grunnen/vannoverflaten;2;Planbestemmelser både på kart og som egen tekst;4
23;Tegleverksveien v/Snorresgate;Eldre reguleringsplan (PBL 1985);30;Endelig vedtatt arealplan;3;26.09.1950;Plan- og bygningsloven av 1985 eller før;5;På grunnen/vannoverflaten;2;Uten bestemmelser;2
24;Agder alle, del II;Eldre reguleringsplan (PBL 1985);30;Endelig vedtatt arealplan;3;22.09.1950;Plan- og bygningsloven av 1985 eller før;5;På grunnen/vannoverflaten;2;Planbestemmelser både på kart og som egen tekst;4
25;MARVIKVEIEN 7, KIRKETOMT;Eldre reguleringsplan (PBL 1985);30;Endelig vedtatt arealplan;3;01.12.1950;Plan- og bygningsloven av 1985 eller før;5;På grunnen/vannoverflaten;2;Uten bestemmelser;2
26;ELVEGATA -TOLLBODGATA.- DRONNINGENS GATE (KV.42);Eldre reguleringsplan (PBL 1985);30;Utgått/erstattet;5;23.08.1951;Bygningsloven av 1924;2;På grunnen/vannoverflaten;2;;
27;KVADRATUREN, GATEUTVIDELSE;Eldre reguleringsplan (PBL 1985);30;Utgått/erstattet;5;12.01.1951;Bygningsloven av 1924;2;På grunnen/vannoverflaten;2;;
28;MØLLEVANNSVEIEN - GRIMSHAUGEN;Eldre reguleringsplan (PBL 1985);30;Endelig vedtatt arealplan;3;14.04.1951;Plan- og bygningsloven av 1985 eller før;5;På grunnen/vannoverflaten;2;Med bestemmelser som egen tekst;1
29;Hamreheia;Eldre reguleringsplan (PBL 1985);30;Endelig vedtatt arealplan;3;24.10.1951;Plan- og bygningsloven av 1985 eller før;5;På grunnen/vannoverflaten;2;Planbestemmelser både på kart og som egen tekst;4
30;BELLEVUE OG DUEKNIPEN VEIREGULERING;Eldre reguleringsplan (PBL 1985);30;Endelig vedtatt arealplan;3;03.01.1952;Plan- og bygningsloven av 1985 eller før;5;På grunnen/vannoverflaten;2;Uten bestemmelser;2
31;Andøya (gnr. 9 bnr. 1 og 2);Eldre reguleringsplan (PBL 1985);30;Endelig vedtatt arealplan;3;16.05.1952;Plan- og bygningsloven av 1985 eller før;5;På grunnen/vannoverflaten;2;Planbestemmelser både på kart og som egen tekst;4
32;PARADIS OG SOLVANG;Eldre reguleringsplan (PBL 1985);30;Endelig vedtatt arealplan;3;09.10.1952;Plan- og bygningsloven av 1985 eller før;5;På grunnen/vannoverflaten;2;Med bestemmelser som egen tekst;1
33;KONGSGÅRD ALLE (FREYASDAL);Eldre reguleringsplan (PBL 1985);30;Endelig vedtatt arealplan;3;30.01.1952;Plan- og bygningsloven av 1985 eller før;5;På grunnen/vannoverflaten;2;Med bestemmelser som egen tekst;1
34;BERGSTIEN;Eldre reguleringsplan (PBL 1985);30;Utgått/erstattet;5;30.04.1952;Plan- og bygningsloven av 1985 eller før;5;På grunnen/vannoverflaten;2;Uten bestemmelser;2
35;EGSOMRÅDET, REG. OG BEBYGGELSESPLAN;Eldre reguleringsplan (PBL 1985);30;Endelig vedtatt arealplan;3;05.08.1953;Plan- og bygningsloven av 1985 eller før;5;På grunnen/vannoverflaten;2;Med bestemmelser som egen tekst;1
36;Vestre Strandgate 23,27,27a (byggelinje);Eldre reguleringsplan (PBL 1985);30;Utgått/erstattet;5;16.10.1953;Bygningsloven av 1924;2;På grunnen/vannoverflaten;2;;
37;VOIE - ANDØYVEIEN;Eldre reguleringsplan (PBL 1985);30;Endelig vedtatt arealplan;3;15.06.1953;Plan- og bygningsloven av 1985 eller før;5;På grunnen/vannoverflaten;2;Med bestemmelser som egen tekst;1
38;Kronmarka;Eldre reguleringsplan (PBL 1985);30;Endelig vedtatt arealplan;3;02.10.1953;Plan- og bygningsloven av 1985 eller før;5;På grunnen/vannoverflaten;2;Planbestemmelser både på kart og som egen tekst;4
39;DALONA - FISKÅ;Eldre reguleringsplan (PBL 1985);30;Endelig vedtatt arealplan;3;02.10.1953;Plan- og bygningsloven av 1985 eller før;5;På grunnen/vannoverflaten;2;Med bestemmelser som egen tekst;1
40;MØLLEVANNSHEIA;Eldre reguleringsplan (PBL 1985);30;Endelig vedtatt arealplan;3;23.11.1953;Plan- og bygningsloven av 1985 eller før;5;På grunnen/vannoverflaten;2;Med bestemmelser som egen tekst;1
41;MARVIKSLETTA, NORDRE DEL OG LØEBAKKEN;Eldre reguleringsplan (PBL 1985);30;Endelig vedtatt arealplan;3;14.10.1953;Plan- og bygningsloven av 1985 eller før;5;På grunnen/vannoverflaten;2;Med bestemmelser som egen tekst;1
42;MARVIKA;Eldre reguleringsplan (PBL 1985);30;Endelig vedtatt arealplan;3;31.01.1953;Plan- og bygningsloven av 1985 eller før;5;På grunnen/vannoverflaten;2;Med bestemmelser som egen tekst;1
43;Teglverksveien 31 - 33;Eldre reguleringsplan (PBL 1985);30;Endelig vedtatt arealplan;3;26.05.1953;Plan- og bygningsloven av 1985 eller før;5;På grunnen/vannoverflaten;2;Planbestemmelser både på kart og som egen tekst;4
44;ESPELUNDSVEI-STRANDVEIEN-GIMLEVEIEN;Eldre reguleringsplan (PBL 1985);30;Endelig vedtatt arealplan;3;23.06.1953;Plan- og bygningsloven av 1985 eller før;5;På grunnen/vannoverflaten;2;Med bestemmelser som egen tekst;1
45;ODDEMARKA;Eldre reguleringsplan (PBL 1985);30;Endelig vedtatt arealplan;3;10.03.1953;Plan- og bygningsloven av 1985 eller før;5;På grunnen/vannoverflaten;2;Med bestemmelser som egen tekst;1
46;LOVISENLUND ALLE, ENDR. REG.;Eldre reguleringsplan (PBL 1985);30;Endelig vedtatt arealplan;3;30.05.1953;Plan- og bygningsloven av 1985 eller før;5;På grunnen/vannoverflaten;2;Uten bestemmelser;2
47;PRESTVIKVEIENS NORDRE DEL;Eldre reguleringsplan (PBL 1985);30;Utgått/erstattet;5;19.11.1953;Plan- og bygningsloven av 1985 eller før;5;På grunnen/vannoverflaten;2;Uten bestemmelser;2
49;Kvartal 10;Eldre reguleringsplan (PBL 1985);30;Endelig vedtatt arealplan;3;27.05.1952;Plan- og bygningsloven av 1985 eller før;5;På grunnen/vannoverflaten;2;Planbestemmelser både på kart og som egen tekst;4
50;TORDENSKJOLDSGT. 71 -89, EGSVEIEN 1;Eldre reguleringsplan (PBL 1985);30;Endelig vedtatt arealplan;3;29.07.1954;Plan- og bygningsloven av 1985 eller før;5;På grunnen/vannoverflaten;2;Med bestemmelser som egen tekst;1
51;Kvartal 38 - Tollbodgaten;Eldre reguleringsplan (PBL 1985);30;Utgått/erstattet;5;09.03.1954;Bygningsloven av 1924;2;På grunnen/vannoverflaten;2;;
52;Voie og Brøvig;Eldre reguleringsplan (PBL 1985);30;Endelig vedtatt arealplan;3;29.11.1954;Plan- og bygningsloven av 1985 eller før;5;På grunnen/vannoverflaten;2;Planbestemmelser både på kart og som egen tekst;4
53;Auglandsbukta - Storenes;Eldre reguleringsplan (PBL 1985);30;Endelig vedtatt arealplan;3;29.11.1954;Plan- og bygningsloven av 1985 eller før;5;På grunnen/vannoverflaten;2;Planbestemmelser både på kart og som egen tekst;4
54;BELLEVUE BEBYGGELSESPLAN FOR EI TOMT;Bebyggelsesplan iht. kommuneplanens arealdel (PBL 1985);33;Utgått/erstattet;5;17.11.1954;Plan- og bygningsloven av 1985 eller før;5;På grunnen/vannoverflaten;2;Uten bestemmelser;2
55;RAVNDALSVEIEN, REG. AV 2 HØYHUS;Eldre reguleringsplan (PBL 1985);30;Endelig vedtatt arealplan;3;20.05.1954;Plan- og bygningsloven av 1985 eller før;5;På grunnen/vannoverflaten;2;Med bestemmelser som egen tekst;1
56;Lekeplass på Dalane;Eldre reguleringsplan (PBL 1985);30;Utgått/erstattet;5;06.12.1954;Bygningsloven av 1924;2;På grunnen/vannoverflaten;2;;
57;DALANE, GLITTRE;Eldre reguleringsplan (PBL 1985);30;Endelig vedtatt arealplan;3;09.03.1954;Plan- og bygningsloven av 1985 eller før;5;;;Uten bestemmelser;2
58;Galgebergtangen;Eldre reguleringsplan (PBL 1985);30;Endelig vedtatt arealplan;3;29.10.1954;Plan- og bygningsloven av 1985 eller før;5;På grunnen/vannoverflaten;2;Planbestemmelser både på kart og som egen tekst;4
59;TEGLEVERKSVEIEN - FRAMNES, 3 TOMTER;Eldre reguleringsplan (PBL 1985);30;Utgått/erstattet;5;17.11.1954;Plan- og bygningsloven av 1985 eller før;5;På grunnen/vannoverflaten;2;Uten bestemmelser;2
60;EGSVEIEN;Eldre reguleringsplan (PBL 1985);30;Endelig vedtatt arealplan;3;11.10.1954;Plan- og bygningsloven av 1985 eller før;5;På grunnen/vannoverflaten;2;Uten bestemmelser;2
61;ØSTERVEIEN - LUND TORV, ENDR.REG.;Eldre reguleringsplan (PBL 1985);30;Utgått/erstattet;5;02.03.1954;Plan- og bygningsloven av 1985 eller før;5;På grunnen/vannoverflaten;2;Med bestemmelser som egen tekst;1
62;ST. OLAVSVEI SKOLETOMT;Eldre reguleringsplan (PBL 1985);30;Endelig vedtatt arealplan;3;15.08.1955;Plan- og bygningsloven av 1985 eller før;5;På grunnen/vannoverflaten;2;Uten bestemmelser;2
63;KONGENS VERFT (TANGEN);Eldre reguleringsplan (PBL 1985);30;Utgått/erstattet;5;15.06.1955;Bygningsloven av 1924;2;På grunnen/vannoverflaten;2;;
64;Kvartal 21;Eldre reguleringsplan (PBL 1985);30;Utgått/erstattet;5;31.10.1955;Bygningsloven av 1924;2;På grunnen/vannoverflaten;2;;
65;GARTNERLØKKA, SØNDRE DEL;Eldre reguleringsplan (PBL 1985);30;Utgått/erstattet;5;02.07.1955;Bygningsloven av 1924;2;På grunnen/vannoverflaten;2;;
66;MARVIKVEIEN 13 HYBELHUS;Eldre reguleringsplan (PBL 1985);30;Endelig vedtatt arealplan;3;08.03.1955;Plan- og bygningsloven av 1985 eller før;5;På grunnen/vannoverflaten;2;Uten bestemmelser;2
67;MØLLEVANNSHEIA II;Eldre reguleringsplan (PBL 1985);30;Endelig vedtatt arealplan;3;16.11.1956;Plan- og bygningsloven av 1985 eller før;5;På grunnen/vannoverflaten;2;Med bestemmelser som egen tekst;1
68;Kreglingheia;Eldre reguleringsplan (PBL 1985);30;Endelig vedtatt arealplan;3;07.04.1956;Plan- og bygningsloven av 1985 eller før;5;På grunnen/vannoverflaten;2;Planbestemmelser både på kart og som egen tekst;4
69;HANNEVIKA, VESTRE DEL;Eldre reguleringsplan (PBL 1985);30;Endelig vedtatt arealplan;3;13.02.1956;Plan- og bygningsloven av 1985 eller før;5;På grunnen/vannoverflaten;2;Med bestemmelser som egen tekst;1
70;TOBIENBORG;Eldre reguleringsplan (PBL 1985);30;Endelig vedtatt arealplan;3;14.09.1956;Plan- og bygningsloven av 1985 eller før;5;På grunnen/vannoverflaten;2;Med bestemmelser som egen tekst;1
71;Gamle Flekkerøyveg på strekningen idrettsplassen - Møllevannsheia;Eldre reguleringsplan (PBL 1985);30;Utgått/erstattet;5;11.07.1956;Bygningsloven av 1924;2;På grunnen/vannoverflaten;2;;
72;Romleåsens vestside;Eldre reguleringsplan (PBL 1985);30;Endelig vedtatt arealplan;3;01.03.1957;Plan- og bygningsloven av 1985 eller før;5;På grunnen/vannoverflaten;2;Planbestemmelser både på kart og som egen tekst;4
73;PARADISOMRÅDET;Eldre reguleringsplan (PBL 1985);30;Endelig vedtatt arealplan;3;26.02.1957;Plan- og bygningsloven av 1985 eller før;5;På grunnen/vannoverflaten;2;Med bestemmelser som egen tekst;1
74;Dronningens gate - Elvegata - Tollbodgata (Kvartal 63);Eldre reguleringsplan (PBL 1985);30;Endelig vedtatt arealplan;3;09.01.1957;Plan- og bygningsloven av 1985 eller før;5;På grunnen/vannoverflaten;2;Med bestemmelser som egen tekst;1
75;Kvartal 11 og 12;Eldre reguleringsplan (PBL 1985);30;Endelig vedtatt arealplan;3;04.06.1957;Plan- og bygningsloven av 1985 eller før;5;På grunnen/vannoverflaten;2;Planbestemmelser både på kart og som egen tekst;4
76;VOIELIA I;Eldre reguleringsplan (PBL 1985);30;Endelig vedtatt arealplan;3;23.04.1957;Plan- og bygningsloven av 1985 eller før;5;På grunnen/vannoverflaten;2;Med bestemmelser som egen tekst;1
77;AUGLAND TERRASSE, ØSTRE DEL;Eldre reguleringsplan (PBL 1985);30;Endelig vedtatt arealplan;3;25.04.1957;Plan- og bygningsloven av 1985 eller før;5;På grunnen/vannoverflaten;2;Med bestemmelser som egen tekst;1
78;Vågsbygdvegen - Lumbervegen - vegkryss;Eldre reguleringsplan (PBL 1985);30;Utgått/erstattet;5;29.03.1957;Bygningsloven av 1924;2;På grunnen/vannoverflaten;2;;
79;SULDALEN, REG. AV HØYHUS;Eldre reguleringsplan (PBL 1985);30;Endelig vedtatt arealplan;3;07.01.1957;Plan- og bygningsloven av 1985 eller før;5;På grunnen/vannoverflaten;2;Uten bestemmelser;2
7A;BANEHEIA;Bebyggelsesplan iht. reguleringsplan (PBL 1985);32;Utgått/erstattet;5;27.05.1952;Plan- og bygningsloven av 1985 eller før;5;På grunnen/vannoverflaten;2;Med bestemmelser som egen tekst;1
80;Kuholmen - Roligheten;Eldre reguleringsplan (PBL 1985);30;Utgått/erstattet;5;25.01.1957;Bygningsloven av 1924;2;På grunnen/vannoverflaten;2;;
81;Del av Slettheia  (grn. 14, brn. 1, Slettheia I);Eldre reguleringsplan (PBL 1985);30;Endelig vedtatt arealplan;3;27.02.1958;Plan- og bygningsloven av 1985 eller før;5;På grunnen/vannoverflaten;2;Planbestemmelser både på kart og som egen tekst;4
82;SKYLLINGSHEIA;Eldre reguleringsplan (PBL 1985);30;Endelig vedtatt arealplan;3;06.10.1958;Plan- og bygningsloven av 1985 eller før;5;På grunnen/vannoverflaten;2;Med bestemmelser som egen tekst;1
83;AUGLAND TERRASSE, VESTRE DEL;Eldre reguleringsplan (PBL 1985);30;Endelig vedtatt arealplan;3;12.04.1958;Plan- og bygningsloven av 1985 eller før;5;På grunnen/vannoverflaten;2;Med bestemmelser som egen tekst;1
84;VESTERVEIEN veireg.;Eldre reguleringsplan (PBL 1985);30;Utgått/erstattet;5;10.01.1958;Plan- og bygningsloven av 1985 eller før;5;På grunnen/vannoverflaten;2;Uten bestemmelser;2
85;SULDALESVEIEN, FJELLODDEN;Eldre reguleringsplan (PBL 1985);30;Endelig vedtatt arealplan;3;02.01.1958;Plan- og bygningsloven av 1985 eller før;5;På grunnen/vannoverflaten;2;Med bestemmelser som egen tekst;1
86;Gimleveien - endret regulering;Eldre reguleringsplan (PBL 1985);30;Utgått/erstattet;5;03.05.1958;Før bygningsloven av 1924;1;På grunnen/vannoverflaten;2;;
87;Nedre Lund;Eldre reguleringsplan (PBL 1985);30;Endelig vedtatt arealplan;3;17.10.1958;Plan- og bygningsloven av 1985 eller før;5;På grunnen/vannoverflaten;2;Planbestemmelser både på kart og som egen tekst;4
88;KOKLEHEIA I, DEL AV;Eldre reguleringsplan (PBL 1985);30;Endelig vedtatt arealplan;3;23.01.1958;Plan- og bygningsloven av 1985 eller før;5;På grunnen/vannoverflaten;2;Med bestemmelser som egen tekst;1
89;Gandalsmoen I;Eldre reguleringsplan (PBL 1985);30;Utgått/erstattet;5;28.05.1958;Bygningsloven av 1924;2;På grunnen/vannoverflaten;2;;
90;TEGLEVERKSVEIEN 8;Eldre reguleringsplan (PBL 1985);30;Utgått/erstattet;5;15.07.1958;Plan- og bygningsloven av 1985 eller før;5;På grunnen/vannoverflaten;2;Uten bestemmelser;2
91;TORRIDALSVEIEN;Eldre reguleringsplan (PBL 1985);30;Utgått/erstattet;5;09.05.1958;Plan- og bygningsloven av 1985 eller før;5;På grunnen/vannoverflaten;2;Uten bestemmelser;2
93;TANGENS YTRE;Eldre reguleringsplan (PBL 1985);30;Utgått/erstattet;5;05.02.1959;Bygningsloven av 1924;2;På grunnen/vannoverflaten;2;;
94;VESTRE STRANDGATE 42-44;Eldre reguleringsplan (PBL 1985);30;Utgått/erstattet;5;07.06.1959;Bygningsloven av 1924;2;På grunnen/vannoverflaten;2;;
95;TINNLIA;Eldre reguleringsplan (PBL 1985);30;Endelig vedtatt arealplan;3;01.06.1959;Plan- og bygningsloven av 1985 eller før;5;På grunnen/vannoverflaten;2;Med bestemmelser som egen tekst;1
96;Kolsdalsheia (Dueknipen vest);Eldre reguleringsplan (PBL 1985);30;Endelig vedtatt arealplan;3;25.06.1959;Plan- og bygningsloven av 1985 eller før;5;På grunnen/vannoverflaten;2;Planbestemmelser både på kart og som egen tekst;4
97;SØDAL TERRASSE;Eldre reguleringsplan (PBL 1985);30;Endelig vedtatt arealplan;3;06.03.1959;Plan- og bygningsloven av 1985 eller før;5;På grunnen/vannoverflaten;2;Med bestemmelser som egen tekst;1
98;KJEMPEGRAVANE;Eldre reguleringsplan (PBL 1985);30;Endelig vedtatt arealplan;3;08.06.1959;Plan- og bygningsloven av 1985 eller før;5;På grunnen/vannoverflaten;2;Med bestemmelser som egen tekst;1
99;Hamresanden, øst for riksvei;Eldre reguleringsplan (PBL 1985);30;Endelig vedtatt arealplan;3;25.06.1959;Plan- og bygningsloven av 1985 eller før;5;På grunnen/vannoverflaten;2;Uten bestemmelser;2
100;Fiskåtangen;Eldre reguleringsplan (PBL 1985);30;Endelig vedtatt arealplan;3;14.05.1960;Plan- og bygningsloven av 1985 eller før;5;På grunnen/vannoverflaten;2;Planbestemmelser både på kart og som egen tekst;4
101;Søm (endret reguleringsplan);Eldre reguleringsplan (PBL 1985);30;Endelig vedtatt arealplan;3;12.05.1960;Plan- og bygningsloven av 1985 eller før;5;På grunnen/vannoverflaten;2;Planbestemmelser både på kart og som egen tekst;4
102;Marinetomta;Eldre reguleringsplan (PBL 1985);30;Utgått/erstattet;5;14.03.1960;Bygningsloven av 1924;2;På grunnen/vannoverflaten;2;;
103;Kvartal 19;Eldre reguleringsplan (PBL 1985);30;Utgått/erstattet;5;24.06.1960;Bygningsloven av 1924;2;På grunnen/vannoverflaten;2;;
104;Tinnheia I;Eldre reguleringsplan (PBL 1985);30;Endelig vedtatt arealplan;3;22.09.1960;Plan- og bygningsloven av 1985 eller før;5;På grunnen/vannoverflaten;2;Planbestemmelser både på kart og som egen tekst;4
105;LØKKEVEIENS NORDSIDE;Eldre reguleringsplan (PBL 1985);30;Endelig vedtatt arealplan;3;03.02.1960;Plan- og bygningsloven av 1985 eller før;5;På grunnen/vannoverflaten;2;Uten bestemmelser;2
106;SETESDALSVEIEN GJENNOM DALANE;Eldre reguleringsplan (PBL 1985);30;Endelig vedtatt arealplan;3;24.10.1960;Plan- og bygningsloven av 1985 eller før;5;På grunnen/vannoverflaten;2;Uten bestemmelser;2
107;Kongsgård I;Eldre reguleringsplan (PBL 1985);30;Endelig vedtatt arealplan;3;10.11.1960;Plan- og bygningsloven av 1985 eller før;5;På grunnen/vannoverflaten;2;Planbestemmelser både på kart og som egen tekst;4
108;Torridalsveien 28, endret reguleringsplan;Eldre reguleringsplan (PBL 1985);30;Utgått/erstattet;5;24.06.1960;Bygningsloven av 1924;2;På grunnen/vannoverflaten;2;;
109;Rådhusgata 2-4;Eldre reguleringsplan (PBL 1985);30;Utgått/erstattet;5;22.04.1960;Bygningsloven av 1924;2;På grunnen/vannoverflaten;2;;
110;AGDER ALLE, fellesgarasjer;Eldre reguleringsplan (PBL 1985);30;Utgått/erstattet;5;13.12.1961;Plan- og bygningsloven av 1985 eller før;5;;;Uten bestemmelser;2
111;STRØMSDALEN;Eldre reguleringsplan (PBL 1985);30;Endelig vedtatt arealplan;3;20.03.1961;Plan- og bygningsloven av 1985 eller før;5;På grunnen/vannoverflaten;2;Med bestemmelser som egen tekst;1
112;Vestre Strømme - endret reguleringsplan;Eldre reguleringsplan (PBL 1985);30;Endelig vedtatt arealplan;3;13.12.1961;Plan- og bygningsloven av 1985 eller før;5;På grunnen/vannoverflaten;2;Planbestemmelser både på kart og som egen tekst;4
113;Kvartal 34;Eldre reguleringsplan (PBL 1985);30;Utgått/erstattet;5;05.03.1962;Bygningsloven av 1924;2;På grunnen/vannoverflaten;2;;
114;Kolsdalskaret (Tinnheia II A) ;Eldre reguleringsplan (PBL 1985);30;Endelig vedtatt arealplan;3;23.02.1962;Plan- og bygningsloven av 1985 eller før;5;På grunnen/vannoverflaten;2;Planbestemmelser både på kart og som egen tekst;4
115;Fjellro - Eigevann;Eldre reguleringsplan (PBL 1985);30;Endelig vedtatt arealplan;3;03.01.1962;Plan- og bygningsloven av 1985 eller før;5;På grunnen/vannoverflaten;2;Planbestemmelser både på kart og som egen tekst;4
116;FJELLRO PLATÅ (VEST FOR YTRE EIGEVANN);Eldre reguleringsplan (PBL 1985);30;Endelig vedtatt arealplan;3;21.05.1962;Plan- og bygningsloven av 1985 eller før;5;På grunnen/vannoverflaten;2;Med bestemmelser som egen tekst;1
117;FJELLRO, YTRE EIGEVANN;Eldre reguleringsplan (PBL 1985);30;Endelig vedtatt arealplan;3;20.12.1962;Plan- og bygningsloven av 1985 eller før;5;På grunnen/vannoverflaten;2;Med bestemmelser som egen tekst;1
118;Tinnheia II;Eldre reguleringsplan (PBL 1985);30;Endelig vedtatt arealplan;3;10.05.1962;Plan- og bygningsloven av 1985 eller før;5;På grunnen/vannoverflaten;2;Planbestemmelser både på kart og som egen tekst;4
119;Justlia;Eldre reguleringsplan (PBL 1985);30;Endelig vedtatt arealplan;3;09.08.1962;Plan- og bygningsloven av 1985 eller før;5;På grunnen/vannoverflaten;2;Planbestemmelser både på kart og som egen tekst;4
120;KONGSGÅRD II;Eldre reguleringsplan (PBL 1985);30;Endelig vedtatt arealplan;3;10.07.1963;Plan- og bygningsloven av 1985 eller før;5;På grunnen/vannoverflaten;2;Med bestemmelser som egen tekst;1
121;Vige;Eldre reguleringsplan (PBL 1985);30;Endelig vedtatt arealplan;3;07.03.1962;Plan- og bygningsloven av 1985 eller før;5;På grunnen/vannoverflaten;2;Planbestemmelser både på kart og som egen tekst;4
122;HESTEHEIA INDUSTRIOMRÅDE;Eldre reguleringsplan (PBL 1985);30;Utgått/erstattet;5;17.02.1962;Plan- og bygningsloven av 1985 eller før;5;På grunnen/vannoverflaten;2;Med bestemmelser som egen tekst;1
123;Innfartsåre fra øst med ny bro over Otra;Eldre reguleringsplan (PBL 1985);30;Utgått/erstattet;5;01.08.1962;Bygningsloven av 1924;2;På grunnen/vannoverflaten;2;;
124;Kokleheia I;Eldre reguleringsplan (PBL 1985);30;Endelig vedtatt arealplan;3;24.08.1962;Plan- og bygningsloven av 1985 eller før;5;På grunnen/vannoverflaten;2;Planbestemmelser både på kart og som egen tekst;4
125;LEDNINGEDALEN INDUSTRIOMRÅDE;Eldre reguleringsplan (PBL 1985);30;Endelig vedtatt arealplan;3;28.04.1962;Plan- og bygningsloven av 1985 eller før;5;På grunnen/vannoverflaten;2;Med bestemmelser som egen tekst;1
126;Parkveien - Østerveien - regulering av krysset;Eldre reguleringsplan (PBL 1985);30;Utgått/erstattet;5;15.02.1962;Bygningsloven av 1924;2;På grunnen/vannoverflaten;2;;
127;KROSSEVEIEN 22;Eldre reguleringsplan (PBL 1985);30;Endelig vedtatt arealplan;3;08.03.1963;Plan- og bygningsloven av 1985 eller før;5;På grunnen/vannoverflaten;2;Uten bestemmelser;2
128;KONGSGÅRD III;Eldre reguleringsplan (PBL 1985);30;Endelig vedtatt arealplan;3;05.08.1963;Plan- og bygningsloven av 1985 eller før;5;På grunnen/vannoverflaten;2;Med bestemmelser som egen tekst;1
130;Fjellgatens øvre del til offentlig formål (Brannstasjon);Eldre reguleringsplan (PBL 1985);30;Utgått/erstattet;5;17.06.1963;Bygningsloven av 1924;2;På grunnen/vannoverflaten;2;;
131;Voiebyen I;Eldre reguleringsplan (PBL 1985);30;Endelig vedtatt arealplan;3;19.06.1963;Plan- og bygningsloven av 1985 eller før;5;På grunnen/vannoverflaten;2;Planbestemmelser både på kart og som egen tekst;4
132;Voiebyen II;Eldre reguleringsplan (PBL 1985);30;Endelig vedtatt arealplan;3;17.12.1963;Plan- og bygningsloven av 1985 eller før;5;På grunnen/vannoverflaten;2;Planbestemmelser både på kart og som egen tekst;4
133;Brøvigheia, Mellomveien;Eldre reguleringsplan (PBL 1985);30;Endelig vedtatt arealplan;3;23.02.1963;Plan- og bygningsloven av 1985 eller før;5;På grunnen/vannoverflaten;2;Planbestemmelser både på kart og som egen tekst;4
134;GANGDALSMOEN II;Eldre reguleringsplan (PBL 1985);30;Endelig vedtatt arealplan;3;15.07.1963;Plan- og bygningsloven av 1985 eller før;5;På grunnen/vannoverflaten;2;Med bestemmelser som egen tekst;1
135;GIMLE GÅRD REG. TIL OF. FORMÅL;Eldre reguleringsplan (PBL 1985);30;Utgått/erstattet;5;06.09.1963;Plan- og bygningsloven av 1985 eller før;5;På grunnen/vannoverflaten;2;Uten bestemmelser;2
136;Kongsgård alle utv.ø.ringvei til bygrense;Eldre reguleringsplan (PBL 1985);30;Endelig vedtatt arealplan;3;10.06.1963;Plan- og bygningsloven av 1985 eller før;5;På grunnen/vannoverflaten;2;Uten bestemmelser;2
137;Kvartal 25 - Børskvartalet;Eldre reguleringsplan (PBL 1985);30;Utgått/erstattet;5;24.02.2004;Bygningsloven av 1924;2;På grunnen/vannoverflaten;2;;
138;Vestre Strandgt. 19a, b, 21 OG 23.;Eldre reguleringsplan (PBL 1985);30;Endelig vedtatt arealplan;3;02.06.1964;Plan- og bygningsloven av 1985 eller før;5;På grunnen/vannoverflaten;2;Planbestemmelser både på kart og som egen tekst;4
139;Gnr. 12, Bnr. 1 (Rådyrveien);Eldre reguleringsplan (PBL 1985);30;Endelig vedtatt arealplan;3;01.09.1964;Plan- og bygningsloven av 1985 eller før;5;På grunnen/vannoverflaten;2;Planbestemmelser både på kart og som egen tekst;4
140;Vågsbygd sentrum;Eldre reguleringsplan (PBL 1985);30;Endelig vedtatt arealplan;3;05.06.1964;Plan- og bygningsloven av 1985 eller før;5;På grunnen/vannoverflaten;2;Planbestemmelser både på kart og som egen tekst;4
141;Møllevannsveien - mellom Møllevannsveien 22 og Helgolandsgate 1;Eldre reguleringsplan (PBL 1985);30;Utgått/erstattet;5;08.05.1964;Bygningsloven av 1924;2;På grunnen/vannoverflaten;2;;
142;GRIMSMYRA. NORDRE DEL;Eldre reguleringsplan (PBL 1985);30;Endelig vedtatt arealplan;3;30.01.1964;Plan- og bygningsloven av 1985 eller før;5;På grunnen/vannoverflaten;2;Med bestemmelser som egen tekst;1
143;GIMLEKOLLEN II;Eldre reguleringsplan (PBL 1985);30;Endelig vedtatt arealplan;3;10.03.1964;Plan- og bygningsloven av 1985 eller før;5;På grunnen/vannoverflaten;2;Med bestemmelser som egen tekst;1
144;ØSTERVEIEN/MARVIKV./V/LUND TORV ENDR. REGULERING;Eldre reguleringsplan (PBL 1985);30;Utgått/erstattet;5;22.02.1964;Plan- og bygningsloven av 1985 eller før;5;På grunnen/vannoverflaten;2;Uten bestemmelser;2
145;Elvebredden på Lundsiden mellom bybroen og fremtidig øvre bro over Otra;Eldre reguleringsplan (PBL 1985);30;Utgått/erstattet;5;26.03.1964;Bygningsloven av 1924;2;På grunnen/vannoverflaten;2;;
146;GNR. 38, BNR. 7 OMREG.;Eldre reguleringsplan (PBL 1985);30;Utgått/erstattet;5;17.03.1964;Plan- og bygningsloven av 1985 eller før;5;På grunnen/vannoverflaten;2;Uten bestemmelser;2
147;"Kvartal 27- ""Vindmøllekvartalet""";Eldre reguleringsplan (PBL 1985);30;Endelig vedtatt arealplan;3;10.04.1965;Plan- og bygningsloven av 1985 eller før;5;På grunnen/vannoverflaten;2;Planbestemmelser både på kart og som egen tekst;4
148;MARKENSGT. 9;Eldre reguleringsplan (PBL 1985);30;Utgått/erstattet;5;01.06.1965;Plan- og bygningsloven av 1985 eller før;5;På grunnen/vannoverflaten;2;Uten bestemmelser;2
149;Slettheia, del av (Gnr. 14, Bnr. 1);Eldre reguleringsplan (PBL 1985);30;Endelig vedtatt arealplan;3;30.06.1965;Plan- og bygningsloven av 1985 eller før;5;På grunnen/vannoverflaten;2;Planbestemmelser både på kart og som egen tekst;4
150;Tinnheia II - sone C, D og F;Eldre reguleringsplan (PBL 1985);30;Endelig vedtatt arealplan;3;05.01.1965;Plan- og bygningsloven av 1985 eller før;5;På grunnen/vannoverflaten;2;Planbestemmelser både på kart og som egen tekst;4
151;Tinnheia II - sone G;Eldre reguleringsplan (PBL 1985);30;Endelig vedtatt arealplan;3;26.05.1965;Plan- og bygningsloven av 1985 eller før;5;På grunnen/vannoverflaten;2;Planbestemmelser både på kart og som egen tekst;4
152;Tinnheia - område J, K og L;Eldre reguleringsplan (PBL 1985);30;Endelig vedtatt arealplan;3;26.05.1965;Plan- og bygningsloven av 1985 eller før;5;På grunnen/vannoverflaten;2;Planbestemmelser både på kart og som egen tekst;4
153;Tinnheia II - område E;Eldre reguleringsplan (PBL 1985);30;Endelig vedtatt arealplan;3;26.05.1965;Plan- og bygningsloven av 1985 eller før;5;På grunnen/vannoverflaten;2;Planbestemmelser både på kart og som egen tekst;4
154;Hellemyrområdet - Fjellro;Eldre reguleringsplan (PBL 1985);30;Endelig vedtatt arealplan;3;11.08.1971;Plan- og bygningsloven av 1985 eller før;5;På grunnen/vannoverflaten;2;Planbestemmelser både på kart og som egen tekst;4
155;Gnr. 37, Bnr. 2. Bleget (Holtes område);Eldre reguleringsplan (PBL 1985);30;Endelig vedtatt arealplan;3;26.02.1965;Plan- og bygningsloven av 1985 eller før;5;På grunnen/vannoverflaten;2;Planbestemmelser både på kart og som egen tekst;4
156;GIMLEKOLLEN I;Eldre reguleringsplan (PBL 1985);30;Endelig vedtatt arealplan;3;29.06.1965;Plan- og bygningsloven av 1985 eller før;5;På grunnen/vannoverflaten;2;Med bestemmelser som egen tekst;1
157;Kongsgårdbukten - industri og havneområde;Eldre reguleringsplan (PBL 1985);30;Utgått/erstattet;5;08.01.1965;Bygningsloven av 1924;2;På grunnen/vannoverflaten;2;;
158;Moneheia, øvre del;Eldre reguleringsplan (PBL 1985);30;Endelig vedtatt arealplan;3;28.05.1965;Plan- og bygningsloven av 1985 eller før;5;På grunnen/vannoverflaten;2;Planbestemmelser både på kart og som egen tekst;4
159;STATSARKIVET, SOLVANG TOMT;Eldre reguleringsplan (PBL 1985);30;Endelig vedtatt arealplan;3;22.06.1965;Plan- og bygningsloven av 1985 eller før;5;På grunnen/vannoverflaten;2;Uten bestemmelser;2
160;Kjempegravene, endr. reg.;Eldre reguleringsplan (PBL 1985);30;Endelig vedtatt arealplan;3;26.03.1965;Plan- og bygningsloven av 1985 eller før;5;På grunnen/vannoverflaten;2;Uten bestemmelser;2
161;VOIEBYEN III;Eldre reguleringsplan (PBL 1985);30;Endelig vedtatt arealplan;3;12.03.1966;Plan- og bygningsloven av 1985 eller før;5;På grunnen/vannoverflaten;2;Med bestemmelser som egen tekst;1
162;Slettheia II;Eldre reguleringsplan (PBL 1985);30;Endelig vedtatt arealplan;3;03.12.1966;Plan- og bygningsloven av 1985 eller før;5;På grunnen/vannoverflaten;2;Planbestemmelser både på kart og som egen tekst;4
163;Kongsgårdbukta - utvidelse av industriområde på sydsiden av Ringknuten;Eldre reguleringsplan (PBL 1985);30;Utgått/erstattet;5;25.01.1966;Bygningsloven av 1965;3;På grunnen/vannoverflaten;2;;
164;Oddernes kirkegård, utvidelse;Eldre reguleringsplan (PBL 1985);30;Endelig vedtatt arealplan;3;10.03.1966;Plan- og bygningsloven av 1985 eller før;5;På grunnen/vannoverflaten;2;Uten bestemmelser;2
165;Fjellly - gnr.61, bnr.32;Eldre reguleringsplan (PBL 1985);30;Endelig vedtatt arealplan;3;12.03.1966;Plan- og bygningsloven av 1985 eller før;5;På grunnen/vannoverflaten;2;Planbestemmelser både på kart og som egen tekst;4
166;Torsvikheia - gnr. 59, bnr. 27 ;Eldre reguleringsplan (PBL 1985);30;Endelig vedtatt arealplan;3;10.09.1966;Bygningsloven av 1965;3;På grunnen/vannoverflaten;2;Med bestemmelser som egen tekst;1
167;SLETTHEIA IV;Eldre reguleringsplan (PBL 1985);30;Endelig vedtatt arealplan;3;17.03.1967;Plan- og bygningsloven av 1985 eller før;5;På grunnen/vannoverflaten;2;Med bestemmelser som egen tekst;1
168;Hannevikdalen;Eldre reguleringsplan (PBL 1985);30;Endelig vedtatt arealplan;3;16.02.1967;Plan- og bygningsloven av 1985 eller før;5;På grunnen/vannoverflaten;2;Planbestemmelser både på kart og som egen tekst;4
169;JUSTVIK TERRASSE;Eldre reguleringsplan (PBL 1985);30;Endelig vedtatt arealplan;3;29.07.1967;Plan- og bygningsloven av 1985 eller før;5;På grunnen/vannoverflaten;2;Med bestemmelser som egen tekst;1
170;GNR.58,BNR.3,4,5 ROSENVOLD;Eldre reguleringsplan (PBL 1985);30;Endelig vedtatt arealplan;3;18.04.1967;Plan- og bygningsloven av 1985 eller før;5;På grunnen/vannoverflaten;2;Med bestemmelser som egen tekst;1
171;Gnr. 13, bnr. 13 (11) OG 31, Blåbærtjønn;Eldre reguleringsplan (PBL 1985);30;Endelig vedtatt arealplan;3;04.04.1967;Plan- og bygningsloven av 1985 eller før;5;På grunnen/vannoverflaten;2;Planbestemmelser både på kart og som egen tekst;4
172;Setesdalsveien,  Krossen - Chr.sands bryggeri;Eldre reguleringsplan (PBL 1985);30;Endelig vedtatt arealplan;3;28.04.1967;Plan- og bygningsloven av 1985 eller før;5;På grunnen/vannoverflaten;2;Uten bestemmelser;2
173;Øvre Søm - gnr.58, bnr.1,2, endret regulering;Eldre reguleringsplan (PBL 1985);30;Endelig vedtatt arealplan;3;23.06.1967;Plan- og bygningsloven av 1985 eller før;5;På grunnen/vannoverflaten;2;Planbestemmelser både på kart og som egen tekst;4
174;ØSTRE STRANDGT. 3;Eldre reguleringsplan (PBL 1985);30;Utgått/erstattet;5;29.07.1967;Plan- og bygningsloven av 1985 eller før;5;På grunnen/vannoverflaten;2;Uten bestemmelser;2
175;FALCONBRIDGE INDUSTRIOMRÅDE;Eldre reguleringsplan (PBL 1985);30;Endelig vedtatt arealplan;3;29.07.1967;Plan- og bygningsloven av 1985 eller før;5;På grunnen/vannoverflaten;2;Med bestemmelser som egen tekst;1
176;Kjos industriområde;Eldre reguleringsplan (PBL 1985);30;Endelig vedtatt arealplan;3;29.07.1967;Plan- og bygningsloven av 1985 eller før;5;På grunnen/vannoverflaten;2;Planbestemmelser både på kart og som egen tekst;4
177;Dalaneveien ved Jerstøperiet og Oddernes Cementstøperi;Eldre reguleringsplan (PBL 1985);30;Utgått/erstattet;5;08.08.1967;Bygningsloven av 1965;3;På grunnen/vannoverflaten;2;;
178;Tinnheia - område H og M;Eldre reguleringsplan (PBL 1985);30;Endelig vedtatt arealplan;3;20.10.1967;Plan- og bygningsloven av 1985 eller før;5;På grunnen/vannoverflaten;2;Planbestemmelser både på kart og som egen tekst;4
179;GRIM IDRETTSPLASS;Eldre reguleringsplan (PBL 1985);30;Endelig vedtatt arealplan;3;09.02.1967;Plan- og bygningsloven av 1985 eller før;5;På grunnen/vannoverflaten;2;Uten bestemmelser;2
180;OTRA SYD FOR VINDMØLLEGANGEN;Eldre reguleringsplan (PBL 1985);30;Endelig vedtatt arealplan;3;08.08.1967;Plan- og bygningsloven av 1985 eller før;5;På grunnen/vannoverflaten;2;Med bestemmelser som egen tekst;1
181;Setesdalsveien 17 og J. Moesgt. 2A;Eldre reguleringsplan (PBL 1985);30;Endelig vedtatt arealplan;3;28.04.1967;Plan- og bygningsloven av 1985 eller før;5;På grunnen/vannoverflaten;2;Uten bestemmelser;2
182;Vågsbygd sentrum til Auglandsbukta;Eldre reguleringsplan (PBL 1985);30;Opphevet;4;16.11.1966;Bygningsloven av 1965;3;På grunnen/vannoverflaten;2;Uten bestemmelser;2
183;GNR. 14, BNR. 1 (DEL AV FISKÅ);Eldre reguleringsplan (PBL 1985);30;Endelig vedtatt arealplan;3;05.06.1967;Plan- og bygningsloven av 1985 eller før;5;På grunnen/vannoverflaten;2;Med bestemmelser som egen tekst;1
184;Gnr.112,Bnr.82,101 (Høgmo industri);Eldre reguleringsplan (PBL 1985);30;Endelig vedtatt arealplan;3;12.07.1967;Plan- og bygningsloven av 1985 eller før;5;På grunnen/vannoverflaten;2;Planbestemmelser både på kart og som egen tekst;4
185;Øvre Mosby. reg. av veier;Eldre reguleringsplan (PBL 1985);30;Endelig vedtatt arealplan;3;12.12.1968;Plan- og bygningsloven av 1985 eller før;5;På grunnen/vannoverflaten;2;Uten bestemmelser;2
186;VOIEBYEN I;Eldre reguleringsplan (PBL 1985);30;Endelig vedtatt arealplan;3;14.02.1968;Plan- og bygningsloven av 1985 eller før;5;På grunnen/vannoverflaten;2;Med bestemmelser som egen tekst;1
187;GNR.61,BNR.15,GNR.59,BNR.3,ENDRET REGULERING;Eldre reguleringsplan (PBL 1985);30;Endelig vedtatt arealplan;3;09.09.1968;Plan- og bygningsloven av 1985 eller før;5;På grunnen/vannoverflaten;2;Med bestemmelser som egen tekst;1
188;Kvartal 11 - endret regulering;Eldre reguleringsplan (PBL 1985);30;Utgått/erstattet;5;09.04.1968;Plan- og bygningsloven av 1985 eller før;5;På grunnen/vannoverflaten;2;Med bestemmelser som egen tekst;1
189;NARVIKA BÅTHAVN;Eldre reguleringsplan (PBL 1985);30;Endelig vedtatt arealplan;3;30.04.1968;Plan- og bygningsloven av 1985 eller før;5;På grunnen/vannoverflaten;2;Uten bestemmelser;2
190;VOIEBYEN I, DEL 3;Eldre reguleringsplan (PBL 1985);30;Endelig vedtatt arealplan;3;09.09.1968;Plan- og bygningsloven av 1985 eller før;5;På grunnen/vannoverflaten;2;Med bestemmelser som egen tekst;1
191;SLETTHEIA V;Eldre reguleringsplan (PBL 1985);30;Endelig vedtatt arealplan;3;19.10.1968;Plan- og bygningsloven av 1985 eller før;5;På grunnen/vannoverflaten;2;Med bestemmelser som egen tekst;1
192;Kvartal 26;Eldre reguleringsplan (PBL 1985);30;Utgått/erstattet;5;29.04.1968;Bygningsloven av 1965;3;På grunnen/vannoverflaten;2;Med bestemmelser som egen tekst;1
193;Justlia-Justvik skole;Eldre reguleringsplan (PBL 1985);30;Endelig vedtatt arealplan;3;23.01.1969;Plan- og bygningsloven av 1985 eller før;5;På grunnen/vannoverflaten;2;Uten bestemmelser;2
194;GNR. 29, HAUS;Eldre reguleringsplan (PBL 1985);30;Endelig vedtatt arealplan;3;13.02.1969;Plan- og bygningsloven av 1985 eller før;5;På grunnen/vannoverflaten;2;Med bestemmelser som egen tekst;1
195;Gimlekollen IV;Eldre reguleringsplan (PBL 1985);30;Endelig vedtatt arealplan;3;16.01.1969;Plan- og bygningsloven av 1985 eller før;5;På grunnen/vannoverflaten;2;Planbestemmelser både på kart og som egen tekst;4
196;Gimlekollen III. endr. regulering;Eldre reguleringsplan (PBL 1985);30;Endelig vedtatt arealplan;3;16.01.1969;Plan- og bygningsloven av 1985 eller før;5;På grunnen/vannoverflaten;2;Planbestemmelser både på kart og som egen tekst;4
197;Vardåslia - deler av gnr/bnr 58/1;Eldre reguleringsplan (PBL 1985);30;Endelig vedtatt arealplan;3;13.02.1969;Plan- og bygningsloven av 1985 eller før;5;På grunnen/vannoverflaten;2;Med bestemmelser som egen tekst;1
198;GNR.91,BNR.3 KRINGSJÅ SKOLE;Eldre reguleringsplan (PBL 1985);30;Utgått/erstattet;5;04.02.1969;Plan- og bygningsloven av 1985 eller før;5;På grunnen/vannoverflaten;2;Uten bestemmelser;2
199;Jærnesskogen;Eldre reguleringsplan (PBL 1985);30;Endelig vedtatt arealplan;3;18.02.1969;Bygningsloven av 1965;3;På grunnen/vannoverflaten;2;Planbestemmelser både på kart og som egen tekst;4
200;GNR.61,BNR.13,15,GNR.59,BNR.3;Eldre reguleringsplan (PBL 1985);30;Endelig vedtatt arealplan;3;24.02.1969;Plan- og bygningsloven av 1985 eller før;5;På grunnen/vannoverflaten;2;Med bestemmelser som egen tekst;1
201;EGSVEIEN, TILKNYTNING TIL MOTORVEI VED OTRA;Eldre reguleringsplan (PBL 1985);30;Utgått/erstattet;5;11.04.1969;Plan- og bygningsloven av 1985 eller før;5;På grunnen/vannoverflaten;2;Uten bestemmelser;2
202;Vågsbygd sentrum II;Eldre reguleringsplan (PBL 1985);30;Utgått/erstattet;5;09.05.1969;Bygningsloven av 1965;3;På grunnen/vannoverflaten;2;;
203;GALGEBERGTANGEN, ENDR. REG.;Eldre reguleringsplan (PBL 1985);30;Utgått/erstattet;5;28.07.1969;Plan- og bygningsloven av 1985 eller før;5;På grunnen/vannoverflaten;2;Uten bestemmelser;2
204;HANNEVIK - RIGETJØNN, IND.OMR.;Eldre reguleringsplan (PBL 1985);30;Endelig vedtatt arealplan;3;26.07.1969;Plan- og bygningsloven av 1985 eller før;5;På grunnen/vannoverflaten;2;Med bestemmelser som egen tekst;1
205;JUSTVIK TERRASSE, ENDR. REG.;Eldre reguleringsplan (PBL 1985);30;Endelig vedtatt arealplan;3;04.06.1969;Plan- og bygningsloven av 1985 eller før;5;På grunnen/vannoverflaten;2;Med bestemmelser som egen tekst;1
206;KONGENSGT. 75 - 77;Eldre reguleringsplan (PBL 1985);30;Utgått/erstattet;5;01.09.1969;Plan- og bygningsloven av 1985 eller før;5;På grunnen/vannoverflaten;2;Med bestemmelser som egen tekst;1
207;NEDRE KONGSGÅRD;Eldre reguleringsplan (PBL 1985);30;Utgått/erstattet;5;29.10.1969;Plan- og bygningsloven av 1985 eller før;5;På grunnen/vannoverflaten;2;Med bestemmelser som egen tekst;1
208;HAMRESANDEN GNR.98;Eldre reguleringsplan (PBL 1985);30;Utgått/erstattet;5;10.11.1969;Plan- og bygningsloven av 1985 eller før;5;På grunnen/vannoverflaten;2;Med bestemmelser som egen tekst;1
209;MARKENSGT. 9;Eldre reguleringsplan (PBL 1985);30;Utgått/erstattet;5;23.05.1969;Plan- og bygningsloven av 1985 eller før;5;På grunnen/vannoverflaten;2;Uten bestemmelser;2
210;ØSTRE STRANDGATE 70 - 72;Eldre reguleringsplan (PBL 1985);30;Utgått/erstattet;5;18.06.1965;Bygningsloven av 1965;3;På grunnen/vannoverflaten;2;;
211;SLETTHEIA VI;Eldre reguleringsplan (PBL 1985);30;Endelig vedtatt arealplan;3;10.12.1969;Plan- og bygningsloven av 1985 eller før;5;På grunnen/vannoverflaten;2;Med bestemmelser som egen tekst;1
212;Voiebyen III - nordre del;Eldre reguleringsplan (PBL 1985);30;Endelig vedtatt arealplan;3;24.01.1970;Plan- og bygningsloven av 1985 eller før;5;På grunnen/vannoverflaten;2;Med bestemmelser som egen tekst;1
214;JUSTLIA GNR. 116, BNR. 1;Eldre reguleringsplan (PBL 1985);30;Endelig vedtatt arealplan;3;13.05.1970;Plan- og bygningsloven av 1985 eller før;5;På grunnen/vannoverflaten;2;Med bestemmelser som egen tekst;1
215;YTRE TANGENS FORLENGELSE;Eldre reguleringsplan (PBL 1985);30;Utgått/erstattet;5;15.06.1970;Bygningsloven av 1965;3;På grunnen/vannoverflaten;2;;
216;Dalbo gård, del av samt Fidjebekken 8,10 og 12 til trafikkområde;Eldre reguleringsplan (PBL 1985);30;Utgått/erstattet;5;29.07.1970;Bygningsloven av 1965;3;På grunnen/vannoverflaten;2;;
217;Oddernesveien, del av med omr.;Eldre reguleringsplan (PBL 1985);30;Endelig vedtatt arealplan;3;10.08.1970;Plan- og bygningsloven av 1985 eller før;5;På grunnen/vannoverflaten;2;Uten bestemmelser;2
218;TORDENSKJOLDSGT. - sentralsykehuset;Eldre reguleringsplan (PBL 1985);30;Utgått/erstattet;5;13.05.1970;Bygningsloven av 1965;3;På grunnen/vannoverflaten;2;;
219;FERGEFJELLET, FRIOMRÅDE;Eldre reguleringsplan (PBL 1985);30;Endelig vedtatt arealplan;3;05.10.1970;Plan- og bygningsloven av 1985 eller før;5;På grunnen/vannoverflaten;2;Uten bestemmelser;2
220;Kvartal 14;Eldre reguleringsplan (PBL 1985);30;Utgått/erstattet;5;22.10.1970;Plan- og bygningsloven av 1985 eller før;5;På grunnen/vannoverflaten;2;Med bestemmelser som egen tekst;1
221;GNR. 45, BNR. 2;Eldre reguleringsplan (PBL 1985);30;Endelig vedtatt arealplan;3;11.09.1970;Plan- og bygningsloven av 1985 eller før;5;På grunnen/vannoverflaten;2;Med bestemmelser som egen tekst;1
222;Tinnheia II - område H - endret reguleringsplan;Eldre reguleringsplan (PBL 1985);30;Endelig vedtatt arealplan;3;28.09.1970;Plan- og bygningsloven av 1985 eller før;5;På grunnen/vannoverflaten;2;Planbestemmelser både på kart og som egen tekst;4
223;Høyfjellet, Flekkerøy;Eldre reguleringsplan (PBL 1985);30;Endelig vedtatt arealplan;3;11.01.1971;Plan- og bygningsloven av 1985 eller før;5;På grunnen/vannoverflaten;2;Planbestemmelser både på kart og som egen tekst;4
224;Egsjordet;Eldre reguleringsplan (PBL 1985);30;Utgått/erstattet;5;08.01.1971;Bygningsloven av 1965;3;På grunnen/vannoverflaten;2;;
225;GIMLEKOLLEN 2 OG 4;Eldre reguleringsplan (PBL 1985);30;Endelig vedtatt arealplan;3;26.04.1971;Plan- og bygningsloven av 1985 eller før;5;På grunnen/vannoverflaten;2;Uten bestemmelser;2
226;DEL AV HAMRESANDEN;Eldre reguleringsplan (PBL 1985);30;Utgått/erstattet;5;11.02.1971;Plan- og bygningsloven av 1985 eller før;5;På grunnen/vannoverflaten;2;Med bestemmelser som egen tekst;1
227;KLIPPERVEIEN 5 OG 7;Eldre reguleringsplan (PBL 1985);30;Endelig vedtatt arealplan;3;26.04.1971;Plan- og bygningsloven av 1985 eller før;5;På grunnen/vannoverflaten;2;Med bestemmelser som egen tekst;1
228;KONGENSGT. 2 OG 2A. ENDR. REG.;Eldre reguleringsplan (PBL 1985);30;Utgått/erstattet;5;02.09.1971;Plan- og bygningsloven av 1985 eller før;5;På grunnen/vannoverflaten;2;Uten bestemmelser;2
229;Brøvik gård - LHL;Bebyggelsesplan iht. kommuneplanens arealdel (PBL 1985);33;Endelig vedtatt arealplan;3;21.02.1994;Plan- og bygningsloven av 1985 eller før;5;På grunnen/vannoverflaten;2;Planbestemmelser både på kart og som egen tekst;4
230;Kvartal 18, 24, 30;Eldre reguleringsplan (PBL 1985);30;Utgått/erstattet;5;09.03.1971;Bygningsloven av 1965;3;På grunnen/vannoverflaten;2;;
231;Marviksveien 12 og Steinkleiva17;Eldre reguleringsplan (PBL 1985);30;Utgått/erstattet;5;15.01.1971;Bygningsloven av 1965;3;På grunnen/vannoverflaten;2;;
232;NYE TEGLEVERKSVEI 42, ENDR. REG.;Eldre reguleringsplan (PBL 1985);30;Utgått/erstattet;5;27.09.1971;Plan- og bygningsloven av 1985 eller før;5;På grunnen/vannoverflaten;2;Uten bestemmelser;2
233;ODDEMARKA, TRAFIKKOMRÅDE;Eldre reguleringsplan (PBL 1985);30;Endelig vedtatt arealplan;3;15.07.1971;Plan- og bygningsloven av 1985 eller før;5;På grunnen/vannoverflaten;2;Uten bestemmelser;2
234;VE SKOLE;Eldre reguleringsplan (PBL 1985);30;Endelig vedtatt arealplan;3;18.08.1971;Plan- og bygningsloven av 1985 eller før;5;På grunnen/vannoverflaten;2;Uten bestemmelser;2
235;GNR.58 SØM;Eldre reguleringsplan (PBL 1985);30;Endelig vedtatt arealplan;3;03.06.1971;Plan- og bygningsloven av 1985 eller før;5;På grunnen/vannoverflaten;2;Med bestemmelser som egen tekst;1
236;Skålevik Stegehei;Eldre reguleringsplan (PBL 1985);30;Endelig vedtatt arealplan;3;23.03.1972;Plan- og bygningsloven av 1985 eller før;5;På grunnen/vannoverflaten;2;Planbestemmelser både på kart og som egen tekst;4
237;FLEKKERØY KIRKEGÅRD;Eldre reguleringsplan (PBL 1985);30;Endelig vedtatt arealplan;3;03.07.1972;Plan- og bygningsloven av 1985 eller før;5;På grunnen/vannoverflaten;2;Uten bestemmelser;2
238;HAMRESANDEN, OML.AV RV.39;Eldre reguleringsplan (PBL 1985);30;Endelig vedtatt arealplan;3;17.11.1972;Plan- og bygningsloven av 1985 eller før;5;På grunnen/vannoverflaten;2;Uten bestemmelser;2
239;KONGSGÅRDOMRÅDET, SMÅHAGENE;Eldre reguleringsplan (PBL 1985);30;Utgått/erstattet;5;22.06.1972;Plan- og bygningsloven av 1985 eller før;5;På grunnen/vannoverflaten;2;Uten bestemmelser;2
240;KVALE-SOLSLETTA-BUESTAD;Eldre reguleringsplan (PBL 1985);30;Endelig vedtatt arealplan;3;07.06.1972;Plan- og bygningsloven av 1985 eller før;5;På grunnen/vannoverflaten;2;Uten bestemmelser;2
241;Kvartal 5 og 6;Eldre reguleringsplan (PBL 1985);30;Utgått/erstattet;5;16.11.1972;Bygningsloven av 1965;3;På grunnen/vannoverflaten;2;;
242;Tømmerstø;Eldre reguleringsplan (PBL 1985);30;Endelig vedtatt arealplan;3;09.03.1972;Plan- og bygningsloven av 1985 eller før;5;På grunnen/vannoverflaten;2;Planbestemmelser både på kart og som egen tekst;4
243;Åstoppen, del av Gnr. 12, Bnr. 17, 82.;Eldre reguleringsplan (PBL 1985);30;Endelig vedtatt arealplan;3;27.06.1972;Plan- og bygningsloven av 1985 eller før;5;På grunnen/vannoverflaten;2;Planbestemmelser både på kart og som egen tekst;4
244;GNR. 12, BNR. 1 OG 3. RYPELIA, HEGGLIA;Eldre reguleringsplan (PBL 1985);30;Endelig vedtatt arealplan;3;23.03.1972;Plan- og bygningsloven av 1985 eller før;5;På grunnen/vannoverflaten;2;Med bestemmelser som egen tekst;1
245;Gnr. 45, Bnr. 2. endret regulering;Eldre reguleringsplan (PBL 1985);30;Endelig vedtatt arealplan;3;28.11.1973;Plan- og bygningsloven av 1985 eller før;5;På grunnen/vannoverflaten;2;Planbestemmelser både på kart og som egen tekst;4
246;Åsane -  gnr. 13, bnr. 1 og 9;Eldre reguleringsplan (PBL 1985);30;Endelig vedtatt arealplan;3;12.06.1973;Plan- og bygningsloven av 1985 eller før;5;På grunnen/vannoverflaten;2;Planbestemmelser både på kart og som egen tekst;4
247;Vågsbygd senter I, (Idrettshall);Eldre reguleringsplan (PBL 1985);30;Endelig vedtatt arealplan;3;17.07.1973;Plan- og bygningsloven av 1985 eller før;5;På grunnen/vannoverflaten;2;Uten bestemmelser;2
248;Sømsveien, del av;Eldre reguleringsplan (PBL 1985);30;Endelig vedtatt arealplan;3;02.03.1973;Plan- og bygningsloven av 1985 eller før;5;På grunnen/vannoverflaten;2;Uten bestemmelser;2
249;SOLBERGVEIEN, EGSOMR. SYKEPLEIESKOLE;Eldre reguleringsplan (PBL 1985);30;Utgått/erstattet;5;06.02.1973;Plan- og bygningsloven av 1985 eller før;5;På grunnen/vannoverflaten;2;Uten bestemmelser;2
250;Setesdalsveien-Klappane-Krossen, endr. reg.;Eldre reguleringsplan (PBL 1985);30;Endelig vedtatt arealplan;3;22.06.1973;Plan- og bygningsloven av 1985 eller før;5;På grunnen/vannoverflaten;2;Uten bestemmelser;2
251;Korsvikfjorden industriområde;Eldre reguleringsplan (PBL 1985);30;Endelig vedtatt arealplan;3;08.02.1973;Plan- og bygningsloven av 1985 eller før;5;På grunnen/vannoverflaten;2;Planbestemmelser både på kart og som egen tekst;4
252;KJELLEVIK-SALBUSTAD-HØGEHEI;Eldre reguleringsplan (PBL 1985);30;Endelig vedtatt arealplan;3;01.03.1973;Plan- og bygningsloven av 1985 eller før;5;På grunnen/vannoverflaten;2;Med bestemmelser som egen tekst;1
253;Hånesområdet A OG B;Eldre reguleringsplan (PBL 1985);30;Endelig vedtatt arealplan;3;17.12.1973;Plan- og bygningsloven av 1985 eller før;5;På grunnen/vannoverflaten;2;Planbestemmelser både på kart og som egen tekst;4
254;HOLSKOGEN AVFALLSPLASS;Eldre reguleringsplan (PBL 1985);30;Endelig vedtatt arealplan;3;01.02.1973;Plan- og bygningsloven av 1985 eller før;5;På grunnen/vannoverflaten;2;Med bestemmelser som egen tekst;1
255;Hellemyrområdet I, Eigeheia;Eldre reguleringsplan (PBL 1985);30;Endelig vedtatt arealplan;3;11.10.1973;Plan- og bygningsloven av 1985 eller før;5;På grunnen/vannoverflaten;2;Planbestemmelser både på kart og som egen tekst;4
256;HAMRESANDEN,DEL AV GNR.98;Eldre reguleringsplan (PBL 1985);30;Endelig vedtatt arealplan;3;02.08.1973;Plan- og bygningsloven av 1985 eller før;5;På grunnen/vannoverflaten;2;Med bestemmelser som egen tekst;1
257;Gyldenløvesgt. 1C;Eldre reguleringsplan (PBL 1985);30;Endelig vedtatt arealplan;3;02.03.1973;Plan- og bygningsloven av 1985 eller før;5;På grunnen/vannoverflaten;2;Uten bestemmelser;2
258;GRIMSMYRA, SØNDRE DEL;Eldre reguleringsplan (PBL 1985);30;Endelig vedtatt arealplan;3;03.11.1983;Plan- og bygningsloven av 1985 eller før;5;På grunnen/vannoverflaten;2;Med bestemmelser som egen tekst;1
259;Blandtjønn, Briggveien, Drakeveien;Eldre reguleringsplan (PBL 1985);30;Endelig vedtatt arealplan;3;06.04.1973;Plan- og bygningsloven av 1985 eller før;5;På grunnen/vannoverflaten;2;Planbestemmelser både på kart og som egen tekst;4
260;Dronningens gate 30;Eldre reguleringsplan (PBL 1985);30;Utgått/erstattet;5;18.06.1965;Bygningsloven av 1965;3;På grunnen/vannoverflaten;2;;
261;Voie - Kyresund, endr. og utvidelse av plan;Eldre reguleringsplan (PBL 1985);30;Endelig vedtatt arealplan;3;26.04.1982;Plan- og bygningsloven av 1985 eller før;5;På grunnen/vannoverflaten;2;Planbestemmelser både på kart og som egen tekst;4
262;JUSTVIK (DEL AV GNR. 116.);Eldre reguleringsplan (PBL 1985);30;Endelig vedtatt arealplan;3;25.02.1976;Plan- og bygningsloven av 1985 eller før;5;På grunnen/vannoverflaten;2;Planbestemmelser både på kart og som egen tekst;4
263;VÅGSBYGD SENTRUM/KJERRHEIA VEST;Eldre reguleringsplan (PBL 1985);30;Endelig vedtatt arealplan;3;06.08.1974;Plan- og bygningsloven av 1985 eller før;5;På grunnen/vannoverflaten;2;Uten bestemmelser;2
264;ELVEGATEN 4, ENDR. REGULERING;Eldre reguleringsplan (PBL 1985);30;Endelig vedtatt arealplan;3;09.05.1974;Plan- og bygningsloven av 1985 eller før;5;På grunnen/vannoverflaten;2;Med bestemmelser som egen tekst;1
265;Frobusdalen;Eldre reguleringsplan (PBL 1985);30;Opphevet;4;11.01.1974;Plan- og bygningsloven av 1985 eller før;5;På grunnen/vannoverflaten;2;Med bestemmelser som egen tekst;1
266;Gimlekollen III, endring for del av planen;Eldre reguleringsplan (PBL 1985);30;Endelig vedtatt arealplan;3;23.09.1974;Plan- og bygningsloven av 1985 eller før;5;På grunnen/vannoverflaten;2;Planbestemmelser både på kart og som egen tekst;4
267;HELLEMYRBAKKEN;Eldre reguleringsplan (PBL 1985);30;Endelig vedtatt arealplan;3;01.02.1974;Plan- og bygningsloven av 1985 eller før;5;På grunnen/vannoverflaten;2;Uten bestemmelser;2
268;HELLEMYROMR. IV;Eldre reguleringsplan (PBL 1985);30;Endelig vedtatt arealplan;3;14.05.1974;Plan- og bygningsloven av 1985 eller før;5;På grunnen/vannoverflaten;2;Med bestemmelser som egen tekst;1
269;Hånes - Strømme senter, gang og sykkelvei;Eldre reguleringsplan (PBL 1985);30;Endelig vedtatt arealplan;3;28.02.1974;Plan- og bygningsloven av 1985 eller før;5;På grunnen/vannoverflaten;2;Uten bestemmelser;2
270;Kvartal 4 (del av);Eldre reguleringsplan (PBL 1985);30;Utgått/erstattet;5;01.08.1974;Bygningsloven av 1965;3;På grunnen/vannoverflaten;2;;
271;Kvartal 21 (del av) - Meieritomta;Eldre reguleringsplan (PBL 1985);30;Utgått/erstattet;5;25.11.1955;Bygningsloven av 1965;3;På grunnen/vannoverflaten;2;;
272;Kvartal 34 - del av Tinghuskvartalet - Rådhusgaten 34;Eldre reguleringsplan (PBL 1985);30;Endelig vedtatt arealplan;3;20.06.1974;Plan- og bygningsloven av 1985 eller før;5;På grunnen/vannoverflaten;2;Med bestemmelser som egen tekst;1
273;RANDESUND KIRKEGÅRD;Eldre reguleringsplan (PBL 1985);30;Endelig vedtatt arealplan;3;28.05.1974;Plan- og bygningsloven av 1985 eller før;5;På grunnen/vannoverflaten;2;Med bestemmelser som egen tekst;1
274;Riksvei 12 - Dalane;Eldre reguleringsplan (PBL 1985);30;Utgått/erstattet;5;01.03.1974;Bygningsloven av 1965;3;På grunnen/vannoverflaten;2;;
275;SLETTHEIA VI.SENTEROMR.;Eldre reguleringsplan (PBL 1985);30;Endelig vedtatt arealplan;3;06.08.1974;Plan- og bygningsloven av 1985 eller før;5;På grunnen/vannoverflaten;2;Med bestemmelser som egen tekst;1
276;Hånes, søndre del;Eldre reguleringsplan (PBL 1985);30;Endelig vedtatt arealplan;3;12.10.1972;Plan- og bygningsloven av 1985 eller før;5;På grunnen/vannoverflaten;2;Planbestemmelser både på kart og som egen tekst;4
277;MØVIG, KOMMUNENS OMRÅDE.;Eldre reguleringsplan (PBL 1985);30;Endelig vedtatt arealplan;3;07.03.1963;Plan- og bygningsloven av 1985 eller før;5;På grunnen/vannoverflaten;2;Med bestemmelser som egen tekst;1
278;Tinnheia H og M - Natriumsveien;Eldre reguleringsplan (PBL 1985);30;Endelig vedtatt arealplan;3;30.04.1974;Plan- og bygningsloven av 1985 eller før;5;På grunnen/vannoverflaten;2;Planbestemmelser både på kart og som egen tekst;4
279;Øvre ringvei;Eldre reguleringsplan (PBL 1985);30;Endelig vedtatt arealplan;3;13.02.1974;Plan- og bygningsloven av 1985 eller før;5;På grunnen/vannoverflaten;2;Uten bestemmelser;2
280;LINDEBØ SKÅLEVIK, AREAL A;Eldre reguleringsplan (PBL 1985);30;Endelig vedtatt arealplan;3;18.12.1974;Plan- og bygningsloven av 1985 eller før;5;På grunnen/vannoverflaten;2;Med bestemmelser som egen tekst;1
281;DVERGSNESVEIEN;Eldre reguleringsplan (PBL 1985);30;Endelig vedtatt arealplan;3;06.01.1975;Plan- og bygningsloven av 1985 eller før;5;På grunnen/vannoverflaten;2;Uten bestemmelser;2
282;HUNDEBAKKEN, STIKKVEI;Eldre reguleringsplan (PBL 1985);30;Endelig vedtatt arealplan;3;30.01.1975;Plan- og bygningsloven av 1985 eller før;5;På grunnen/vannoverflaten;2;Uten bestemmelser;2
283;Sømsveien, del av;Eldre reguleringsplan (PBL 1985);30;Endelig vedtatt arealplan;3;08.02.1975;Plan- og bygningsloven av 1985 eller før;5;På grunnen/vannoverflaten;2;Uten bestemmelser;2
284;Del av Kjempegravene, St. Olavsv. 43;Eldre reguleringsplan (PBL 1985);30;Endelig vedtatt arealplan;3;12.02.1975;Plan- og bygningsloven av 1985 eller før;5;På grunnen/vannoverflaten;2;Med bestemmelser som egen tekst;1
285;Kvartal 36 - Kristiansand yrkesskoler;Eldre reguleringsplan (PBL 1985);30;Endelig vedtatt arealplan;3;12.03.1975;Plan- og bygningsloven av 1985 eller før;5;På grunnen/vannoverflaten;2;Planbestemmelser både på kart og som egen tekst;4
286;Hånes, areal D;Eldre reguleringsplan (PBL 1985);30;Endelig vedtatt arealplan;3;08.04.1976;Plan- og bygningsloven av 1985 eller før;5;På grunnen/vannoverflaten;2;Planbestemmelser både på kart og som egen tekst;4
287;TREKANTEN, MOSBY;Eldre reguleringsplan (PBL 1985);30;Endelig vedtatt arealplan;3;24.04.1975;Plan- og bygningsloven av 1985 eller før;5;På grunnen/vannoverflaten;2;Uten bestemmelser;2
288;KUHOLMEN BÅTHAVN;Eldre reguleringsplan (PBL 1985);30;Endelig vedtatt arealplan;3;13.03.1975;Plan- og bygningsloven av 1985 eller før;5;På grunnen/vannoverflaten;2;Med bestemmelser som egen tekst;1
289;Gnr .61 Bnr.32 - Haumyrveien 39a;Eldre reguleringsplan (PBL 1985);30;Endelig vedtatt arealplan;3;06.05.1975;Plan- og bygningsloven av 1985 eller før;5;På grunnen/vannoverflaten;2;Planbestemmelser både på kart og som egen tekst;4
28A;Møllevannsveien - Grimshaugen, areal G;Bebyggelsesplan iht. reguleringsplan (PBL 1985);32;Endelig vedtatt arealplan;3;11.11.1953;Bygningsloven av 1924;2;På grunnen/vannoverflaten;2;Planbestemmelser både på kart og som egen tekst;4
28B;Elisenhøi;Bebyggelsesplan iht. reguleringsplan (PBL 1985);32;Endelig vedtatt arealplan;3;20.08.1952;Plan- og bygningsloven av 1985 eller før;5;På grunnen/vannoverflaten;2;;
290;Tobienborg, trafikkområde - endring av plan;Eldre reguleringsplan (PBL 1985);30;Utgått/erstattet;5;10.06.1975;Bygningsloven av 1965;3;På grunnen/vannoverflaten;2;;
291;VOIEBYEN I, DEL AV GARASJER PRAMVEIEN;Eldre reguleringsplan (PBL 1985);30;Endelig vedtatt arealplan;3;11.07.1975;Plan- og bygningsloven av 1985 eller før;5;På grunnen/vannoverflaten;2;Uten bestemmelser;2
292;VESTRE STRANDGT.-ØSTRE STRANDGT.-VESTERHAVNEN OG DRONNINGENSGT.;Eldre reguleringsplan (PBL 1985);30;Endelig vedtatt arealplan;3;16.07.1975;Plan- og bygningsloven av 1985 eller før;5;På grunnen/vannoverflaten;2;Uten bestemmelser;2
293;VARDÅSVEIEN-FRA VARDÅSEN SKOLE OG NORDØSTOVER;Eldre reguleringsplan (PBL 1985);30;Endelig vedtatt arealplan;3;16.07.1975;Plan- og bygningsloven av 1985 eller før;5;På grunnen/vannoverflaten;2;Uten bestemmelser;2
294;GALGEBERGTANGEN, DEL AV. ENDRING;Eldre reguleringsplan (PBL 1985);30;Endelig vedtatt arealplan;3;11.07.1975;Plan- og bygningsloven av 1985 eller før;5;På grunnen/vannoverflaten;2;Uten bestemmelser;2
295;Egsområdet, endret reguleringsplan;Eldre reguleringsplan (PBL 1985);30;Endelig vedtatt arealplan;3;12.08.1975;Plan- og bygningsloven av 1985 eller før;5;På grunnen/vannoverflaten;2;Planbestemmelser både på kart og som egen tekst;4
296;DØNNESTADMOEN, GNR.100;Eldre reguleringsplan (PBL 1985);30;Endelig vedtatt arealplan;3;20.11.1975;Plan- og bygningsloven av 1985 eller før;5;På grunnen/vannoverflaten;2;Med bestemmelser som egen tekst;1
297;Kvartal 45 - del av;Eldre reguleringsplan (PBL 1985);30;Utgått/erstattet;5;18.08.1975;Bygningsloven av 1965;3;På grunnen/vannoverflaten;2;Med bestemmelser som egen tekst;1
298;GNR.97,BNR.2 GOLFBANE;Eldre reguleringsplan (PBL 1985);30;Endelig vedtatt arealplan;3;05.08.1975;Plan- og bygningsloven av 1985 eller før;5;På grunnen/vannoverflaten;2;Med bestemmelser som egen tekst;1
299;Torsvikheia/Strømme - areal B,E,F;Eldre reguleringsplan (PBL 1985);30;Endelig vedtatt arealplan;3;25.02.1976;Plan- og bygningsloven av 1985 eller før;5;På grunnen/vannoverflaten;2;Med bestemmelser som egen tekst;1
300;NORDTJØNNÅSEN, GNR. 13, BNR.11 OG 31;Eldre reguleringsplan (PBL 1985);30;Endelig vedtatt arealplan;3;09.04.1976;Plan- og bygningsloven av 1985 eller før;5;På grunnen/vannoverflaten;2;Med bestemmelser som egen tekst;1
301;Marvikveien 2, 4, 10, 10a og Steinkleiva;Eldre reguleringsplan (PBL 1985);30;Utgått/erstattet;5;16.07.1953;Bygningsloven av 1924;2;På grunnen/vannoverflaten;2;;
302;Flatereguleringsplan for trafikkområde m.m på Dalane;Eldre reguleringsplan (PBL 1985);30;Utgått/erstattet;5;13.05.1976;Bygningsloven av 1965;3;På grunnen/vannoverflaten;2;Med bestemmelser som egen tekst;1
303;RANDESUND INDUSTRIOMRÅDE, SONE I;;0;Utgått/erstattet;5;31.05.1976;Plan- og bygningsloven av 1985 eller før;5;;;;
304;STRAY VEIREGULERING;Eldre reguleringsplan (PBL 1985);30;Utgått/erstattet;5;16.07.1976;Plan- og bygningsloven av 1985 eller før;5;På grunnen/vannoverflaten;2;Uten bestemmelser;2
305;Skylleviga vei og tomt til renseanlegg;Eldre reguleringsplan (PBL 1985);30;Endelig vedtatt arealplan;3;14.07.1976;Plan- og bygningsloven av 1985 eller før;5;På grunnen/vannoverflaten;2;Uten bestemmelser;2
306;Gnr.61,bnr.1,2 og 8 Strømme;Eldre reguleringsplan (PBL 1985);30;Utgått/erstattet;5;23.08.1976;Plan- og bygningsloven av 1985 eller før;5;På grunnen/vannoverflaten;2;Med bestemmelser som egen tekst;1
307;Møvigkrysset, Møvig brygge og del av Krooddveien;Eldre reguleringsplan (PBL 1985);30;Endelig vedtatt arealplan;3;11.10.1976;Plan- og bygningsloven av 1985 eller før;5;På grunnen/vannoverflaten;2;Planbestemmelser både på kart og som egen tekst;4
308;BOSMYR;Eldre reguleringsplan (PBL 1985);30;Endelig vedtatt arealplan;3;26.10.1976;Plan- og bygningsloven av 1985 eller før;5;På grunnen/vannoverflaten;2;Med bestemmelser som egen tekst;1
309;Dalane - trafikkområde;Eldre reguleringsplan (PBL 1985);30;Utgått/erstattet;5;16.11.1976;Bygningsloven av 1965;3;På grunnen/vannoverflaten;2;;
310;Kvartal 26 og del av Kvartal 20;Eldre reguleringsplan (PBL 1985);30;Endelig vedtatt arealplan;3;04.11.1976;Plan- og bygningsloven av 1985 eller før;5;På grunnen/vannoverflaten;2;Planbestemmelser både på kart og som egen tekst;4
311;HOMMEREN;Eldre reguleringsplan (PBL 1985);30;Endelig vedtatt arealplan;3;17.12.1976;Plan- og bygningsloven av 1985 eller før;5;På grunnen/vannoverflaten;2;Med bestemmelser som egen tekst;1
312;HELLEMYROMRÅDET - FELT IV TUNHUSOMRÅDET;Eldre reguleringsplan (PBL 1985);30;Endelig vedtatt arealplan;3;27.10.1978;Plan- og bygningsloven av 1985 eller før;5;På grunnen/vannoverflaten;2;Med bestemmelser som egen tekst;1
313;Møvig/Ternevig;Eldre reguleringsplan (PBL 1985);30;Endelig vedtatt arealplan;3;19.01.1977;Plan- og bygningsloven av 1985 eller før;5;På grunnen/vannoverflaten;2;Planbestemmelser både på kart og som egen tekst;4
314;Bleget/Fagerholt;Eldre reguleringsplan (PBL 1985);30;Endelig vedtatt arealplan;3;25.02.1977;Plan- og bygningsloven av 1985 eller før;5;På grunnen/vannoverflaten;2;Planbestemmelser både på kart og som egen tekst;4
315;Lindebø/Skålevik, Areal B;Eldre reguleringsplan (PBL 1985);30;Utgått/erstattet;5;23.02.1977;Bygningsloven av 1965;3;På grunnen/vannoverflaten;2;Med bestemmelser som egen tekst;1
316;HAMRESANDEN FRILUFTSOMRÅDE;Eldre reguleringsplan (PBL 1985);30;Endelig vedtatt arealplan;3;31.05.1977;Plan- og bygningsloven av 1985 eller før;5;På grunnen/vannoverflaten;2;Med bestemmelser som egen tekst;1
317;E18 Varodden - Vollevann;Eldre reguleringsplan (PBL 1985);30;Utgått/erstattet;5;30.06.1977;Bygningsloven av 1965;3;På grunnen/vannoverflaten;2;;
318;HØYFJELLET II;Eldre reguleringsplan (PBL 1985);30;Endelig vedtatt arealplan;3;14.11.1977;Plan- og bygningsloven av 1985 eller før;5;På grunnen/vannoverflaten;2;Med bestemmelser som egen tekst;1
319;GAMLE HØVÅGVEI-FRIKIRKEN REGULERINGSPLAN FOR SKOLEVEI;Eldre reguleringsplan (PBL 1985);30;Endelig vedtatt arealplan;3;31.10.1977;Plan- og bygningsloven av 1985 eller før;5;På grunnen/vannoverflaten;2;Uten bestemmelser;2
320;Korsvik - Strømmeområdet - skoleveier;Eldre reguleringsplan (PBL 1985);30;Endelig vedtatt arealplan;3;27.10.1977;Plan- og bygningsloven av 1985 eller før;5;På grunnen/vannoverflaten;2;Uten bestemmelser;2
321;NEDRE KONGSGÅRD, DEL AV;Eldre reguleringsplan (PBL 1985);30;Utgått/erstattet;5;24.11.1977;Plan- og bygningsloven av 1985 eller før;5;På grunnen/vannoverflaten;2;Med bestemmelser som egen tekst;1
322;Dalane mellom øvre jernbanebro og gamle bygrense;Eldre reguleringsplan (PBL 1985);30;Endelig vedtatt arealplan;3;08.12.1977;Plan- og bygningsloven av 1985 eller før;5;På grunnen/vannoverflaten;2;Planbestemmelser både på kart og som egen tekst;4
323;RV. 12 ØVRE STRAY - HOMMEREN G/S VEI;Eldre reguleringsplan (PBL 1985);30;Endelig vedtatt arealplan;3;20.12.1977;Plan- og bygningsloven av 1985 eller før;5;På grunnen/vannoverflaten;2;Uten bestemmelser;2
324;Brøviklia-Lindkjellveien, veiforbindelse;Eldre reguleringsplan (PBL 1985);30;Endelig vedtatt arealplan;3;23.12.1977;Plan- og bygningsloven av 1985 eller før;5;På grunnen/vannoverflaten;2;Uten bestemmelser;2
325;Bjørndalssletta, g/s vei nord for E18;Eldre reguleringsplan (PBL 1985);30;Endelig vedtatt arealplan;3;30.11.1977;Plan- og bygningsloven av 1985 eller før;5;På grunnen/vannoverflaten;2;Uten bestemmelser;2
326;VESTHEIENE F4;Eldre reguleringsplan (PBL 1985);30;Endelig vedtatt arealplan;3;04.10.1977;Plan- og bygningsloven av 1985 eller før;5;På grunnen/vannoverflaten;2;Med bestemmelser som egen tekst;1
327;Hånes - friområde;Eldre reguleringsplan (PBL 1985);30;Endelig vedtatt arealplan;3;24.11.1977;Plan- og bygningsloven av 1985 eller før;5;På grunnen/vannoverflaten;2;Planbestemmelser både på kart og som egen tekst;4
328;GNR. 13, BNR. 13, JAKTODDEN;Eldre reguleringsplan (PBL 1985);30;Endelig vedtatt arealplan;3;15.02.1978;Plan- og bygningsloven av 1985 eller før;5;På grunnen/vannoverflaten;2;Med bestemmelser som egen tekst;1
329;RV. 456 KIRSTEN FLAGSTADS VEI - SVANEDAMSVEIEN;Eldre reguleringsplan (PBL 1985);30;Utgått/erstattet;5;05.04.1978;Plan- og bygningsloven av 1985 eller før;5;På grunnen/vannoverflaten;2;Uten bestemmelser;2
330;Området mellom Topdalsfjorden og Sømsveien;Eldre reguleringsplan (PBL 1985);30;Endelig vedtatt arealplan;3;15.06.1978;Bygningsloven av 1965;3;På grunnen/vannoverflaten;2;Planbestemmelser både på kart og som egen tekst;4
331;Kvartal 7, endret regulering;Eldre reguleringsplan (PBL 1985);30;Utgått/erstattet;5;08.08.1978;Bygningsloven av 1965;3;På grunnen/vannoverflaten;2;;
332;Kvartal 13 - del av;Eldre reguleringsplan (PBL 1985);30;Utgått/erstattet;5;09.03.1978;Bygningsloven av 1965;3;På grunnen/vannoverflaten;2;Med bestemmelser som egen tekst;1
333;NY ADKOMSTVEI TIL EGSOMRÅDET;Eldre reguleringsplan (PBL 1985);30;Utgått/erstattet;5;23.06.1978;Plan- og bygningsloven av 1985 eller før;5;På grunnen/vannoverflaten;2;Uten bestemmelser;2
334;Rv. 456 Myrbakken - Svanedamsveien;Eldre reguleringsplan (PBL 1985);30;Endelig vedtatt arealplan;3;23.06.1978;Plan- og bygningsloven av 1985 eller før;5;På grunnen/vannoverflaten;2;Uten bestemmelser;2
335;Garasjeanlegg - Vågsbygdruta;Eldre reguleringsplan (PBL 1985);30;Opphevet;4;26.10.1978;Bygningsloven av 1965;3;På grunnen/vannoverflaten;2;;
336;Hånes C, Brattbakken;Eldre reguleringsplan (PBL 1985);30;Endelig vedtatt arealplan;3;06.11.1978;Plan- og bygningsloven av 1985 eller før;5;På grunnen/vannoverflaten;2;Planbestemmelser både på kart og som egen tekst;4
337;SVANDALEN, DALSVEIEN JUSTVIK;Eldre reguleringsplan (PBL 1985);30;Endelig vedtatt arealplan;3;19.12.1978;Plan- og bygningsloven av 1985 eller før;5;På grunnen/vannoverflaten;2;Med bestemmelser som egen tekst;1
338;YTRE STRAI;Eldre reguleringsplan (PBL 1985);30;Utgått/erstattet;5;11.12.1978;Plan- og bygningsloven av 1985 eller før;5;På grunnen/vannoverflaten;2;Uten bestemmelser;2
339;Camilla Colletsgate 12 endring av reguleringsplan;Eldre reguleringsplan (PBL 1985);30;Endelig vedtatt arealplan;3;18.01.1979;Plan- og bygningsloven av 1985 eller før;5;På grunnen/vannoverflaten;2;Planbestemmelser både på kart og som egen tekst;4
340;Sødalsveien fra Sødal bedehus til Påskebjerget;Eldre reguleringsplan (PBL 1985);30;Endelig vedtatt arealplan;3;11.01.1979;Plan- og bygningsloven av 1985 eller før;5;På grunnen/vannoverflaten;2;Uten bestemmelser;2
341;Eigevannsveien, Nikkelveien;Eldre reguleringsplan (PBL 1985);30;Endelig vedtatt arealplan;3;20.02.1979;Plan- og bygningsloven av 1985 eller før;5;På grunnen/vannoverflaten;2;Uten bestemmelser;2
342;DALSVEIEN JUSTVIK, ALT. II;Eldre reguleringsplan (PBL 1985);30;Endelig vedtatt arealplan;3;07.06.1979;Plan- og bygningsloven av 1985 eller før;5;På grunnen/vannoverflaten;2;Med bestemmelser som egen tekst;1
343;Kvartal 69;Eldre reguleringsplan (PBL 1985);30;Endelig vedtatt arealplan;3;27.06.1979;Plan- og bygningsloven av 1985 eller før;5;På grunnen/vannoverflaten;2;Planbestemmelser både på kart og som egen tekst;4
344;EGSOMRÅDET, NY ADKOMSTVEI BYGGETRINN II;Eldre reguleringsplan (PBL 1985);30;Utgått/erstattet;5;08.08.1979;Plan- og bygningsloven av 1985 eller før;5;På grunnen/vannoverflaten;2;Uten bestemmelser;2
345;Baneheia, Eg skog og del av Grim skog;Eldre reguleringsplan (PBL 1985);30;Endelig vedtatt arealplan;3;10.07.1979;Plan- og bygningsloven av 1985 eller før;5;På grunnen/vannoverflaten;2;Planbestemmelser både på kart og som egen tekst;4
346;Sagbakken, Stray;Eldre reguleringsplan (PBL 1985);30;Endelig vedtatt arealplan;3;21.08.1979;Plan- og bygningsloven av 1985 eller før;5;På grunnen/vannoverflaten;2;Planbestemmelser både på kart og som egen tekst;4
347;GNR.61,BNR.27 OG 282,FJELLY;Eldre reguleringsplan (PBL 1985);30;Endelig vedtatt arealplan;3;16.08.1979;Plan- og bygningsloven av 1985 eller før;5;På grunnen/vannoverflaten;2;Med bestemmelser som egen tekst;1
348;INDUSTRIGATEN VERNEDE ARBEIDSPLASSER;Eldre reguleringsplan (PBL 1985);30;Utgått/erstattet;5;30.07.1979;Plan- og bygningsloven av 1985 eller før;5;På grunnen/vannoverflaten;2;Med bestemmelser som egen tekst;1
349;NEDRE KONGSGÅRD, DEL AV;Eldre reguleringsplan (PBL 1985);30;Utgått/erstattet;5;30.07.1979;Plan- og bygningsloven av 1985 eller før;5;På grunnen/vannoverflaten;2;Med bestemmelser som egen tekst;1
350;Torsvikheia - Strømme, felt H og M;Eldre reguleringsplan (PBL 1985);30;Endelig vedtatt arealplan;3;27.09.1979;Plan- og bygningsloven av 1985 eller før;5;På grunnen/vannoverflaten;2;Planbestemmelser både på kart og som egen tekst;4
351;Hånes B (endret reguleringsplan);Eldre reguleringsplan (PBL 1985);30;Endelig vedtatt arealplan;3;02.10.1979;Plan- og bygningsloven av 1985 eller før;5;På grunnen/vannoverflaten;2;Planbestemmelser både på kart og som egen tekst;4
352;LINDEBØ FERJELEIE;Eldre reguleringsplan (PBL 1985);30;Utgått/erstattet;5;27.09.1979;Plan- og bygningsloven av 1985 eller før;5;På grunnen/vannoverflaten;2;Med bestemmelser som egen tekst;1
353;Herøya;Eldre reguleringsplan (PBL 1985);30;Endelig vedtatt arealplan;3;03.10.1979;Plan- og bygningsloven av 1985 eller før;5;På grunnen/vannoverflaten;2;Planbestemmelser både på kart og som egen tekst;4
354;BLEGET/FAGERHOLT FELT 3;Eldre reguleringsplan (PBL 1985);30;Endelig vedtatt arealplan;3;21.09.1979;Plan- og bygningsloven av 1985 eller før;5;På grunnen/vannoverflaten;2;Med bestemmelser som egen tekst;1
355;Gamle Flekkerøyvei/Tinnheiveien;Eldre reguleringsplan (PBL 1985);30;Endelig vedtatt arealplan;3;18.01.1979;Plan- og bygningsloven av 1985 eller før;5;På grunnen/vannoverflaten;2;Uten bestemmelser;2
356;KONGSGÅRD ALLE 31 - 33;Eldre reguleringsplan (PBL 1985);30;Utgått/erstattet;5;15.11.1979;Plan- og bygningsloven av 1985 eller før;5;På grunnen/vannoverflaten;2;Med bestemmelser som egen tekst;1
357;Idrettsanlegg Flekkerøy;Eldre reguleringsplan (PBL 1985);30;Utgått/erstattet;5;11.12.1979;Bygningsloven av 1965;3;På grunnen/vannoverflaten;2;;
358;BOSMYRKOLLEN, ENDRET REGULERINGSPLAN;Eldre reguleringsplan (PBL 1985);30;Endelig vedtatt arealplan;3;20.12.1979;Plan- og bygningsloven av 1985 eller før;5;På grunnen/vannoverflaten;2;Med bestemmelser som egen tekst;1
359;HØIETUN;Eldre reguleringsplan (PBL 1985);30;Endelig vedtatt arealplan;3;09.01.1980;Plan- og bygningsloven av 1985 eller før;5;På grunnen/vannoverflaten;2;Med bestemmelser som egen tekst;1
360;Korsvik felt C;Eldre reguleringsplan (PBL 1985);30;Endelig vedtatt arealplan;3;25.01.1980;Plan- og bygningsloven av 1985 eller før;5;På grunnen/vannoverflaten;2;Planbestemmelser både på kart og som egen tekst;4
361;Gnr. 7, Bnr. 7-17 og 125 - Møvig;Eldre reguleringsplan (PBL 1985);30;Endelig vedtatt arealplan;3;31.01.1980;Plan- og bygningsloven av 1985 eller før;5;På grunnen/vannoverflaten;2;Planbestemmelser både på kart og som egen tekst;4
362;MALMVEIEN, ALDERSBOLIGER;Eldre reguleringsplan (PBL 1985);30;Endelig vedtatt arealplan;3;11.02.1980;Plan- og bygningsloven av 1985 eller før;5;På grunnen/vannoverflaten;2;Med bestemmelser som egen tekst;1
363;Hånes, del av areal D (endret regulering);Eldre reguleringsplan (PBL 1985);30;Endelig vedtatt arealplan;3;26.02.1980;Plan- og bygningsloven av 1985 eller før;5;På grunnen/vannoverflaten;2;Planbestemmelser både på kart og som egen tekst;4
364;Lund torv, Valhalla;Eldre reguleringsplan (PBL 1985);30;Endelig vedtatt arealplan;3;11.02.1980;Plan- og bygningsloven av 1985 eller før;5;På grunnen/vannoverflaten;2;Planbestemmelser både på kart og som egen tekst;4
365;VOIE KIRKETOMT;Eldre reguleringsplan (PBL 1985);30;Utgått/erstattet;5;14.07.1980;Plan- og bygningsloven av 1985 eller før;5;På grunnen/vannoverflaten;2;Med bestemmelser som egen tekst;1
366;Lumber;Eldre reguleringsplan (PBL 1985);30;Opphevet;4;28.07.1980;Bygningsloven av 1965;3;På grunnen/vannoverflaten;2;;
367;Gimle gård - Gnr. 40, Bnr. 563;Eldre reguleringsplan (PBL 1985);30;Endelig vedtatt arealplan;3;05.08.1980;Plan- og bygningsloven av 1985 eller før;5;På grunnen/vannoverflaten;2;Planbestemmelser både på kart og som egen tekst;4
368;BRATTVOLLSHEIA;Eldre reguleringsplan (PBL 1985);30;Endelig vedtatt arealplan;3;22.08.1980;Plan- og bygningsloven av 1985 eller før;5;På grunnen/vannoverflaten;2;Med bestemmelser som egen tekst;1
369;MØLLEVANNSVEIEN 61, ALDERSBOLIGER;Eldre reguleringsplan (PBL 1985);30;Endelig vedtatt arealplan;3;13.08.1980;Plan- og bygningsloven av 1985 eller før;5;På grunnen/vannoverflaten;2;Med bestemmelser som egen tekst;1
370;VÅGSBYGD RINGVEI;Eldre reguleringsplan (PBL 1985);30;Endelig vedtatt arealplan;3;14.08.1980;Plan- og bygningsloven av 1985 eller før;5;På grunnen/vannoverflaten;2;Uten bestemmelser;2
371;Hånes service og skolesenter;Eldre reguleringsplan (PBL 1985);30;Endelig vedtatt arealplan;3;18.06.1980;Plan- og bygningsloven av 1985 eller før;5;På grunnen/vannoverflaten;2;Planbestemmelser både på kart og som egen tekst;4
372;MØLLEVANSVEIEN 22 -30;Eldre reguleringsplan (PBL 1985);30;Endelig vedtatt arealplan;3;01.10.1980;Plan- og bygningsloven av 1985 eller før;5;På grunnen/vannoverflaten;2;Uten bestemmelser;2
373;E18 VESTHEIENE,AVKJØRSEL;Eldre reguleringsplan (PBL 1985);30;Endelig vedtatt arealplan;3;04.11.1980;Plan- og bygningsloven av 1985 eller før;5;På grunnen/vannoverflaten;2;Uten bestemmelser;2
374;Strømme - felt L;Eldre reguleringsplan (PBL 1985);30;Endelig vedtatt arealplan;3;08.12.1980;Plan- og bygningsloven av 1985 eller før;5;På grunnen/vannoverflaten;2;Planbestemmelser både på kart og som egen tekst;4
375;Kvartal 38 - del av;Eldre reguleringsplan (PBL 1985);30;Utgått/erstattet;5;08.12.1980;Bygningsloven av 1965;3;På grunnen/vannoverflaten;2;Med bestemmelser som egen tekst;1
376;KVERNVEIEN;Eldre reguleringsplan (PBL 1985);30;Endelig vedtatt arealplan;3;08.12.1980;Plan- og bygningsloven av 1985 eller før;5;På grunnen/vannoverflaten;2;Uten bestemmelser;2
377;E18 STREKNINGEN RUNDINGEN HANNEVIKDALEN;Eldre reguleringsplan (PBL 1985);30;Utgått/erstattet;5;13.02.1981;Plan- og bygningsloven av 1985 eller før;5;På grunnen/vannoverflaten;2;Uten bestemmelser;2
378;VESTHEIENE, FELT F1, F2 OG F3;Eldre reguleringsplan (PBL 1985);30;Endelig vedtatt arealplan;3;24.04.1981;Plan- og bygningsloven av 1985 eller før;5;På grunnen/vannoverflaten;2;Med bestemmelser som egen tekst;1
379;GARTNERLØKKA VED TORDENSKJOLDSGT.;Eldre reguleringsplan (PBL 1985);30;Endelig vedtatt arealplan;3;27.04.1981;Plan- og bygningsloven av 1985 eller før;5;På grunnen/vannoverflaten;2;Uten bestemmelser;2
380;Fiskå industriområde;Eldre reguleringsplan (PBL 1985);30;Utgått/erstattet;5;21.01.1981;Bygningsloven av 1965;3;På grunnen/vannoverflaten;2;Med bestemmelser som egen tekst;1
381;BELLEVUE;Eldre reguleringsplan (PBL 1985);30;Endelig vedtatt arealplan;3;21.07.1981;Plan- og bygningsloven av 1985 eller før;5;På grunnen/vannoverflaten;2;Med bestemmelser som egen tekst;1
382;BRØVIG GÅRD, DEL AV;Eldre reguleringsplan (PBL 1985);30;Endelig vedtatt arealplan;3;28.07.1981;Plan- og bygningsloven av 1985 eller før;5;På grunnen/vannoverflaten;2;Med bestemmelser som egen tekst;1
383;GNR.85,BNR.5,39,54 STANGENES;Eldre reguleringsplan (PBL 1985);30;Endelig vedtatt arealplan;3;29.06.1981;Plan- og bygningsloven av 1985 eller før;5;På grunnen/vannoverflaten;2;Med bestemmelser som egen tekst;1
384;GNR. 28, BNR. 220, WERGELANDSTUN;Eldre reguleringsplan (PBL 1985);30;Endelig vedtatt arealplan;3;16.06.1981;Plan- og bygningsloven av 1985 eller før;5;På grunnen/vannoverflaten;2;Med bestemmelser som egen tekst;1
385;Voie Ringvei/Steindalen - grendehus og ballhall;Eldre reguleringsplan (PBL 1985);30;Utgått/erstattet;5;20.08.1981;Bygningsloven av 1965;3;På grunnen/vannoverflaten;2;;
386;Kvartal 40 - felles avkjøringsvei;Eldre reguleringsplan (PBL 1985);30;Utgått/erstattet;5;05.05.1981;Bygningsloven av 1965;3;På grunnen/vannoverflaten;2;Uten bestemmelser;2
387;Rv. 456 Holskogveien - Andøyveien g/s vei;Eldre reguleringsplan (PBL 1985);30;Endelig vedtatt arealplan;3;28.07.1981;Plan- og bygningsloven av 1985 eller før;5;På grunnen/vannoverflaten;2;Planbestemmelser både på kart og som egen tekst;4
388;VIGE INDUSTRI OG HAVNEOMRÅDE, ENDR. REG.;Eldre reguleringsplan (PBL 1985);30;Utgått/erstattet;5;11.09.1981;Plan- og bygningsloven av 1985 eller før;5;;;;
389;ØSTRE STRANDGT. 20, 22, 26, 28;Eldre reguleringsplan (PBL 1985);30;Endelig vedtatt arealplan;3;29.12.1981;Plan- og bygningsloven av 1985 eller før;5;På grunnen/vannoverflaten;2;Med bestemmelser som egen tekst;1
390;KJERREGÅRDSBUKTA NYTT FERJELEIE.;Eldre reguleringsplan (PBL 1985);30;Utgått/erstattet;5;13.01.1982;Plan- og bygningsloven av 1985 eller før;5;På grunnen/vannoverflaten;2;Med bestemmelser som egen tekst;1
391;Randesund motorsenter;Eldre reguleringsplan (PBL 1985);30;Utgått/erstattet;5;07.01.1982;Bygningsloven av 1965;3;På grunnen/vannoverflaten;2;;
392;Vågsbygd Ringvei, GS ved Vågsbygd senter;Eldre reguleringsplan (PBL 1985);30;Utgått/erstattet;5;24.05.1982;Bygningsloven av 1965;3;På grunnen/vannoverflaten;2;;
393;VESTHEIENE, FELT G1, G2 OG G3.;Eldre reguleringsplan (PBL 1985);30;Endelig vedtatt arealplan;3;15.07.1982;Plan- og bygningsloven av 1985 eller før;5;På grunnen/vannoverflaten;2;Med bestemmelser som egen tekst;1
394;MYRBAKKEN 7;Eldre reguleringsplan (PBL 1985);30;Endelig vedtatt arealplan;3;18.06.1982;Plan- og bygningsloven av 1985 eller før;5;På grunnen/vannoverflaten;2;Med bestemmelser som egen tekst;1
395;FIDJEMOEN;Eldre reguleringsplan (PBL 1985);30;Endelig vedtatt arealplan;3;01.07.1982;Plan- og bygningsloven av 1985 eller før;5;På grunnen/vannoverflaten;2;Med bestemmelser som egen tekst;1
396;BERGTORASVEI SQUASH-HALL. ENDR. AV GIMLEKOLLEN III;Eldre reguleringsplan (PBL 1985);30;Utgått/erstattet;5;13.07.1982;Plan- og bygningsloven av 1985 eller før;5;På grunnen/vannoverflaten;2;Med bestemmelser som egen tekst;1
397;Kirsten Flagstadsvei fra Vågsbygdv.- Vågsbygd ringv.;Eldre reguleringsplan (PBL 1985);30;Endelig vedtatt arealplan;3;27.08.1981;Plan- og bygningsloven av 1985 eller før;5;På grunnen/vannoverflaten;2;Uten bestemmelser;2
398;Festningsgaten 40 - Henrik Wergelandsgate 56;Eldre reguleringsplan (PBL 1985);30;Utgått/erstattet;5;29.04.1970;Bygningsloven av 1965;3;På grunnen/vannoverflaten;2;;
399;Kvartal 46, del av;Eldre reguleringsplan (PBL 1985);30;Utgått/erstattet;5;26.10.1981;Bygningsloven av 1965;3;På grunnen/vannoverflaten;2;;
400;Småhagene, nedre Kongsgård;Eldre reguleringsplan (PBL 1985);30;Endelig vedtatt arealplan;3;12.01.1983;Plan- og bygningsloven av 1985 eller før;5;På grunnen/vannoverflaten;2;Planbestemmelser både på kart og som egen tekst;4
402;KOLSDALSTJØNNA INDUSTRIOMRÅDE;Eldre reguleringsplan (PBL 1985);30;Endelig vedtatt arealplan;3;11.03.1983;Plan- og bygningsloven av 1985 eller før;5;På grunnen/vannoverflaten;2;Med bestemmelser som egen tekst;1
403;GILLSVANNET KAJAKKANLEGG;Eldre reguleringsplan (PBL 1985);30;Endelig vedtatt arealplan;3;20.04.1983;Plan- og bygningsloven av 1985 eller før;5;På grunnen/vannoverflaten;2;Med bestemmelser som egen tekst;1
404;Gnr. 2, Bnr. 245 og 251 -  Skålevig hytteområde;Eldre reguleringsplan (PBL 1985);30;Endelig vedtatt arealplan;3;26.06.1985;Plan- og bygningsloven av 1985 eller før;5;På grunnen/vannoverflaten;2;Planbestemmelser både på kart og som egen tekst;4
405;KONGSGÅRDBUKTA IND. OG HAVNEOMRÅDE;Eldre reguleringsplan (PBL 1985);30;Utgått/erstattet;5;19.10.1983;Plan- og bygningsloven av 1985 eller før;5;På grunnen/vannoverflaten;2;Med bestemmelser som egen tekst;1
406;Hånes felt E2;Eldre reguleringsplan (PBL 1985);30;Endelig vedtatt arealplan;3;04.10.1983;Plan- og bygningsloven av 1985 eller før;5;På grunnen/vannoverflaten;2;Med bestemmelser som egen tekst;1
407;Hånes senter, del av;Eldre reguleringsplan (PBL 1985);30;Endelig vedtatt arealplan;3;11.03.1983;Plan- og bygningsloven av 1985 eller før;5;På grunnen/vannoverflaten;2;Planbestemmelser både på kart og som egen tekst;4
408;Kvartal 35;Eldre reguleringsplan (PBL 1985);30;Utgått/erstattet;5;03.08.1983;Bygningsloven av 1965;3;På grunnen/vannoverflaten;2;;
409;Kvartal 13, del av ;Eldre reguleringsplan (PBL 1985);30;Endelig vedtatt arealplan;3;21.07.1983;Plan- og bygningsloven av 1985 eller før;5;På grunnen/vannoverflaten;2;Med bestemmelser som egen tekst;1
410;Kvartal 46;Eldre reguleringsplan (PBL 1985);30;Utgått/erstattet;5;30.05.1983;Bygningsloven av 1965;3;På grunnen/vannoverflaten;2;;
411;Korsvikfjorden industrifelt - renseanlegget ;Eldre reguleringsplan (PBL 1985);30;Endelig vedtatt arealplan;3;20.05.1975;Plan- og bygningsloven av 1985 eller før;5;På grunnen/vannoverflaten;2;Planbestemmelser både på kart og som egen tekst;4
412;Korsvik felt D og G;Eldre reguleringsplan (PBL 1985);30;Endelig vedtatt arealplan;3;05.12.1983;Plan- og bygningsloven av 1985 eller før;5;På grunnen/vannoverflaten;2;Med bestemmelser som egen tekst;1
413;Møllevannsveien g/s vei fra E18 til Grim skole;Eldre reguleringsplan (PBL 1985);30;Endelig vedtatt arealplan;3;10.01.1984;Plan- og bygningsloven av 1985 eller før;5;På grunnen/vannoverflaten;2;Uten bestemmelser;2
414;BORDALEN, G/S VEI TIL KRINGSJÅ SKOLE;Eldre reguleringsplan (PBL 1985);30;Utgått/erstattet;5;12.03.1984;Plan- og bygningsloven av 1985 eller før;5;På grunnen/vannoverflaten;2;Uten bestemmelser;2
415;Åsane areal F, reg.endring;Eldre reguleringsplan (PBL 1985);30;Endelig vedtatt arealplan;3;12.03.1984;Plan- og bygningsloven av 1985 eller før;5;På grunnen/vannoverflaten;2;Planbestemmelser både på kart og som egen tekst;4
416;TINNHEIVEIEN, UTFYLLINGSTOMT;Eldre reguleringsplan (PBL 1985);30;Endelig vedtatt arealplan;3;11.04.1983;Plan- og bygningsloven av 1985 eller før;5;På grunnen/vannoverflaten;2;Med bestemmelser som egen tekst;1
417;HOLTERONA BÅTHAVN GNR.92, BNR.3;Eldre reguleringsplan (PBL 1985);30;Endelig vedtatt arealplan;3;14.12.1983;Plan- og bygningsloven av 1985 eller før;5;På grunnen/vannoverflaten;2;Uten bestemmelser;2
418;Høietun 3. (G. Block Watnes plan);Eldre reguleringsplan (PBL 1985);30;Endelig vedtatt arealplan;3;02.04.1984;Plan- og bygningsloven av 1985 eller før;5;På grunnen/vannoverflaten;2;Planbestemmelser både på kart og som egen tekst;4
419;Prestheia;Eldre reguleringsplan (PBL 1985);30;Utgått/erstattet;5;03.07.1984;Bygningsloven av 1965;3;På grunnen/vannoverflaten;2;;
420;Gnr.97, Bnr.5 m.fl. Korsvik;Eldre reguleringsplan (PBL 1985);30;Endelig vedtatt arealplan;3;06.07.1984;Plan- og bygningsloven av 1985 eller før;5;På grunnen/vannoverflaten;2;Planbestemmelser både på kart og som egen tekst;4
421;BRATTVOLLSHEIA FELT B OG C, ENDRING;Eldre reguleringsplan (PBL 1985);30;Endelig vedtatt arealplan;3;26.09.1984;Plan- og bygningsloven av 1985 eller før;5;På grunnen/vannoverflaten;2;Med bestemmelser som egen tekst;1
422;TINNHEIVEIEN 17, ENDR. REG.;Eldre reguleringsplan (PBL 1985);30;Endelig vedtatt arealplan;3;29.08.1984;Plan- og bygningsloven av 1985 eller før;5;På grunnen/vannoverflaten;2;Med bestemmelser som egen tekst;1
423;Strandbakken;Bebyggelsesplan iht. reguleringsplan (PBL 1985);32;Utgått/erstattet;5;29.08.1984;Bygningsloven av 1965;3;På grunnen/vannoverflaten;2;;
424;Strømme - felt I;Eldre reguleringsplan (PBL 1985);30;Utgått/erstattet;5;17.09.1984;Plan- og bygningsloven av 1985 eller før;5;På grunnen/vannoverflaten;2;Med bestemmelser som egen tekst;1
425;Kvartal 19, Vestre Strandgate 24a og 26;Eldre reguleringsplan (PBL 1985);30;Endelig vedtatt arealplan;3;08.10.1984;Plan- og bygningsloven av 1985 eller før;5;På grunnen/vannoverflaten;2;Planbestemmelser både på kart og som egen tekst;4
426;Travbane v/Dyreparken;Eldre reguleringsplan (PBL 1985);30;Utgått/erstattet;5;16.10.1984;Plan- og bygningsloven av 1985 eller før;5;På grunnen/vannoverflaten;2;Med bestemmelser som egen tekst;1
427;Rv12 Setesdalsveien g/s v Artillerivollen - Ravndalsveien;Eldre reguleringsplan (PBL 1985);30;Endelig vedtatt arealplan;3;18.10.1984;Plan- og bygningsloven av 1985 eller før;5;På grunnen/vannoverflaten;2;Uten bestemmelser;2
428;Hånes E2, del av;Eldre reguleringsplan (PBL 1985);30;Endelig vedtatt arealplan;3;21.11.1984;Plan- og bygningsloven av 1985 eller før;5;På grunnen/vannoverflaten;2;Planbestemmelser både på kart og som egen tekst;4
429;SØDAL TERRASSE, FORLENGELSE;Eldre reguleringsplan (PBL 1985);30;Endelig vedtatt arealplan;3;26.11.1984;Plan- og bygningsloven av 1985 eller før;5;På grunnen/vannoverflaten;2;Med bestemmelser som egen tekst;1
430;TORSVIKHEIA BEF OMREGULERING TIL BARNEHAGE;Eldre reguleringsplan (PBL 1985);30;Endelig vedtatt arealplan;3;17.08.1983;Plan- og bygningsloven av 1985 eller før;5;På grunnen/vannoverflaten;2;Med bestemmelser som egen tekst;1
431;ENRUM;Eldre reguleringsplan (PBL 1985);30;Endelig vedtatt arealplan;3;19.12.1984;Plan- og bygningsloven av 1985 eller før;5;På grunnen/vannoverflaten;2;Med bestemmelser som egen tekst;1
432;E18 Varoddbrua gang- og sykkelbane;Eldre reguleringsplan (PBL 1985);30;Utgått/erstattet;5;19.12.1984;Bygningsloven av 1965;3;På grunnen/vannoverflaten;2;;
433;Korsvikfjorden industriområde, del av gnr. 96, bnr. 124, 125;Eldre reguleringsplan (PBL 1985);30;Endelig vedtatt arealplan;3;24.10.1984;Plan- og bygningsloven av 1985 eller før;5;På grunnen/vannoverflaten;2;Uten bestemmelser;2
434;Tømmerstø del av gammel plan;Eldre reguleringsplan (PBL 1985);30;Endelig vedtatt arealplan;3;20.12.1984;Plan- og bygningsloven av 1985 eller før;5;På grunnen/vannoverflaten;2;Planbestemmelser både på kart og som egen tekst;4
435;LILLEFJELL, MOSBY;Eldre reguleringsplan (PBL 1985);30;Endelig vedtatt arealplan;3;20.03.1985;Plan- og bygningsloven av 1985 eller før;5;På grunnen/vannoverflaten;2;Med bestemmelser som egen tekst;1
436;Hånes felt BF og Epleveien 1;Eldre reguleringsplan (PBL 1985);30;Endelig vedtatt arealplan;3;19.12.1984;Plan- og bygningsloven av 1985 eller før;5;På grunnen/vannoverflaten;2;Planbestemmelser både på kart og som egen tekst;4
437;Espelund, Gnr. 39, Bnr. 7, 58, 74, 88;Eldre reguleringsplan (PBL 1985);30;Endelig vedtatt arealplan;3;20.03.1985;Plan- og bygningsloven av 1985 eller før;5;På grunnen/vannoverflaten;2;Planbestemmelser både på kart og som egen tekst;4
438;Eg sykehus;Eldre reguleringsplan (PBL 1985);30;Utgått/erstattet;5;26.06.1985;Bygningsloven av 1965;3;På grunnen/vannoverflaten;2;;
439;Vestheiene felt F1 og del av Breimyrveien;Eldre reguleringsplan (PBL 1985);30;Endelig vedtatt arealplan;3;24.04.1985;Plan- og bygningsloven av 1985 eller før;5;På grunnen/vannoverflaten;2;Planbestemmelser både på kart og som egen tekst;4
43A;Snorresgt. 12 - 22;Eldre reguleringsplan (PBL 1985);30;Endelig vedtatt arealplan;3;17.04.1967;Plan- og bygningsloven av 1985 eller før;5;På grunnen/vannoverflaten;2;Uten bestemmelser;2
440;Gnr.82,Bnr.3 m.fl. hytteområde Sodefjed;Eldre reguleringsplan (PBL 1985);30;Endelig vedtatt arealplan;3;28.06.1985;Plan- og bygningsloven av 1985 eller før;5;På grunnen/vannoverflaten;2;Planbestemmelser både på kart og som egen tekst;4
441;Jaktodden 2;Eldre reguleringsplan (PBL 1985);30;Utgått/erstattet;5;29.05.1985;Bygningsloven av 1965;3;På grunnen/vannoverflaten;2;;
442;Del av Krooddveien, masseuttak Kjerregårdsbukta;Eldre reguleringsplan (PBL 1985);30;Endelig vedtatt arealplan;3;24.04.1985;Plan- og bygningsloven av 1985 eller før;5;På grunnen/vannoverflaten;2;Planbestemmelser både på kart og som egen tekst;4
443;Tinnheiveien, gang/sykkelvei, fra Ledningdalen til Natriumveien;Eldre reguleringsplan (PBL 1985);30;Endelig vedtatt arealplan;3;19.12.1984;Plan- og bygningsloven av 1985 eller før;5;På grunnen/vannoverflaten;2;Uten bestemmelser;2
444;Steindalen/Skonnertveien g/s;Eldre reguleringsplan (PBL 1985);30;Endelig vedtatt arealplan;3;28.03.1984;Plan- og bygningsloven av 1985 eller før;5;På grunnen/vannoverflaten;2;Uten bestemmelser;2
445;Hånes service og skolesenter (tomt til idrettsanlegg);Eldre reguleringsplan (PBL 1985);30;Endelig vedtatt arealplan;3;29.05.1985;Plan- og bygningsloven av 1985 eller før;5;På grunnen/vannoverflaten;2;Uten bestemmelser;2
446;ØSTRE RINGVEI BENSINSTASJON;Eldre reguleringsplan (PBL 1985);30;Utgått/erstattet;5;29.05.1985;Plan- og bygningsloven av 1985 eller før;5;På grunnen/vannoverflaten;2;Med bestemmelser som egen tekst;1
447;Dvergsnesveien, Korsvik - Dvergsnes;Eldre reguleringsplan (PBL 1985);30;Endelig vedtatt arealplan;3;24.04.1985;Plan- og bygningsloven av 1985 eller før;5;På grunnen/vannoverflaten;2;Uten bestemmelser;2
448;Kvartal 49;Eldre reguleringsplan (PBL 1985);30;Utgått/erstattet;5;29.05.1985;Plan- og bygningsloven av 1985 eller før;5;På grunnen/vannoverflaten;2;Med bestemmelser som egen tekst;1
449;Strandbakken;Bebyggelsesplan iht. reguleringsplan (PBL 1985);32;Utgått/erstattet;5;27.03.1985;Bygningsloven av 1965;3;På grunnen/vannoverflaten;2;;
450;E18 øst, strekningen Vollevannet - gamle Vigevei;Eldre reguleringsplan (PBL 1985);30;Endelig vedtatt arealplan;3;23.10.1985;Plan- og bygningsloven av 1985 eller før;5;På grunnen/vannoverflaten;2;Uten bestemmelser;2
451;Hommeren kirketomt;Eldre reguleringsplan (PBL 1985);30;Endelig vedtatt arealplan;3;23.10.1985;Plan- og bygningsloven av 1985 eller før;5;På grunnen/vannoverflaten;2;Planbestemmelser både på kart og som egen tekst;4
452;Vestheiene senter G2;Eldre reguleringsplan (PBL 1985);30;Endelig vedtatt arealplan;3;23.10.1985;Plan- og bygningsloven av 1985 eller før;5;På grunnen/vannoverflaten;2;Planbestemmelser både på kart og som egen tekst;4
453;Karuss idrettsanlegg;Eldre reguleringsplan (PBL 1985);30;Utgått/erstattet;5;12.08.1985;Bygningsloven av 1965;3;På grunnen/vannoverflaten;2;;
454;KOLEMILA BÅTHAVN GNR.98,BNR.28;Eldre reguleringsplan (PBL 1985);30;Endelig vedtatt arealplan;3;15.10.1985;Plan- og bygningsloven av 1985 eller før;5;På grunnen/vannoverflaten;2;Med bestemmelser som egen tekst;1
455;BLØRSTAD INDUSTRI /FORRETNING / TRAFIKK;Eldre reguleringsplan (PBL 1985);30;Utgått/erstattet;5;27.11.1985;Bygningsloven av 1965;3;På grunnen/vannoverflaten;2;Med bestemmelser som egen tekst;1
456;Gnr. 11, BNR. 5 og 568, Voiebyen;Eldre reguleringsplan (PBL 1985);30;Endelig vedtatt arealplan;3;11.12.1985;Plan- og bygningsloven av 1985 eller før;5;På grunnen/vannoverflaten;2;Planbestemmelser både på kart og som egen tekst;4
457;Gnr. 12, bnr. 561 Hundebakken;Eldre reguleringsplan (PBL 1985);30;Endelig vedtatt arealplan;3;29.01.1986;Plan- og bygningsloven av 1985 eller før;5;På grunnen/vannoverflaten;2;Planbestemmelser både på kart og som egen tekst;4
458;E18 kryss ved Sørlandsparken;Eldre reguleringsplan (PBL 1985);30;Uaktuell/trukket;10;;Plan- og bygningsloven av 1985 eller før;5;På grunnen/vannoverflaten;2;Uten bestemmelser;2
459;Arenfeldtsvei g/s vei fra Kokleheia til Torridalsveien;Eldre reguleringsplan (PBL 1985);30;Endelig vedtatt arealplan;3;19.03.1986;Plan- og bygningsloven av 1985 eller før;5;På grunnen/vannoverflaten;2;Uten bestemmelser;2
460;Arenfeldtsvei, fra Torridalsv. til Oberst Ltn. Omdalsv.;Eldre reguleringsplan (PBL 1985);30;Endelig vedtatt arealplan;3;02.04.1986;Plan- og bygningsloven av 1985 eller før;5;På grunnen/vannoverflaten;2;Uten bestemmelser;2
461;Odderhei;Eldre reguleringsplan (PBL 1985);30;Endelig vedtatt arealplan;3;29.10.1986;Plan- og bygningsloven av 1985 eller før;5;På grunnen/vannoverflaten;2;Med bestemmelser som egen tekst;1
462;Strømme/Korsvik - felt R og S;Eldre reguleringsplan (PBL 1985);30;Endelig vedtatt arealplan;3;30.04.1986;Plan- og bygningsloven av 1985 eller før;5;På grunnen/vannoverflaten;2;Planbestemmelser både på kart og som egen tekst;4
463;Hånes felt E3;Eldre reguleringsplan (PBL 1985);30;Endelig vedtatt arealplan;3;02.04.1986;Plan- og bygningsloven av 1985 eller før;5;På grunnen/vannoverflaten;2;Planbestemmelser både på kart og som egen tekst;4
464;Gimle gård / Gimleveien g/s vei;Eldre reguleringsplan (PBL 1985);30;Endelig vedtatt arealplan;3;02.04.1986;Plan- og bygningsloven av 1985 eller før;5;På grunnen/vannoverflaten;2;Uten bestemmelser;2
465;Vestheiene felt 3A;Eldre reguleringsplan (PBL 1985);30;Endelig vedtatt arealplan;3;18.12.1985;Plan- og bygningsloven av 1985 eller før;5;På grunnen/vannoverflaten;2;Planbestemmelser både på kart og som egen tekst;4
466;RANDESUND SKYTEBANE GNR.78,BNR.1;Eldre reguleringsplan (PBL 1985);30;Utgått/erstattet;5;30.04.1986;Plan- og bygningsloven av 1985 eller før;5;På grunnen/vannoverflaten;2;Med bestemmelser som egen tekst;1
467;Sødal Industriområde;Eldre reguleringsplan (PBL 1985);30;Utgått/erstattet;5;28.05.1986;Plan- og bygningsloven av 1985;4;På grunnen/vannoverflaten;2;;
468;Kjerrheia industritomter;Eldre reguleringsplan (PBL 1985);30;Endelig vedtatt arealplan;3;18.06.1986;Plan- og bygningsloven av 1985 eller før;5;På grunnen/vannoverflaten;2;Planbestemmelser både på kart og som egen tekst;4
469;HANNEVIKDALEN - RIGEDALEN;Eldre reguleringsplan (PBL 1985);30;Utgått/erstattet;5;29.04.1986;Bygningsloven av 1965;3;På grunnen/vannoverflaten;2;Med bestemmelser som egen tekst;1
470;Holskogen industriområde;Eldre reguleringsplan (PBL 1985);30;Endelig vedtatt arealplan;3;15.04.1986;Plan- og bygningsloven av 1985 eller før;5;På grunnen/vannoverflaten;2;Planbestemmelser både på kart og som egen tekst;4
471;Dalsveiens forlengelse;Eldre reguleringsplan (PBL 1985);30;Endelig vedtatt arealplan;3;27.08.1986;Plan- og bygningsloven av 1985 eller før;5;På grunnen/vannoverflaten;2;Planbestemmelser både på kart og som egen tekst;4
472;Gnr. 14. bnr. 91 m.fl. Fidjane;Eldre reguleringsplan (PBL 1985);30;Endelig vedtatt arealplan;3;27.08.1986;Plan- og bygningsloven av 1985 eller før;5;På grunnen/vannoverflaten;2;Planbestemmelser både på kart og som egen tekst;4
473;RANDESUND INDUSTRIOMRÅDE, SONE 2;Eldre reguleringsplan (PBL 1985);30;Utgått/erstattet;5;18.09.1986;Plan- og bygningsloven av 1985 eller før;5;;;;
474;Gnr. 11, Bnr. 14;Eldre reguleringsplan (PBL 1985);30;Endelig vedtatt arealplan;3;20.10.1986;Plan- og bygningsloven av 1985 eller før;5;På grunnen/vannoverflaten;2;Planbestemmelser både på kart og som egen tekst;4
475;Slettkollen;Eldre reguleringsplan (PBL 1985);30;Utgått/erstattet;5;25.09.1986;Plan- og bygningsloven av 1985;4;På grunnen/vannoverflaten;2;Med bestemmelser som egen tekst;1
476;TRAVPARKEN REGULERINGSENDRING;Eldre reguleringsplan (PBL 1985);30;Utgått/erstattet;5;30.09.1987;Plan- og bygningsloven av 1985 eller før;5;På grunnen/vannoverflaten;2;;
477;Møllevannsveien 79;Eldre reguleringsplan (PBL 1985);30;Endelig vedtatt arealplan;3;14.01.1987;Plan- og bygningsloven av 1985 eller før;5;På grunnen/vannoverflaten;2;Planbestemmelser både på kart og som egen tekst;4
478;GNR. 8, BNR. 228. DEL AV BRØVIG GÅRD;Eldre reguleringsplan (PBL 1985);30;Endelig vedtatt arealplan;3;14.01.1987;Plan- og bygningsloven av 1985 eller før;5;På grunnen/vannoverflaten;2;Med bestemmelser som egen tekst;1
479;Andøyveien, g/s vei fra kryss Vågsbygdv. til Øgrey;Eldre reguleringsplan (PBL 1985);30;Endelig vedtatt arealplan;3;26.11.1986;Plan- og bygningsloven av 1985 eller før;5;På grunnen/vannoverflaten;2;Uten bestemmelser;2
480;Bråvann;Eldre reguleringsplan (PBL 1985);30;Endelig vedtatt arealplan;3;25.02.1987;Plan- og bygningsloven av 1985 eller før;5;På grunnen/vannoverflaten;2;Planbestemmelser både på kart og som egen tekst;4
481;Rabberstien 27, 29 omregulert til boligformål;Eldre reguleringsplan (PBL 1985);30;Endelig vedtatt arealplan;3;25.02.1987;Plan- og bygningsloven av 1985 eller før;5;På grunnen/vannoverflaten;2;Planbestemmelser både på kart og som egen tekst;4
482;Vestre Strandgate 21 ;Eldre reguleringsplan (PBL 1985);30;Endelig vedtatt arealplan;3;04.03.1987;Plan- og bygningsloven av 1985 eller før;5;På grunnen/vannoverflaten;2;Med bestemmelser som egen tekst;1
483;E18 VEST, BUSSLOMME VED KOLSTADTJØNN;Eldre reguleringsplan (PBL 1985);30;Utgått/erstattet;5;04.03.1987;Plan- og bygningsloven av 1985 eller før;5;På grunnen/vannoverflaten;2;Uten bestemmelser;2
484;Rv. 39 g/s vei Ve - Ryen;Eldre reguleringsplan (PBL 1985);30;Utgått/erstattet;5;16.01.1986;Bygningsloven av 1965;3;På grunnen/vannoverflaten;2;Med bestemmelser som egen tekst;1
485;Hånes, felt E1 Ansgarskolen;Eldre reguleringsplan (PBL 1985);30;Utgått/erstattet;5;01.04.1987;Bygningsloven av 1965;3;På grunnen/vannoverflaten;2;Med bestemmelser som egen tekst;1
487;Åsane del av gnr. 13, bnr. 888;Eldre reguleringsplan (PBL 1985);30;Endelig vedtatt arealplan;3;29.04.1987;Plan- og bygningsloven av 1985 eller før;5;På grunnen/vannoverflaten;2;Planbestemmelser både på kart og som egen tekst;4
488;Møllevannsveien, g/s vei fra Grim skole til Krossen;Eldre reguleringsplan (PBL 1985);30;Endelig vedtatt arealplan;3;29.04.1987;Plan- og bygningsloven av 1985 eller før;5;På grunnen/vannoverflaten;2;Uten bestemmelser;2
489;Hattesteinen industriområde;Eldre reguleringsplan (PBL 1985);30;Endelig vedtatt arealplan;3;29.04.1987;Plan- og bygningsloven av 1985 eller før;5;På grunnen/vannoverflaten;2;Planbestemmelser både på kart og som egen tekst;4
490;Slottskvartalet;Eldre reguleringsplan (PBL 1985);30;Endelig vedtatt arealplan;3;29.04.1987;Plan- og bygningsloven av 1985 eller før;5;På grunnen/vannoverflaten;2;Planbestemmelser både på kart og som egen tekst;4
491;Geiderøy, Bro over Skibbusundet;Eldre reguleringsplan (PBL 1985);30;Endelig vedtatt arealplan;3;29.04.1987;Plan- og bygningsloven av 1985 eller før;5;På grunnen/vannoverflaten;2;Planbestemmelser både på kart og som egen tekst;4
492;Elvebredden øst;Eldre reguleringsplan (PBL 1985);30;Endelig vedtatt arealplan;3;27.05.1987;Plan- og bygningsloven av 1985 eller før;5;På grunnen/vannoverflaten;2;Planbestemmelser både på kart og som egen tekst;4
493;Hellemyråsen 40-70;Eldre reguleringsplan (PBL 1985);30;Endelig vedtatt arealplan;3;18.06.1987;Plan- og bygningsloven av 1985 eller før;5;På grunnen/vannoverflaten;2;Uten bestemmelser;2
494;E18 øst Narvikbakken;Eldre reguleringsplan (PBL 1985);30;Endelig vedtatt arealplan;3;27.05.1987;Plan- og bygningsloven av 1985 eller før;5;På grunnen/vannoverflaten;2;Uten bestemmelser;2
495;FLEKKERØY, FASTLANDSFORBINDELSE;Eldre reguleringsplan (PBL 1985);30;Utgått/erstattet;5;18.06.1987;Plan- og bygningsloven av 1985 eller før;5;På grunnen/vannoverflaten;2;Uten bestemmelser;2
497;Karussområdet. Tomt til almennyttig formål.;Eldre reguleringsplan (PBL 1985);30;Endelig vedtatt arealplan;3;17.06.1987;Plan- og bygningsloven av 1985 eller før;5;På grunnen/vannoverflaten;2;Planbestemmelser både på kart og som egen tekst;4
498;Voie - gnr 11 bnr del av 3 og bnr 22;Eldre reguleringsplan (PBL 1985);30;Utgått/erstattet;5;27.05.1987;Plan- og bygningsloven av 1985;4;På grunnen/vannoverflaten;2;;
499;Hellemyromr. IV, omreg. av vei;Eldre reguleringsplan (PBL 1985);30;Endelig vedtatt arealplan;3;18.06.1987;Plan- og bygningsloven av 1985 eller før;5;På grunnen/vannoverflaten;2;Uten bestemmelser;2
500;Rv 12 Høie - Mosby;Eldre reguleringsplan (PBL 1985);30;Utgått/erstattet;5;29.11.1985;Plan- og bygningsloven av 1985 eller før;5;På grunnen/vannoverflaten;2;;
501;E18 Fidjane, toplanskryss;Eldre reguleringsplan (PBL 1985);30;Endelig vedtatt arealplan;3;18.06.1987;Plan- og bygningsloven av 1985 eller før;5;På grunnen/vannoverflaten;2;Planbestemmelser både på kart og som egen tekst;4
502;Dallonaveien utvidelse;Eldre reguleringsplan (PBL 1985);30;Endelig vedtatt arealplan;3;04.11.1987;Plan- og bygningsloven av 1985 eller før;5;På grunnen/vannoverflaten;2;Uten bestemmelser;2
503;Gnr. 14, bnr. 15, Vågsbygdveien 22;Eldre reguleringsplan (PBL 1985);30;Endelig vedtatt arealplan;3;25.11.1987;Plan- og bygningsloven av 1985 eller før;5;På grunnen/vannoverflaten;2;Planbestemmelser både på kart og som egen tekst;4
504;Gnr. 151, bnr.1, ved Eigevannene;Eldre reguleringsplan (PBL 1985);30;Endelig vedtatt arealplan;3;04.11.1987;Plan- og bygningsloven av 1985 eller før;5;På grunnen/vannoverflaten;2;Planbestemmelser både på kart og som egen tekst;4
505;Breidalsholmen;Eldre reguleringsplan (PBL 1985);30;Utgått/erstattet;5;16.12.1987;Plan- og bygningsloven av 1985;4;På grunnen/vannoverflaten;2;;
506;Elvebredden syd/øst, Høivold brygge;Eldre reguleringsplan (PBL 1985);30;Utgått/erstattet;5;28.10.1987;Plan- og bygningsloven av 1985 eller før;5;På grunnen/vannoverflaten;2;Planbestemmelser både på kart og som egen tekst;4
507;Løvsangerveien 36 aldersboliger;Eldre reguleringsplan (PBL 1985);30;Endelig vedtatt arealplan;3;07.06.1985;Plan- og bygningsloven av 1985 eller før;5;På grunnen/vannoverflaten;2;Planbestemmelser både på kart og som egen tekst;4
508;RV.39.GANG/SYKKELVEI HAMRE-GROVIKA;Eldre reguleringsplan (PBL 1985);30;Utgått/erstattet;5;25.02.1985;Plan- og bygningsloven av 1985 eller før;5;På grunnen/vannoverflaten;2;Uten bestemmelser;2
509;Voie - Kyresund ;Eldre reguleringsplan (PBL 1985);30;Endelig vedtatt arealplan;3;23.03.1988;Plan- og bygningsloven av 1985 eller før;5;På grunnen/vannoverflaten;2;Planbestemmelser både på kart og som egen tekst;4
510;SØDAL INDUSTRIOMRÅDE;Eldre reguleringsplan (PBL 1985);30;Utgått/erstattet;5;04.11.1987;Plan- og bygningsloven av 1985 eller før;5;På grunnen/vannoverflaten;2;Uten bestemmelser;2
511;Hånes felt E1 (Anskarskolen);Eldre reguleringsplan (PBL 1985);30;Endelig vedtatt arealplan;3;27.01.1988;Plan- og bygningsloven av 1985 eller før;5;På grunnen/vannoverflaten;2;Planbestemmelser både på kart og som egen tekst;4
512;Gnr. 2, bnr. 107 og 255, Skålevik;Eldre reguleringsplan (PBL 1985);30;Endelig vedtatt arealplan;3;02.03.1988;Plan- og bygningsloven av 1985 eller før;5;På grunnen/vannoverflaten;2;Planbestemmelser både på kart og som egen tekst;4
513;E18 GANGBRO TIL FIDJEBAKKEN/FIDJETOPPEN;Eldre reguleringsplan (PBL 1985);30;Utgått/erstattet;5;26.08.1987;Plan- og bygningsloven av 1985 eller før;5;På grunnen/vannoverflaten;2;Uten bestemmelser;2
514;GNR. 12, BNR. 93, SELJEVEIEN;Eldre reguleringsplan (PBL 1985);30;Utgått/erstattet;5;02.03.1988;Plan- og bygningsloven av 1985 eller før;5;På grunnen/vannoverflaten;2;Uten bestemmelser;2
515;Ålefjærveien fra Bleget til E18;Eldre reguleringsplan (PBL 1985);30;Endelig vedtatt arealplan;3;27.11.1985;Plan- og bygningsloven av 1985 eller før;5;På grunnen/vannoverflaten;2;Planbestemmelser både på kart og som egen tekst;4
516;Rv 456 Vågsbygdveien;Eldre reguleringsplan (PBL 1985);30;Opphevet;4;24.01.1986;Plan- og bygningsloven av 1985 eller før;5;;;;
517;Hannevikdalen industriomr., felt Rigedalen;Eldre reguleringsplan (PBL 1985);30;Endelig vedtatt arealplan;3;18.06.1987;Plan- og bygningsloven av 1985 eller før;5;På grunnen/vannoverflaten;2;Planbestemmelser både på kart og som egen tekst;4
518;Andøya;Eldre reguleringsplan (PBL 1985);30;Endelig vedtatt arealplan;3;16.12.1987;Plan- og bygningsloven av 1985 eller før;5;På grunnen/vannoverflaten;2;Planbestemmelser både på kart og som egen tekst;4
519;Hyttemyrheia;Eldre reguleringsplan (PBL 1985);30;Endelig vedtatt arealplan;3;25.05.1988;Plan- og bygningsloven av 1985 eller før;5;På grunnen/vannoverflaten;2;Planbestemmelser både på kart og som egen tekst;4
520;Bråvann felt B1;Eldre reguleringsplan (PBL 1985);30;Endelig vedtatt arealplan;3;25.05.1988;Plan- og bygningsloven av 1985 eller før;5;På grunnen/vannoverflaten;2;Planbestemmelser både på kart og som egen tekst;4
521;Vågsbygd - bolig, service og rehab.senter;Eldre reguleringsplan (PBL 1985);30;Endelig vedtatt arealplan;3;22.06.1988;Plan- og bygningsloven av 1985 eller før;5;På grunnen/vannoverflaten;2;Planbestemmelser både på kart og som egen tekst;4
522;Rv. 12 Setesdalsveien, Høie - Mosby;Eldre reguleringsplan (PBL 1985);30;Utgått/erstattet;5;23.03.1988;Plan- og bygningsloven av 1985;4;På grunnen/vannoverflaten;2;;
523;Hattesteinen - atkomstvei;Eldre reguleringsplan (PBL 1985);30;Endelig vedtatt arealplan;3;22.06.1988;Plan- og bygningsloven av 1985 eller før;5;På grunnen/vannoverflaten;2;Uten bestemmelser;2
524;Hamresandveien Tveit;Eldre reguleringsplan (PBL 1985);30;Endelig vedtatt arealplan;3;22.06.1988;Plan- og bygningsloven av 1985 eller før;5;På grunnen/vannoverflaten;2;Uten bestemmelser;2
525;Blørstad, industri/forretning/trafikk;Eldre reguleringsplan (PBL 1985);30;Opphevet;4;27.05.1988;Plan- og bygningsloven av 1985;4;På grunnen/vannoverflaten;2;;
526;Rv.12, Mosby Ringvei-Aukland. g/s vei;Eldre reguleringsplan (PBL 1985);30;Endelig vedtatt arealplan;3;07.09.1988;Plan- og bygningsloven av 1985 eller før;5;På grunnen/vannoverflaten;2;Uten bestemmelser;2
527;E18 Fidjane Vegserviceanlegg (syd for E18);Eldre reguleringsplan (PBL 1985);30;Endelig vedtatt arealplan;3;25.05.1988;Plan- og bygningsloven av 1985 eller før;5;På grunnen/vannoverflaten;2;Planbestemmelser både på kart og som egen tekst;4
528;Kjosbukta naturreservat fredet;Eldre reguleringsplan (PBL 1985);30;Endelig vedtatt arealplan;3;10.11.1998;Plan- og bygningsloven av 1985 eller før;5;På grunnen/vannoverflaten;2;Planbestemmelser både på kart og som egen tekst;4
529;Elvebredden syd/øst;Bebyggelsesplan iht. reguleringsplan (PBL 1985);32;Endelig vedtatt arealplan;3;05.10.1998;Plan- og bygningsloven av 1985 eller før;5;På grunnen/vannoverflaten;2;Planbestemmelser både på kart og som egen tekst;4
530;Gangdalen ny adkomst, alt. 4;Eldre reguleringsplan (PBL 1985);30;Endelig vedtatt arealplan;3;25.05.1988;Plan- og bygningsloven av 1985 eller før;5;På grunnen/vannoverflaten;2;Uten bestemmelser;2
531;Kvartal 6;Eldre reguleringsplan (PBL 1985);30;Endelig vedtatt arealplan;3;14.12.1988;Plan- og bygningsloven av 1985 eller før;5;På grunnen/vannoverflaten;2;Planbestemmelser både på kart og som egen tekst;4
532;Vestheiene felt A;Eldre reguleringsplan (PBL 1985);30;Endelig vedtatt arealplan;3;25.05.1988;Plan- og bygningsloven av 1985 eller før;5;På grunnen/vannoverflaten;2;Planbestemmelser både på kart og som egen tekst;4
533;Gnr. 12, bnr. 16 Holskogveien/Rådyrveien;Eldre reguleringsplan (PBL 1985);30;Endelig vedtatt arealplan;3;14.12.1988;Plan- og bygningsloven av 1985 eller før;5;På grunnen/vannoverflaten;2;Planbestemmelser både på kart og som egen tekst;4
534;Fidjemoen, Gnr. 14, bnr. 316;Eldre reguleringsplan (PBL 1985);30;Endelig vedtatt arealplan;3;14.12.1988;Plan- og bygningsloven av 1985 eller før;5;På grunnen/vannoverflaten;2;Planbestemmelser både på kart og som egen tekst;4
535;Rv. 12 Setesdalsveien Høie - Mosby, endring;Eldre reguleringsplan (PBL 1985);30;Endelig vedtatt arealplan;3;26.10.1988;Plan- og bygningsloven av 1985 eller før;5;På grunnen/vannoverflaten;2;Uten bestemmelser;2
536;GEIDERØY, LILLE. FISKERIHAVN;Eldre reguleringsplan (PBL 1985);30;Utgått/erstattet;5;07.09.1988;Plan- og bygningsloven av 1985 eller før;5;På grunnen/vannoverflaten;2;Med bestemmelser som egen tekst;1
537;TRAVPARKEN DEL SYD;Eldre reguleringsplan (PBL 1985);30;Utgått/erstattet;5;01.02.1989;Plan- og bygningsloven av 1985 eller før;5;;;;
538;Gangdalen  nord;Eldre reguleringsplan (PBL 1985);30;Endelig vedtatt arealplan;3;07.09.1988;Plan- og bygningsloven av 1985 eller før;5;På grunnen/vannoverflaten;2;Planbestemmelser både på kart og som egen tekst;4
539;Hånes felt A - gnr 63, bnr 47 og 64;Eldre reguleringsplan (PBL 1985);30;Endelig vedtatt arealplan;3;14.12.1988;Plan- og bygningsloven av 1985 eller før;5;På grunnen/vannoverflaten;2;Planbestemmelser både på kart og som egen tekst;4
540;Lyngøya-Lyngøyhavn, Gnr.54 bnr.1 OG 2;Eldre reguleringsplan (PBL 1985);30;Endelig vedtatt arealplan;3;01.02.1989;Plan- og bygningsloven av 1985 eller før;5;På grunnen/vannoverflaten;2;Planbestemmelser både på kart og som egen tekst;4
541;Rv.39 g/s vei Ve-Ryen;Eldre reguleringsplan (PBL 1985);30;Endelig vedtatt arealplan;3;27.01.1988;Plan- og bygningsloven av 1985 eller før;5;På grunnen/vannoverflaten;2;Uten bestemmelser;2
542;Gnr 63, bnr 1 - Hånes;Eldre reguleringsplan (PBL 1985);30;Endelig vedtatt arealplan;3;26.04.1989;Plan- og bygningsloven av 1985 eller før;5;På grunnen/vannoverflaten;2;Planbestemmelser både på kart og som egen tekst;4
543;Lindebakken, trialbane;Eldre reguleringsplan (PBL 1985);30;Endelig vedtatt arealplan;3;29.03.1989;Plan- og bygningsloven av 1985 eller før;5;På grunnen/vannoverflaten;2;Planbestemmelser både på kart og som egen tekst;4
544;Vågsbygdveien 72 - gnr. 13, bnr. 857;Eldre reguleringsplan (PBL 1985);30;Endelig vedtatt arealplan;3;29.03.1989;Plan- og bygningsloven av 1985 eller før;5;På grunnen/vannoverflaten;2;Planbestemmelser både på kart og som egen tekst;4
545;Gnr. 11, bnr. 8, 144, 710. Andøyveien;Eldre reguleringsplan (PBL 1985);30;Endelig vedtatt arealplan;3;29.03.1989;Plan- og bygningsloven av 1985 eller før;5;På grunnen/vannoverflaten;2;Planbestemmelser både på kart og som egen tekst;4
546;MATERIALSTYKKET 5;Eldre reguleringsplan (PBL 1985);30;Utgått/erstattet;5;09.05.1989;Plan- og bygningsloven av 1985 eller før;5;På grunnen/vannoverflaten;2;Med bestemmelser som egen tekst;1
547;Lindebø - Skålevik, areal B;Eldre reguleringsplan (PBL 1985);30;Endelig vedtatt arealplan;3;29.03.1989;Plan- og bygningsloven av 1985 eller før;5;På grunnen/vannoverflaten;2;Med bestemmelser som egen tekst;1
548;Markensgt. forlengelse av gågate til Slottet;Eldre reguleringsplan (PBL 1985);30;Endelig vedtatt arealplan;3;29.03.1989;Plan- og bygningsloven av 1985 eller før;5;På grunnen/vannoverflaten;2;Uten bestemmelser;2
549;Gnr. 99, bnr. 6 og 15 Dyre- og fritidsparken (Kardemomeby);Eldre reguleringsplan (PBL 1985);30;Utgått/erstattet;5;28.09.1988;Plan- og bygningsloven av 1985 eller før;5;På grunnen/vannoverflaten;2;Med bestemmelser som egen tekst;1
550;Hyllebakken, del av;Eldre reguleringsplan (PBL 1985);30;Endelig vedtatt arealplan;3;29.03.1989;Plan- og bygningsloven av 1985 eller før;5;På grunnen/vannoverflaten;2;Planbestemmelser både på kart og som egen tekst;4
551;VIGE, GNR. 42, BNR. 203.;Eldre reguleringsplan (PBL 1985);30;Utgått/erstattet;5;23.03.1988;Plan- og bygningsloven av 1985 eller før;5;På grunnen/vannoverflaten;2;Med bestemmelser som egen tekst;1
553;GUNNERSNESBUKTA FRIOMRÅDE;Eldre reguleringsplan (PBL 1985);30;Utgått/erstattet;5;25.11.1987;Plan- og bygningsloven av 1985 eller før;5;På grunnen/vannoverflaten;2;Med bestemmelser som egen tekst;1
554;Epleveien/Plommeveien, parkering/trafikk;Eldre reguleringsplan (PBL 1985);30;Endelig vedtatt arealplan;3;28.09.1988;Plan- og bygningsloven av 1985 eller før;5;På grunnen/vannoverflaten;2;Uten bestemmelser;2
555;Dalaneveien 21;Eldre reguleringsplan (PBL 1985);30;Endelig vedtatt arealplan;3;08.06.1988;Plan- og bygningsloven av 1985 eller før;5;På grunnen/vannoverflaten;2;Planbestemmelser både på kart og som egen tekst;4
556;GNR. 3, BNR. 11, 14. LINDEBØ;Eldre reguleringsplan (PBL 1985);30;Utgått/erstattet;5;29.03.1989;Plan- og bygningsloven av 1985 eller før;5;På grunnen/vannoverflaten;2;Med bestemmelser som egen tekst;1
557;Tveit kirkegård, utvidelse;Eldre reguleringsplan (PBL 1985);30;Endelig vedtatt arealplan;3;29.03.1989;Plan- og bygningsloven av 1985 eller før;5;På grunnen/vannoverflaten;2;Uten bestemmelser;2
558;Slettheiveien, tomt for alm. formål;Eldre reguleringsplan (PBL 1985);30;Endelig vedtatt arealplan;3;03.05.1989;Plan- og bygningsloven av 1985 eller før;5;På grunnen/vannoverflaten;2;Planbestemmelser både på kart og som egen tekst;4
559;Sagbekken, Holskogveien;Eldre reguleringsplan (PBL 1985);30;Endelig vedtatt arealplan;3;27.09.1989;Plan- og bygningsloven av 1985 eller før;5;På grunnen/vannoverflaten;2;Planbestemmelser både på kart og som egen tekst;4
560;Jaktoddveien 2;Eldre reguleringsplan (PBL 1985);30;Endelig vedtatt arealplan;3;27.09.1989;Plan- og bygningsloven av 1985 eller før;5;På grunnen/vannoverflaten;2;Planbestemmelser både på kart og som egen tekst;4
561;Gnr. 8, bnr. 297, Brøvig gård. båthus;Eldre reguleringsplan (PBL 1985);30;Endelig vedtatt arealplan;3;28.06.1989;Plan- og bygningsloven av 1985 eller før;5;På grunnen/vannoverflaten;2;Planbestemmelser både på kart og som egen tekst;4
562;E18 øst, Varodden - Haumyrheia - ny Varoddbro;Eldre reguleringsplan (PBL 1985);30;Endelig vedtatt arealplan;3;28.06.1989;Plan- og bygningsloven av 1985 eller før;5;På grunnen/vannoverflaten;2;Uten bestemmelser;2
563;E18 øst, gml. Vigevei - Marcus Thranesgt.;Eldre reguleringsplan (PBL 1985);30;Endelig vedtatt arealplan;3;27.01.1988;Plan- og bygningsloven av 1985 eller før;5;På grunnen/vannoverflaten;2;Uten bestemmelser;2
564;Eigenes, Flekkerøy;Eldre reguleringsplan (PBL 1985);30;Endelig vedtatt arealplan;3;07.12.1989;Plan- og bygningsloven av 1985 eller før;5;På grunnen/vannoverflaten;2;Planbestemmelser både på kart og som egen tekst;4
565;Kirsten Flagstadsvei 14-16;Eldre reguleringsplan (PBL 1985);30;Opphevet;4;13.12.1989;Plan- og bygningsloven av 1985 eller før;5;På grunnen/vannoverflaten;2;Med bestemmelser som egen tekst;1
567;Grimsbekken fra Setesdalsv. til Grimsvollen;Eldre reguleringsplan (PBL 1985);30;Endelig vedtatt arealplan;3;28.02.1990;Plan- og bygningsloven av 1985 eller før;5;På grunnen/vannoverflaten;2;Uten bestemmelser;2
568;Maristien 1, Gnr. 56, bnr. 244;Eldre reguleringsplan (PBL 1985);30;Endelig vedtatt arealplan;3;31.05.1989;Plan- og bygningsloven av 1985 eller før;5;På grunnen/vannoverflaten;2;Planbestemmelser både på kart og som egen tekst;4
569;Gnr. 19, bnr. 7 Kallebråtet;Eldre reguleringsplan (PBL 1985);30;Endelig vedtatt arealplan;3;31.01.1990;Plan- og bygningsloven av 1985 eller før;5;På grunnen/vannoverflaten;2;Uten bestemmelser;2
570;Gislemyrveien g/s vei fra Fiskådalen til Bokfinkveien;Eldre reguleringsplan (PBL 1985);30;Endelig vedtatt arealplan;3;20.06.1990;Plan- og bygningsloven av 1985 eller før;5;På grunnen/vannoverflaten;2;Uten bestemmelser;2
571;Kvartal 5;Eldre reguleringsplan (PBL 1985);30;Utgått/erstattet;5;29.08.1990;Plan- og bygningsloven av 1985;4;På grunnen/vannoverflaten;2;Med bestemmelser som egen tekst;1
572;Kvartalene 16,17,18,22,23,24,28,29,30 og 35;Eldre reguleringsplan (PBL 1985);30;Endelig vedtatt arealplan;3;29.08.1980;Plan- og bygningsloven av 1985 eller før;5;På grunnen/vannoverflaten;2;Planbestemmelser både på kart og som egen tekst;4
573;Gnr.2,bnr.21 m.fl. Flekkerøy;Eldre reguleringsplan (PBL 1985);30;Endelig vedtatt arealplan;3;25.04.1990;Plan- og bygningsloven av 1985 eller før;5;På grunnen/vannoverflaten;2;Planbestemmelser både på kart og som egen tekst;4
574;Alsvika båthavn;Eldre reguleringsplan (PBL 1985);30;Endelig vedtatt arealplan;3;01.02.1989;Plan- og bygningsloven av 1985 eller før;5;På grunnen/vannoverflaten;2;Uten bestemmelser;2
575;Fidjekilen mellom Fidjebroa og Lanholmen;Eldre reguleringsplan (PBL 1985);30;Endelig vedtatt arealplan;3;28.02.1990;Plan- og bygningsloven av 1985 eller før;5;På grunnen/vannoverflaten;2;Planbestemmelser både på kart og som egen tekst;4
576;Kvartal 25, Børskvartalet;Eldre reguleringsplan (PBL 1985);30;Endelig vedtatt arealplan;3;20.06.1990;Plan- og bygningsloven av 1985 eller før;5;På grunnen/vannoverflaten;2;Planbestemmelser både på kart og som egen tekst;4
577;Breidalsholmen;Eldre reguleringsplan (PBL 1985);30;Endelig vedtatt arealplan;3;26.09.1990;Plan- og bygningsloven av 1985 eller før;5;På grunnen/vannoverflaten;2;Planbestemmelser både på kart og som egen tekst;4
578;E18 øst, øvre Strømme - Haumyrheia;Eldre reguleringsplan (PBL 1985);30;Endelig vedtatt arealplan;3;31.10.1990;Plan- og bygningsloven av 1985 eller før;5;På grunnen/vannoverflaten;2;Planbestemmelser både på kart og som egen tekst;4
579;Østerveien, Rv. 471. Elvegt. - Kongsgård alle;Eldre reguleringsplan (PBL 1985);30;Endelig vedtatt arealplan;3;31.10.1990;Plan- og bygningsloven av 1985 eller før;5;På grunnen/vannoverflaten;2;Planbestemmelser både på kart og som egen tekst;4
580;Kvartal 3;Eldre reguleringsplan (PBL 1985);30;Endelig vedtatt arealplan;3;19.12.1990;Plan- og bygningsloven av 1985 eller før;5;På grunnen/vannoverflaten;2;Planbestemmelser både på kart og som egen tekst;4
581;Møvig brygge - Tollbodhola;Eldre reguleringsplan (PBL 1985);30;Endelig vedtatt arealplan;3;19.12.1990;Plan- og bygningsloven av 1985 eller før;5;På grunnen/vannoverflaten;2;Planbestemmelser både på kart og som egen tekst;4
582;MARINETOMTA, DEL AV;Eldre reguleringsplan (PBL 1985);30;Utgått/erstattet;5;19.12.1990;Plan- og bygningsloven av 1985;4;På grunnen/vannoverflaten;2;;
583;Korsvik industri og boligområder - gnr 97, bnr 5;Eldre reguleringsplan (PBL 1985);30;Endelig vedtatt arealplan;3;31.10.1990;Plan- og bygningsloven av 1985 eller før;5;På grunnen/vannoverflaten;2;Planbestemmelser både på kart og som egen tekst;4
584;Bleget/Hestnestangen;Eldre reguleringsplan (PBL 1985);30;Endelig vedtatt arealplan;3;19.12.1990;Plan- og bygningsloven av 1985;4;På grunnen/vannoverflaten;2;Planbestemmelser både på kart og som egen tekst;4
585;Bjørndal gård, Gnr. 40, bnr. 595 og gnr. 45, bnr. 1, 22 OG 113.;Eldre reguleringsplan (PBL 1985);30;Endelig vedtatt arealplan;3;19.12.1990;Plan- og bygningsloven av 1985 eller før;5;På grunnen/vannoverflaten;2;Planbestemmelser både på kart og som egen tekst;4
586;Egsveien og Andreas Kjærsvei;Eldre reguleringsplan (PBL 1985);30;Endelig vedtatt arealplan;3;06.02.1991;Plan- og bygningsloven av 1985 eller før;5;På grunnen/vannoverflaten;2;Uten bestemmelser;2
587;E18/Fidjane, vegserviceanlegg;Eldre reguleringsplan (PBL 1985);30;Endelig vedtatt arealplan;3;10.04.1991;Plan- og bygningsloven av 1985 eller før;5;På grunnen/vannoverflaten;2;Planbestemmelser både på kart og som egen tekst;4
588;Bordalssløyfen 10,12,24,26,28 OG 30;Eldre reguleringsplan (PBL 1985);30;Endelig vedtatt arealplan;3;15.05.1991;Plan- og bygningsloven av 1985 eller før;5;På grunnen/vannoverflaten;2;Planbestemmelser både på kart og som egen tekst;4
589;Dalaneveien 11A, B OG C. Atkomst;Eldre reguleringsplan (PBL 1985);30;Endelig vedtatt arealplan;3;10.04.1991;Plan- og bygningsloven av 1985 eller før;5;På grunnen/vannoverflaten;2;Uten bestemmelser;2
590;Auglandslia 15, Gnr. 12, bnr. 20;Eldre reguleringsplan (PBL 1985);30;Endelig vedtatt arealplan;3;10.04.1991;Plan- og bygningsloven av 1985 eller før;5;På grunnen/vannoverflaten;2;Planbestemmelser både på kart og som egen tekst;4
591;E18 kryss Hellemyrbakken;Eldre reguleringsplan (PBL 1985);30;Endelig vedtatt arealplan;3;26.08.1987;Plan- og bygningsloven av 1985 eller før;5;På grunnen/vannoverflaten;2;Uten bestemmelser;2
592;Ålefjærveien g/s vei fra Justnes til Jærnesheia;Eldre reguleringsplan (PBL 1985);30;Endelig vedtatt arealplan;3;10.04.1991;Plan- og bygningsloven av 1985 eller før;5;På grunnen/vannoverflaten;2;Uten bestemmelser;2
593;HAMRESANDEN HOTELL, REGULERINGSENDRING;Eldre reguleringsplan (PBL 1985);30;Utgått/erstattet;5;29.05.1991;Plan- og bygningsloven av 1985 eller før;5;På grunnen/vannoverflaten;2;Med bestemmelser som egen tekst;1
594;Bosmyrveien-Vågsbygd ringvei;Eldre reguleringsplan (PBL 1985);30;Endelig vedtatt arealplan;3;29.05.1991;Plan- og bygningsloven av 1985 eller før;5;På grunnen/vannoverflaten;2;Planbestemmelser både på kart og som egen tekst;4
595;Strømme/Korsvik - felt R og S;Eldre reguleringsplan (PBL 1985);30;Endelig vedtatt arealplan;3;19.06.1991;Plan- og bygningsloven av 1985 eller før;5;På grunnen/vannoverflaten;2;Planbestemmelser både på kart og som egen tekst;4
596;Klappane skianlegg;Eldre reguleringsplan (PBL 1985);30;Endelig vedtatt arealplan;3;19.06.1991;Plan- og bygningsloven av 1985 eller før;5;På grunnen/vannoverflaten;2;Planbestemmelser både på kart og som egen tekst;4
597;Vektergata - del av Ravndalsveien;Eldre reguleringsplan (PBL 1985);30;Endelig vedtatt arealplan;3;19.06.1991;Plan- og bygningsloven av 1985 eller før;5;På grunnen/vannoverflaten;2;Uten bestemmelser;2
598;Tønnefabrikken, nedre Lundsvei;Eldre reguleringsplan (PBL 1985);30;Endelig vedtatt arealplan;3;19.06.1991;Plan- og bygningsloven av 1985 eller før;5;På grunnen/vannoverflaten;2;Planbestemmelser både på kart og som egen tekst;4
599;Gnr. 14, bnr. 997, Slettheia;Eldre reguleringsplan (PBL 1985);30;Endelig vedtatt arealplan;3;28.08.1991;Plan- og bygningsloven av 1985 eller før;5;På grunnen/vannoverflaten;2;Planbestemmelser både på kart og som egen tekst;4
600;Falconbridge nikkelverk, slamdeponi;Eldre reguleringsplan (PBL 1985);30;Endelig vedtatt arealplan;3;11.12.1991;Plan- og bygningsloven av 1985 eller før;5;På grunnen/vannoverflaten;2;Planbestemmelser både på kart og som egen tekst;4
601;Gnr.95, bnr.2 Rabbersvik;Eldre reguleringsplan (PBL 1985);30;Endelig vedtatt arealplan;3;11.12.1991;Plan- og bygningsloven av 1985 eller før;5;På grunnen/vannoverflaten;2;Planbestemmelser både på kart og som egen tekst;4
602;KONGSGÅRDBUKTA INDUSTRI OG HAVNEOMRÅDE;Eldre reguleringsplan (PBL 1985);30;Utgått/erstattet;5;11.12.1991;Plan- og bygningsloven av 1985 eller før;5;På grunnen/vannoverflaten;2;Med bestemmelser som egen tekst;1
603;Østre Strandgt. 2,6,8,12 og 12A;Eldre reguleringsplan (PBL 1985);30;Endelig vedtatt arealplan;3;25.09.1991;Plan- og bygningsloven av 1985 eller før;5;På grunnen/vannoverflaten;2;Planbestemmelser både på kart og som egen tekst;4
604;Dvergsnes areal B;Eldre reguleringsplan (PBL 1985);30;Endelig vedtatt arealplan;3;16.12.1987;Plan- og bygningsloven av 1985 eller før;5;På grunnen/vannoverflaten;2;Planbestemmelser både på kart og som egen tekst;4
605;Dvergsnes areal B;Eldre reguleringsplan (PBL 1985);30;Endelig vedtatt arealplan;3;26.09.1990;Plan- og bygningsloven av 1985 eller før;5;På grunnen/vannoverflaten;2;Planbestemmelser både på kart og som egen tekst;4
606;Gnr. 8, bnr. 275 og 282 - Brøvig;Eldre reguleringsplan (PBL 1985);30;Endelig vedtatt arealplan;3;13.12.1989;Plan- og bygningsloven av 1985 eller før;5;På grunnen/vannoverflaten;2;Planbestemmelser både på kart og som egen tekst;4
607;ODDERØYA RENSEANLEGG;Eldre reguleringsplan (PBL 1985);30;Utgått/erstattet;5;11.12.1991;Plan- og bygningsloven av 1985 eller før;5;På grunnen/vannoverflaten;2;Med bestemmelser som egen tekst;1
608;E18, FIDJANE SYD. ADKOMST OG STØYSKJERM;Eldre reguleringsplan (PBL 1985);30;Utgått/erstattet;5;11.12.1991;Plan- og bygningsloven av 1985 eller før;5;På grunnen/vannoverflaten;2;Med bestemmelser som egen tekst;1
609;Gnr 63 bnr 1 - del 2- Hånes;Eldre reguleringsplan (PBL 1985);30;Endelig vedtatt arealplan;3;29.01.1992;Plan- og bygningsloven av 1985 eller før;5;På grunnen/vannoverflaten;2;Planbestemmelser både på kart og som egen tekst;4
610;Slettheia 8;Eldre reguleringsplan (PBL 1985);30;Endelig vedtatt arealplan;3;29.01.1992;Plan- og bygningsloven av 1985 eller før;5;På grunnen/vannoverflaten;2;Planbestemmelser både på kart og som egen tekst;4
611;Herøya - felt C vest;Eldre reguleringsplan (PBL 1985);30;Endelig vedtatt arealplan;3;11.12.1991;Plan- og bygningsloven av 1985 eller før;5;På grunnen/vannoverflaten;2;Planbestemmelser både på kart og som egen tekst;4
612;Egsjordene;Eldre reguleringsplan (PBL 1985);30;Utgått/erstattet;5;26.02.1992;Plan- og bygningsloven av 1985;4;På grunnen/vannoverflaten;2;;
613;Holskogen hytteområde;Eldre reguleringsplan (PBL 1985);30;Endelig vedtatt arealplan;3;26.02.1992;Plan- og bygningsloven av 1985 eller før;5;På grunnen/vannoverflaten;2;Planbestemmelser både på kart og som egen tekst;4
614;Jærnesheia nord;Eldre reguleringsplan (PBL 1985);30;Endelig vedtatt arealplan;3;11.03.1992;Plan- og bygningsloven av 1985 eller før;5;På grunnen/vannoverflaten;2;Planbestemmelser både på kart og som egen tekst;4
615;Skyllingsheia, friområde;Eldre reguleringsplan (PBL 1985);30;Endelig vedtatt arealplan;3;01.04.1992;Plan- og bygningsloven av 1985 eller før;5;På grunnen/vannoverflaten;2;Uten bestemmelser;2
616;Tjernstien 19, omregulering;Eldre reguleringsplan (PBL 1985);30;Endelig vedtatt arealplan;3;17.06.1992;Plan- og bygningsloven av 1985 eller før;5;På grunnen/vannoverflaten;2;Planbestemmelser både på kart og som egen tekst;4
617;Gnr.96, bnr.5 Dvergsnes;Eldre reguleringsplan (PBL 1985);30;Endelig vedtatt arealplan;3;26.02.1992;Plan- og bygningsloven av 1985 eller før;5;På grunnen/vannoverflaten;2;Planbestemmelser både på kart og som egen tekst;4
618;Gnr.11, Bnr.3, 22 Voie;Eldre reguleringsplan (PBL 1985);30;Endelig vedtatt arealplan;3;01.04.1992;Plan- og bygningsloven av 1985 eller før;5;På grunnen/vannoverflaten;2;Planbestemmelser både på kart og som egen tekst;4
619;Vestheiene, felt F5 og L2;Eldre reguleringsplan (PBL 1985);30;Utgått/erstattet;5;30.09.1992;Plan- og bygningsloven av 1985;4;På grunnen/vannoverflaten;2;;
620;E18 g/s vei Fidjemoen-Fidjebakken;Eldre reguleringsplan (PBL 1985);30;Endelig vedtatt arealplan;3;30.09.1992;Plan- og bygningsloven av 1985 eller før;5;På grunnen/vannoverflaten;2;Uten bestemmelser;2
621;Herøya - gnr. 92, bnr. 15 og gnr. 94, bnr. 25;Eldre reguleringsplan (PBL 1985);30;Endelig vedtatt arealplan;3;15.05.1991;Plan- og bygningsloven av 1985 eller før;5;På grunnen/vannoverflaten;2;Planbestemmelser både på kart og som egen tekst;4
622;Sømsveien 32 endret regulering;Eldre reguleringsplan (PBL 1985);30;Endelig vedtatt arealplan;3;28.10.1992;Plan- og bygningsloven av 1985 eller før;5;På grunnen/vannoverflaten;2;Uten bestemmelser;2
623;Kongsgård alle. Fra St.Olavs vei til Idunveien;Eldre reguleringsplan (PBL 1985);30;Endelig vedtatt arealplan;3;01.04.1992;Plan- og bygningsloven av 1985 eller før;5;På grunnen/vannoverflaten;2;Uten bestemmelser;2
624;Furuholmen, Gnr.95, bnr.11;Eldre reguleringsplan (PBL 1985);30;Endelig vedtatt arealplan;3;28.10.1992;Plan- og bygningsloven av 1985 eller før;5;På grunnen/vannoverflaten;2;Planbestemmelser både på kart og som egen tekst;4
625;Prestheia tomt for statsarkivet;Eldre reguleringsplan (PBL 1985);30;Endelig vedtatt arealplan;3;25.11.1992;Plan- og bygningsloven av 1985 eller før;5;På grunnen/vannoverflaten;2;Planbestemmelser både på kart og som egen tekst;4
626;GARTNERLØKKA OG KR. VESTERVEIEN / MØLLEVANNSVEIEN;Eldre reguleringsplan (PBL 1985);30;Utgått/erstattet;5;25.11.1992;Plan- og bygningsloven av 1985;4;På grunnen/vannoverflaten;2;Med bestemmelser som egen tekst;1
627;Gimlemoen leir og Prestebakken naturvernområde;Eldre reguleringsplan (PBL 1985);30;Utgått/erstattet;5;27.01.1993;Plan- og bygningsloven av 1985;4;På grunnen/vannoverflaten;2;;
628;TORRIDAL IDRETTSANLEGG, ALT. 3;Eldre reguleringsplan (PBL 1985);30;Utgått/erstattet;5;03.03.1993;Plan- og bygningsloven av 1985 eller før;5;På grunnen/vannoverflaten;2;Med bestemmelser som egen tekst;1
629;Gravanekanalen med tilstøtende havnearealer;Eldre reguleringsplan (PBL 1985);30;Endelig vedtatt arealplan;3;03.03.1993;Plan- og bygningsloven av 1985 eller før;5;På grunnen/vannoverflaten;2;Planbestemmelser både på kart og som egen tekst;4
630;Sødal industriområde;Eldre reguleringsplan (PBL 1985);30;Endelig vedtatt arealplan;3;27.01.1993;Plan- og bygningsloven av 1985 eller før;5;På grunnen/vannoverflaten;2;Planbestemmelser både på kart og som egen tekst;4
631;Gnr. 42, Bnr. 1, 50, 403, øvre Kongsgård;Eldre reguleringsplan (PBL 1985);30;Endelig vedtatt arealplan;3;05.05.1993;Plan- og bygningsloven av 1985 eller før;5;På grunnen/vannoverflaten;2;Planbestemmelser både på kart og som egen tekst;4
632;TORVOMRÅDET, ALT.1;Eldre reguleringsplan (PBL 1985);30;Utgått/erstattet;5;16.06.1993;Plan- og bygningsloven av 1985 eller før;5;På grunnen/vannoverflaten;2;Uten bestemmelser;2
633;Bjørnestien;Eldre reguleringsplan (PBL 1985);30;Endelig vedtatt arealplan;3;16.06.1993;Plan- og bygningsloven av 1985 eller før;5;På grunnen/vannoverflaten;2;Planbestemmelser både på kart og som egen tekst;4
634;Gnr.56, bnr.10 Korsvik;Eldre reguleringsplan (PBL 1985);30;Endelig vedtatt arealplan;3;06.05.1992;Plan- og bygningsloven av 1985 eller før;5;På grunnen/vannoverflaten;2;Planbestemmelser både på kart og som egen tekst;4
635;Grotjønn skytebaneområde;Eldre reguleringsplan (PBL 1985);30;Endelig vedtatt arealplan;3;08.09.1993;Plan- og bygningsloven av 1985 eller før;5;På grunnen/vannoverflaten;2;Planbestemmelser både på kart og som egen tekst;4
636;Gnr.85, Bnr.3, 5 og 27 Stangenes;Eldre reguleringsplan (PBL 1985);30;Endelig vedtatt arealplan;3;08.09.1993;Plan- og bygningsloven av 1985 eller før;5;På grunnen/vannoverflaten;2;Planbestemmelser både på kart og som egen tekst;4
637;Markensgate. Gågate mellom Dronningensgt. og Markensgt.;Eldre reguleringsplan (PBL 1985);30;Endelig vedtatt arealplan;3;03.11.1993;Plan- og bygningsloven av 1985 eller før;5;På grunnen/vannoverflaten;2;Uten bestemmelser;2
638;Marvikveien, sykkelbaner;Eldre reguleringsplan (PBL 1985);30;Endelig vedtatt arealplan;3;23.03.1994;Plan- og bygningsloven av 1985 eller før;5;På grunnen/vannoverflaten;2;Uten bestemmelser;2
639;Gnr. 14, bnr. 43, Toppenhaug;Eldre reguleringsplan (PBL 1985);30;Endelig vedtatt arealplan;3;06.04.1994;Plan- og bygningsloven av 1985 eller før;5;På grunnen/vannoverflaten;2;Planbestemmelser både på kart og som egen tekst;4
640;Postveien over Groheia, (gml. Mandalsv);Eldre reguleringsplan (PBL 1985);30;Endelig vedtatt arealplan;3;27.04.1994;Plan- og bygningsloven av 1985 eller før;5;På grunnen/vannoverflaten;2;Planbestemmelser både på kart og som egen tekst;4
641;Lund torv, Vallhalla - omregulering;Eldre reguleringsplan (PBL 1985);30;Utgått/erstattet;5;15.06.1994;Plan- og bygningsloven av 1985 eller før;5;På grunnen/vannoverflaten;2;Planbestemmelser både på kart og som egen tekst;4
642;Korsvikfjorden industriområde (tomt for Korsvik eiendom a/s);Eldre reguleringsplan (PBL 1985);30;Utgått/erstattet;5;01.12.1993;Plan- og bygningsloven av 1985 eller før;5;På grunnen/vannoverflaten;2;Med bestemmelser som egen tekst;1
643;Fiskå industriområde, Endr. reg.;Eldre reguleringsplan (PBL 1985);30;Endelig vedtatt arealplan;3;26.01.1994;Plan- og bygningsloven av 1985 eller før;5;På grunnen/vannoverflaten;2;Planbestemmelser både på kart og som egen tekst;4
644;GNR. 1, BNR. 5 OG 259;Eldre reguleringsplan (PBL 1985);30;Utgått/erstattet;5;23.03.1994;Plan- og bygningsloven av 1985 eller før;5;På grunnen/vannoverflaten;2;Med bestemmelser som egen tekst;1
645;E18 Fidjane - Farvannsbakken;Eldre reguleringsplan (PBL 1985);30;Endelig vedtatt arealplan;3;23.03.1994;Plan- og bygningsloven av 1985 eller før;5;På grunnen/vannoverflaten;2;Uten bestemmelser;2
646;Slettheiveien/Kartheia. g/s vei;Eldre reguleringsplan (PBL 1985);30;Endelig vedtatt arealplan;3;06.04.1994;Plan- og bygningsloven av 1985 eller før;5;På grunnen/vannoverflaten;2;Uten bestemmelser;2
647;Fruktveien, gangvei mellom Morellveien og Nedre Brattbakken;Eldre reguleringsplan (PBL 1985);30;Endelig vedtatt arealplan;3;15.06.1994;Plan- og bygningsloven av 1985 eller før;5;På grunnen/vannoverflaten;2;Uten bestemmelser;2
648;Strandåsen II Korsvik;Eldre reguleringsplan (PBL 1985);30;Endelig vedtatt arealplan;3;15.06.1994;Plan- og bygningsloven av 1985 eller før;5;På grunnen/vannoverflaten;2;Planbestemmelser både på kart og som egen tekst;4
649;Dvergsnes, gnr.96, bnr.1;Eldre reguleringsplan (PBL 1985);30;Endelig vedtatt arealplan;3;15.06.1994;Plan- og bygningsloven av 1985 eller før;5;På grunnen/vannoverflaten;2;Planbestemmelser både på kart og som egen tekst;4
650;Rv457 Vågsbygdveien. Kirsten Flagstadsvei - Auglandsbukta;Eldre reguleringsplan (PBL 1985);30;Endelig vedtatt arealplan;3;24.01.1994;Plan- og bygningsloven av 1985 eller før;5;På grunnen/vannoverflaten;2;Uten bestemmelser;2
651;E18 Timenesbakken - øvre Strømme;Eldre reguleringsplan (PBL 1985);30;Endelig vedtatt arealplan;3;07.09.1994;Plan- og bygningsloven av 1985 eller før;5;På grunnen/vannoverflaten;2;Uten bestemmelser;2
652;Gnr. 1, bnr. 258 Alsvika;Eldre reguleringsplan (PBL 1985);30;Endelig vedtatt arealplan;3;07.09.1994;Plan- og bygningsloven av 1985 eller før;5;På grunnen/vannoverflaten;2;Planbestemmelser både på kart og som egen tekst;4
653;Narviga, gnr. 46, bnr. 1,4,21,22.;Eldre reguleringsplan (PBL 1985);30;Endelig vedtatt arealplan;3;05.10.1994;Plan- og bygningsloven av 1985 eller før;5;På grunnen/vannoverflaten;2;Planbestemmelser både på kart og som egen tekst;4
654;Narvika/Vollevika friluftsområde;Eldre reguleringsplan (PBL 1985);30;Endelig vedtatt arealplan;3;05.10.1994;Plan- og bygningsloven av 1985;4;På grunnen/vannoverflaten;2;Planbestemmelser både på kart og som egen tekst;4
655;Gnr.6, bnr. 12 m.fl., Døsset;Eldre reguleringsplan (PBL 1985);30;Endelig vedtatt arealplan;3;25.01.1995;Plan- og bygningsloven av 1985 eller før;5;På grunnen/vannoverflaten;2;Planbestemmelser både på kart og som egen tekst;4
656;Oddernes prestegård m/tilh. område;Eldre reguleringsplan (PBL 1985);30;Endelig vedtatt arealplan;3;07.09.1994;Plan- og bygningsloven av 1985 eller før;5;På grunnen/vannoverflaten;2;Planbestemmelser både på kart og som egen tekst;4
657;Gnr. 62, Bnr. 2 Randesund planteskole;Eldre reguleringsplan (PBL 1985);30;Endelig vedtatt arealplan;3;29.03.1995;Plan- og bygningsloven av 1985 eller før;5;På grunnen/vannoverflaten;2;Planbestemmelser både på kart og som egen tekst;4
658;Smiedalen, Sødal;Eldre reguleringsplan (PBL 1985);30;Endelig vedtatt arealplan;3;29.03.1995;Plan- og bygningsloven av 1985;4;På grunnen/vannoverflaten;2;Planbestemmelser både på kart og som egen tekst;4
659;Andøya, del av felt K1 (omregulering);Eldre reguleringsplan (PBL 1985);30;Endelig vedtatt arealplan;3;07.06.1995;Plan- og bygningsloven av 1985 eller før;5;På grunnen/vannoverflaten;2;Planbestemmelser både på kart og som egen tekst;4
660;Marthas vei II,;Eldre reguleringsplan (PBL 1985);30;Endelig vedtatt arealplan;3;21.06.1995;Plan- og bygningsloven av 1985 eller før;5;På grunnen/vannoverflaten;2;Planbestemmelser både på kart og som egen tekst;4
661;Dvergsnes areal B, omregulert gnr.96,bnr.22,23,110 Valsvik;Eldre reguleringsplan (PBL 1985);30;Endelig vedtatt arealplan;3;28.08.1995;Plan- og bygningsloven av 1985 eller før;5;På grunnen/vannoverflaten;2;Planbestemmelser både på kart og som egen tekst;4
662;Gnr. 11, Bnr. 14, Sole;Eldre reguleringsplan (PBL 1985);30;Endelig vedtatt arealplan;3;29.03.1995;Plan- og bygningsloven av 1985 eller før;5;På grunnen/vannoverflaten;2;Planbestemmelser både på kart og som egen tekst;4
663;STØLEHEIA FYLLPLASS;Eldre reguleringsplan (PBL 1985);30;Utgått/erstattet;5;10.10.1995;Plan- og bygningsloven av 1985 eller før;5;På grunnen/vannoverflaten;2;Med bestemmelser som egen tekst;1
664;Grågåsveien, Gnr. 12, bnr. 82, 335, 602;Eldre reguleringsplan (PBL 1985);30;Endelig vedtatt arealplan;3;08.11.1995;Plan- og bygningsloven av 1985 eller før;5;På grunnen/vannoverflaten;2;Planbestemmelser både på kart og som egen tekst;4
665;Teistholmen, Gnr.92, bnr.16,101,102,103;Eldre reguleringsplan (PBL 1985);30;Endelig vedtatt arealplan;3;08.11.1995;Plan- og bygningsloven av 1985 eller før;5;På grunnen/vannoverflaten;2;Planbestemmelser både på kart og som egen tekst;4
666;Havneplanen;Kommunedelplan;21;Utgått/erstattet;5;10.10.1995;Plan- og bygningsloven av 1985;4;;;;
667;Strømme - felt J;Eldre reguleringsplan (PBL 1985);30;Endelig vedtatt arealplan;3;25.10.1995;Plan- og bygningsloven av 1985 eller før;5;På grunnen/vannoverflaten;2;Planbestemmelser både på kart og som egen tekst;4
668;Strømmeområdet;Eldre reguleringsplan (PBL 1985);30;Endelig vedtatt arealplan;3;27.09.1995;Plan- og bygningsloven av 1985 eller før;5;På grunnen/vannoverflaten;2;Planbestemmelser både på kart og som egen tekst;4
669;ØSTERVEIEN 17-25 AVKJØRSEL;Eldre reguleringsplan (PBL 1985);30;Utgått/erstattet;5;10.10.1995;Plan- og bygningsloven av 1985 eller før;5;På grunnen/vannoverflaten;2;Uten bestemmelser;2
670;Kuholmsveien, g/s vei Høyvold brygge - Prestevikveien;Eldre reguleringsplan (PBL 1985);30;Endelig vedtatt arealplan;3;31.01.1996;Plan- og bygningsloven av 1985 eller før;5;På grunnen/vannoverflaten;2;Uten bestemmelser;2
671;Gnr. 28, bnr. 2 - 16;Eldre reguleringsplan (PBL 1985);30;Endelig vedtatt arealplan;3;31.01.1996;Plan- og bygningsloven av 1985 eller før;5;På grunnen/vannoverflaten;2;Planbestemmelser både på kart og som egen tekst;4
672;DVERGSNES AREAL A DELFELT 1;Eldre reguleringsplan (PBL 1985);30;Utgått/erstattet;5;31.01.1996;Plan- og bygningsloven av 1985 eller før;5;På grunnen/vannoverflaten;2;Med bestemmelser som egen tekst;1
673;Gnr.96, Bnr.5 (nytt 385) Dvergsnes;Eldre reguleringsplan (PBL 1985);30;Endelig vedtatt arealplan;3;31.01.1996;Plan- og bygningsloven av 1985 eller før;5;På grunnen/vannoverflaten;2;Planbestemmelser både på kart og som egen tekst;4
674;Gnr. 8, bnr. 228. Brøvig gård del av;Eldre reguleringsplan (PBL 1985);30;Endelig vedtatt arealplan;3;28.02.1996;Plan- og bygningsloven av 1985 eller før;5;På grunnen/vannoverflaten;2;Planbestemmelser både på kart og som egen tekst;4
675;Galgebergtangen, del av;Eldre reguleringsplan (PBL 1985);30;Endelig vedtatt arealplan;3;10.04.1996;Plan- og bygningsloven av 1985 eller før;5;På grunnen/vannoverflaten;2;Planbestemmelser både på kart og som egen tekst;4
676;Otrabredden;Eldre reguleringsplan (PBL 1985);30;Endelig vedtatt arealplan;3;10.10.1995;Plan- og bygningsloven av 1985 eller før;5;På grunnen/vannoverflaten;2;Planbestemmelser både på kart og som egen tekst;4
677;Strømme/Korsvik - felt M;Eldre reguleringsplan (PBL 1985);30;Endelig vedtatt arealplan;3;29.05.1996;Plan- og bygningsloven av 1985 eller før;5;På grunnen/vannoverflaten;2;Planbestemmelser både på kart og som egen tekst;4
678;Østre Strandgt. 2-2A Nodeviga Marina;Eldre reguleringsplan (PBL 1985);30;Endelig vedtatt arealplan;3;10.04.1996;Plan- og bygningsloven av 1985 eller før;5;På grunnen/vannoverflaten;2;Planbestemmelser både på kart og som egen tekst;4
679;WEISSERS JORDE GNR. 44, BNR. 1;Eldre reguleringsplan (PBL 1985);30;Utgått/erstattet;5;28.02.1996;Plan- og bygningsloven av 1985 eller før;5;På grunnen/vannoverflaten;2;Med bestemmelser som egen tekst;1
680;Rv. 456 Vågsbygdveien Fiskådalen-Lumberkrysset;Eldre reguleringsplan (PBL 1985);30;Endelig vedtatt arealplan;3;05.06.1996;Plan- og bygningsloven av 1985 eller før;5;På grunnen/vannoverflaten;2;Uten bestemmelser;2
681;Rv 456 Vågsbygdveien, Auglandsbukta - Kjos;Eldre reguleringsplan (PBL 1985);30;Endelig vedtatt arealplan;3;05.06.1996;Plan- og bygningsloven av 1985 eller før;5;På grunnen/vannoverflaten;2;Uten bestemmelser;2
682;Kongens verft;Eldre reguleringsplan (PBL 1985);30;Endelig vedtatt arealplan;3;19.06.1996;Plan- og bygningsloven av 1985 eller før;5;På grunnen/vannoverflaten;2;Planbestemmelser både på kart og som egen tekst;4
683;Sigrids vei, del av gnr. 40, bnr. 1;Eldre reguleringsplan (PBL 1985);30;Endelig vedtatt arealplan;3;19.06.1996;Plan- og bygningsloven av 1985 eller før;5;På grunnen/vannoverflaten;2;Planbestemmelser både på kart og som egen tekst;4
684;Gnr. 14, bnr. 995 Slettheia;Eldre reguleringsplan (PBL 1985);30;Endelig vedtatt arealplan;3;28.08.1996;Plan- og bygningsloven av 1985 eller før;5;På grunnen/vannoverflaten;2;Planbestemmelser både på kart og som egen tekst;4
685;Dvergsnestangen. Gnr. 96, bnr. 14 OG 15;Eldre reguleringsplan (PBL 1985);30;Endelig vedtatt arealplan;3;27.11.1996;Plan- og bygningsloven av 1985 eller før;5;På grunnen/vannoverflaten;2;Planbestemmelser både på kart og som egen tekst;4
686;Flekkerøy - Østerøya g/s vei rundkjøring-Lindebø kolonial;Eldre reguleringsplan (PBL 1985);30;Endelig vedtatt arealplan;3;05.06.1996;Plan- og bygningsloven av 1985 eller før;5;På grunnen/vannoverflaten;2;Uten bestemmelser;2
687;Gråheia, Flekkerøy;Bebyggelsesplan iht. reguleringsplan (PBL 1985);32;Endelig vedtatt arealplan;3;14.12.1995;Plan- og bygningsloven av 1985 eller før;5;På grunnen/vannoverflaten;2;Planbestemmelser både på kart og som egen tekst;4
688;Trekanten Mosby. Gnr. 28, Bnr. 132;Bebyggelsesplan iht. reguleringsplan (PBL 1985);32;Endelig vedtatt arealplan;3;07.03.1996;Plan- og bygningsloven av 1985 eller før;5;På grunnen/vannoverflaten;2;Planbestemmelser både på kart og som egen tekst;4
689;SKUDEVIGA,VIKING FERIE A/S;Eldre reguleringsplan (PBL 1985);30;Utgått/erstattet;5;05.06.1996;Plan- og bygningsloven av 1985 eller før;5;På grunnen/vannoverflaten;2;Med bestemmelser som egen tekst;1
68A;Kreglingheia, Seljeveien 31;Eldre reguleringsplan (PBL 1985);30;Endelig vedtatt arealplan;3;14.09.2005;Plan- og bygningsloven av 1985 eller før;5;På grunnen/vannoverflaten;2;Med bestemmelser som egen tekst;1
690;Gnr.96, bnr.13, 14, 93. Dvergsnestangen;Eldre reguleringsplan (PBL 1985);30;Endelig vedtatt arealplan;3;19.06.1996;Plan- og bygningsloven av 1985 eller før;5;På grunnen/vannoverflaten;2;Planbestemmelser både på kart og som egen tekst;4
691;Kjosdalen, Kjos ringvei med Bråvann felt B4;Eldre reguleringsplan (PBL 1985);30;Endelig vedtatt arealplan;3;26.02.1997;Plan- og bygningsloven av 1985 eller før;5;På grunnen/vannoverflaten;2;Planbestemmelser både på kart og som egen tekst;4
692;Bossmyrveien, Gnr. 13, bnr. 711;Eldre reguleringsplan (PBL 1985);30;Endelig vedtatt arealplan;3;22.01.1997;Plan- og bygningsloven av 1985 eller før;5;På grunnen/vannoverflaten;2;Planbestemmelser både på kart og som egen tekst;4
693;Gnr.3, Bnr. 50, 166 Tømmerstø Flekkerøy;Bebyggelsesplan iht. kommuneplanens arealdel (PBL 1985);33;Endelig vedtatt arealplan;3;20.02.1997;Plan- og bygningsloven av 1985 eller før;5;På grunnen/vannoverflaten;2;Planbestemmelser både på kart og som egen tekst;4
694;LUMBERVEIEN 1, 3 OG 5;Eldre reguleringsplan (PBL 1985);30;Utgått/erstattet;5;27.11.1996;Plan- og bygningsloven av 1985 eller før;5;På grunnen/vannoverflaten;2;Med bestemmelser som egen tekst;1
695;Kvartal 34, del av Holbergsgt.13,15,17.Tollbodgt. 61;Eldre reguleringsplan (PBL 1985);30;Endelig vedtatt arealplan;3;25.06.1997;Plan- og bygningsloven av 1985 eller før;5;På grunnen/vannoverflaten;2;Planbestemmelser både på kart og som egen tekst;4
696;Torridalsveien. g/s vei på Hagen;Eldre reguleringsplan (PBL 1985);30;Endelig vedtatt arealplan;3;25.06.1997;Plan- og bygningsloven av 1985 eller før;5;På grunnen/vannoverflaten;2;Planbestemmelser både på kart og som egen tekst;4
697;Gnr.57,bnr.6, Kjelleviktoppen;Eldre reguleringsplan (PBL 1985);30;Endelig vedtatt arealplan;3;25.06.1997;Plan- og bygningsloven av 1985 eller før;5;På grunnen/vannoverflaten;2;Planbestemmelser både på kart og som egen tekst;4
698;"RANDESUND INDUSTRIOMRÅDE SONE 2, ENDRET REGULERING ÅNAVASSDRAGETV""";Eldre reguleringsplan (PBL 1985);30;Utgått/erstattet;5;18.06.1997;Plan- og bygningsloven av 1985 eller før;5;På grunnen/vannoverflaten;2;Uten bestemmelser;2
699;Hellemyr idrettsplass og skole;Eldre reguleringsplan (PBL 1985);30;Endelig vedtatt arealplan;3;03.09.1997;Plan- og bygningsloven av 1985 eller før;5;På grunnen/vannoverflaten;2;Planbestemmelser både på kart og som egen tekst;4
700;Kirkegata, miljøsone;Eldre reguleringsplan (PBL 1985);30;Endelig vedtatt arealplan;3;29.10.1997;Plan- og bygningsloven av 1985 eller før;5;På grunnen/vannoverflaten;2;Uten bestemmelser;2
701;E18, Bjørndalsletta - Gartnerløkka;Eldre reguleringsplan (PBL 1985);30;Endelig vedtatt arealplan;3;24.09.1997;Plan- og bygningsloven av 1985 eller før;5;På grunnen/vannoverflaten;2;Planbestemmelser både på kart og som egen tekst;4
702;Maristien 1,gnr.56,bnr.244/264;Eldre reguleringsplan (PBL 1985);30;Endelig vedtatt arealplan;3;03.09.1997;Plan- og bygningsloven av 1985 eller før;5;På grunnen/vannoverflaten;2;Planbestemmelser både på kart og som egen tekst;4
703;Vestheiene nord - Tinnheia felt O;Eldre reguleringsplan (PBL 1985);30;Endelig vedtatt arealplan;3;28.08.1996;Plan- og bygningsloven av 1985 eller før;5;På grunnen/vannoverflaten;2;Planbestemmelser både på kart og som egen tekst;4
704;Gimlemoen høgskolesenter;Eldre reguleringsplan (PBL 1985);30;Endelig vedtatt arealplan;3;25.06.1997;Plan- og bygningsloven av 1985 eller før;5;På grunnen/vannoverflaten;2;Planbestemmelser både på kart og som egen tekst;4
705;Gnr.3, Bnr. 2 Lindebø;Bebyggelsesplan iht. reguleringsplan (PBL 1985);32;Endelig vedtatt arealplan;3;09.10.1997;Plan- og bygningsloven av 1985 eller før;5;På grunnen/vannoverflaten;2;Planbestemmelser både på kart og som egen tekst;4
706;Gnr.74,Bnr.1,2 m.fl. Kilen, Eftevåg;Eldre reguleringsplan (PBL 1985);30;Endelig vedtatt arealplan;3;03.09.1997;Plan- og bygningsloven av 1985 eller før;5;På grunnen/vannoverflaten;2;Planbestemmelser både på kart og som egen tekst;4
707;Gimlemoen høgskole - Ny adkomstvei;Eldre reguleringsplan (PBL 1985);30;Endelig vedtatt arealplan;3;29.10.1997;Plan- og bygningsloven av 1985 eller før;5;På grunnen/vannoverflaten;2;Uten bestemmelser;2
708;Korsvikfjorden industriområde Korsvik eiendom A/S;Eldre reguleringsplan (PBL 1985);30;Endelig vedtatt arealplan;3;29.10.1997;Plan- og bygningsloven av 1985 eller før;5;På grunnen/vannoverflaten;2;Planbestemmelser både på kart og som egen tekst;4
709;Gnr.96, bnr.3, 91, 142 Dvergsnestangen;Eldre reguleringsplan (PBL 1985);30;Endelig vedtatt arealplan;3;19.11.1997;Plan- og bygningsloven av 1985 eller før;5;På grunnen/vannoverflaten;2;Planbestemmelser både på kart og som egen tekst;4
710;Holskogen hytteomr.,Paltorsken Gnr. 12, bnr. 866, endring;Eldre reguleringsplan (PBL 1985);30;Endelig vedtatt arealplan;3;25.06.1997;Plan- og bygningsloven av 1985 eller før;5;På grunnen/vannoverflaten;2;Planbestemmelser både på kart og som egen tekst;4
711;Mæbø brygge, strandområdene;Eldre reguleringsplan (PBL 1985);30;Endelig vedtatt arealplan;3;03.09.1997;Plan- og bygningsloven av 1985 eller før;5;På grunnen/vannoverflaten;2;Planbestemmelser både på kart og som egen tekst;4
712;Lillejordet 2 Gnr. 14, bnr. 553;Eldre reguleringsplan (PBL 1985);30;Endelig vedtatt arealplan;3;03.09.1997;Plan- og bygningsloven av 1985 eller før;5;På grunnen/vannoverflaten;2;Planbestemmelser både på kart og som egen tekst;4
713;Gnr. 13, bnr. 377,472. Blåbærsvingen/Nordtjønnveien.;Eldre reguleringsplan (PBL 1985);30;Endelig vedtatt arealplan;3;03.09.1997;Plan- og bygningsloven av 1985 eller før;5;På grunnen/vannoverflaten;2;Planbestemmelser både på kart og som egen tekst;4
714;Presteheia skole - omregulering;Eldre reguleringsplan (PBL 1985);30;Utgått/erstattet;5;18.12.1997;Plan- og bygningsloven av 1985;4;På grunnen/vannoverflaten;2;;
715;Gnr. 2, Bnr. 469, 542 Flekkerøy;Bebyggelsesplan iht. kommuneplanens arealdel (PBL 1985);33;Endelig vedtatt arealplan;3;12.02.1998;Plan- og bygningsloven av 1985 eller før;5;På grunnen/vannoverflaten;2;Med bestemmelser som egen tekst;1
716;Torridalsveien g/s vei gml. Kirkevei - Arenfeldtsvei;Eldre reguleringsplan (PBL 1985);30;Endelig vedtatt arealplan;3;18.02.1998;Plan- og bygningsloven av 1985 eller før;5;På grunnen/vannoverflaten;2;Uten bestemmelser;2
717;Tinnheia I (Gullveien) - endret reguleringsplan;Eldre reguleringsplan (PBL 1985);30;Endelig vedtatt arealplan;3;18.02.1998;Plan- og bygningsloven av 1985 eller før;5;På grunnen/vannoverflaten;2;Uten bestemmelser;2
718;Spinneren/Sandvika;Eldre reguleringsplan (PBL 1985);30;Endelig vedtatt arealplan;3;19.11.1997;Plan- og bygningsloven av 1985 eller før;5;På grunnen/vannoverflaten;2;Planbestemmelser både på kart og som egen tekst;4
719;Gnr. 6, Bnr. 2. Andås;Bebyggelsesplan iht. kommuneplanens arealdel (PBL 1985);33;Endelig vedtatt arealplan;3;04.12.1997;Plan- og bygningsloven av 1985 eller før;5;På grunnen/vannoverflaten;2;Planbestemmelser både på kart og som egen tekst;4
720;Øvre Ringvei 42, Gnr. 13, Bnr. 882.;Eldre reguleringsplan (PBL 1985);30;Endelig vedtatt arealplan;3;18.02.1998;Plan- og bygningsloven av 1985 eller før;5;På grunnen/vannoverflaten;2;Planbestemmelser både på kart og som egen tekst;4
721;Rv 39 / Rv 405 Mosby;Eldre reguleringsplan (PBL 1985);30;Endelig vedtatt arealplan;3;19.03.1997;Plan- og bygningsloven av 1985 eller før;5;På grunnen/vannoverflaten;2;Planbestemmelser både på kart og som egen tekst;4
722;Vestheiene nord, Hellemyr felt D1;Bebyggelsesplan iht. reguleringsplan (PBL 1985);32;Endelig vedtatt arealplan;3;13.08.1998;Plan- og bygningsloven av 1985 eller før;5;På grunnen/vannoverflaten;2;Planbestemmelser både på kart og som egen tekst;4
723;Kystveien ved Fidjekilen Fvk.3;Eldre reguleringsplan (PBL 1985);30;Endelig vedtatt arealplan;3;29.04.1998;Plan- og bygningsloven av 1985 eller før;5;På grunnen/vannoverflaten;2;Planbestemmelser både på kart og som egen tekst;4
724;Murbyen;Eldre reguleringsplan (PBL 1985);30;Endelig vedtatt arealplan;3;17.06.1998;Plan- og bygningsloven av 1985 eller før;5;På grunnen/vannoverflaten;2;Planbestemmelser både på kart og som egen tekst;4
725;Karussområdet;Eldre reguleringsplan (PBL 1985);30;Endelig vedtatt arealplan;3;18.11.1998;Plan- og bygningsloven av 1985 eller før;5;På grunnen/vannoverflaten;2;Planbestemmelser både på kart og som egen tekst;4
727;Gnr. 36, bnr. 4 Sunnivasvei;Eldre reguleringsplan (PBL 1985);30;Endelig vedtatt arealplan;3;29.04.1998;Plan- og bygningsloven av 1985 eller før;5;På grunnen/vannoverflaten;2;Planbestemmelser både på kart og som egen tekst;4
728;Gnr.68, bnr.3 Sukkestøl;Eldre reguleringsplan (PBL 1985);30;Endelig vedtatt arealplan;3;24.06.1998;Plan- og bygningsloven av 1985 eller før;5;På grunnen/vannoverflaten;2;Planbestemmelser både på kart og som egen tekst;4
729;Hånestangen;Eldre reguleringsplan (PBL 1985);30;Endelig vedtatt arealplan;3;24.06.1998;Plan- og bygningsloven av 1985 eller før;5;På grunnen/vannoverflaten;2;Planbestemmelser både på kart og som egen tekst;4
730;Gnr. 1, Bnr. 2 Kårholmsveien;Eldre reguleringsplan (PBL 1985);30;Endelig vedtatt arealplan;3;16.09.1998;Plan- og bygningsloven av 1985 eller før;5;På grunnen/vannoverflaten;2;Planbestemmelser både på kart og som egen tekst;4
731;Kongsgård/Vige. havn og industriområde veiforbindelse til E18.;Eldre reguleringsplan (PBL 1985);30;Endelig vedtatt arealplan;3;16.09.1998;Plan- og bygningsloven av 1985 eller før;5;På grunnen/vannoverflaten;2;Planbestemmelser både på kart og som egen tekst;4
732;Messingveien/Metallveien, g/s vei;Eldre reguleringsplan (PBL 1985);30;Endelig vedtatt arealplan;3;21.10.1998;Plan- og bygningsloven av 1985 eller før;5;På grunnen/vannoverflaten;2;Uten bestemmelser;2
733;Presteheia (alternativ 2);Eldre reguleringsplan (PBL 1985);30;Endelig vedtatt arealplan;3;21.10.1998;Plan- og bygningsloven av 1985 eller før;5;På grunnen/vannoverflaten;2;Planbestemmelser både på kart og som egen tekst;4
734;Gnr. 2, bnr. 38 Flekkerøy;Bebyggelsesplan iht. kommuneplanens arealdel (PBL 1985);33;Endelig vedtatt arealplan;3;19.11.1998;Plan- og bygningsloven av 1985 eller før;5;På grunnen/vannoverflaten;2;Planbestemmelser både på kart og som egen tekst;4
735;Elvebredden øst;Eldre reguleringsplan (PBL 1985);30;Endelig vedtatt arealplan;3;24.06.1998;Plan- og bygningsloven av 1985 eller før;5;På grunnen/vannoverflaten;2;Planbestemmelser både på kart og som egen tekst;4
736;Bamåsen - Berhus;Eldre reguleringsplan (PBL 1985);30;Endelig vedtatt arealplan;3;29.04.1998;Plan- og bygningsloven av 1985 eller før;5;På grunnen/vannoverflaten;2;Planbestemmelser både på kart og som egen tekst;4
737;Vågsbygdtunet;Eldre reguleringsplan (PBL 1985);30;Endelig vedtatt arealplan;3;17.06.1998;Plan- og bygningsloven av 1985 eller før;5;På grunnen/vannoverflaten;2;Planbestemmelser både på kart og som egen tekst;4
738;Kongleveien, gnr. 13, bnr. 882;Eldre reguleringsplan (PBL 1985);30;Endelig vedtatt arealplan;3;09.12.1998;Plan- og bygningsloven av 1985 eller før;5;På grunnen/vannoverflaten;2;Planbestemmelser både på kart og som egen tekst;4
739;Kongsgårdjordene, endr. regulering;Eldre reguleringsplan (PBL 1985);30;Endelig vedtatt arealplan;3;20.01.1999;Plan- og bygningsloven av 1985 eller før;5;På grunnen/vannoverflaten;2;Planbestemmelser både på kart og som egen tekst;4
740;Grim torv 2, Setesdalsveien 43;Eldre reguleringsplan (PBL 1985);30;Endelig vedtatt arealplan;3;10.02.1999;Plan- og bygningsloven av 1985 eller før;5;På grunnen/vannoverflaten;2;Planbestemmelser både på kart og som egen tekst;4
741;Tømmerstø, felt Fidje;Eldre reguleringsplan (PBL 1985);30;Endelig vedtatt arealplan;3;16.09.1998;Plan- og bygningsloven av 1985 eller før;5;På grunnen/vannoverflaten;2;Planbestemmelser både på kart og som egen tekst;4
742;Dvergsnesveien Lianveien - Strømme skole g/s vei;Eldre reguleringsplan (PBL 1985);30;Endelig vedtatt arealplan;3;10.02.1999;Plan- og bygningsloven av 1985 eller før;5;På grunnen/vannoverflaten;2;Uten bestemmelser;2
743;Strandbakken;Eldre reguleringsplan (PBL 1985);30;Endelig vedtatt arealplan;3;10.02.1999;Plan- og bygningsloven av 1985;4;På grunnen/vannoverflaten;2;Planbestemmelser både på kart og som egen tekst;4
744;Bergljotsvei;Eldre reguleringsplan (PBL 1985);30;Endelig vedtatt arealplan;3;21.04.1999;Plan- og bygningsloven av 1985 eller før;5;På grunnen/vannoverflaten;2;Planbestemmelser både på kart og som egen tekst;4
745;Sjursøya;Eldre reguleringsplan (PBL 1985);30;Endelig vedtatt arealplan;3;19.05.1999;Plan- og bygningsloven av 1985 eller før;5;På grunnen/vannoverflaten;2;Planbestemmelser både på kart og som egen tekst;4
747;Skråstad, fortau, gang/sykkelvei;Eldre reguleringsplan (PBL 1985);30;Endelig vedtatt arealplan;3;19.05.1999;Plan- og bygningsloven av 1985 eller før;5;På grunnen/vannoverflaten;2;Planbestemmelser både på kart og som egen tekst;4
748;Stålveien nord;Eldre reguleringsplan (PBL 1985);30;Endelig vedtatt arealplan;3;19.05.1999;Plan- og bygningsloven av 1985 eller før;5;På grunnen/vannoverflaten;2;Planbestemmelser både på kart og som egen tekst;4
749;Bellevue 17;Eldre reguleringsplan (PBL 1985);30;Endelig vedtatt arealplan;3;29.10.1997;Plan- og bygningsloven av 1985 eller før;5;På grunnen/vannoverflaten;2;Planbestemmelser både på kart og som egen tekst;4
750;Gnr. 40, BNR. 13, samt del av Gnr. 23 OG 30 Gamle kirkevei 1;Eldre reguleringsplan (PBL 1985);30;Endelig vedtatt arealplan;3;10.02.1999;Plan- og bygningsloven av 1985;4;På grunnen/vannoverflaten;2;Planbestemmelser både på kart og som egen tekst;4
751;Buvannsområde;Eldre reguleringsplan (PBL 1985);30;Endelig vedtatt arealplan;3;16.09.1998;Plan- og bygningsloven av 1985 eller før;5;På grunnen/vannoverflaten;2;Planbestemmelser både på kart og som egen tekst;4
752;E18 Timenesbakken - Øvre Strømme;Eldre reguleringsplan (PBL 1985);30;Utgått/erstattet;5;22.06.1999;Plan- og bygningsloven av 1985 eller før;5;På grunnen/vannoverflaten;2;Planbestemmelser både på kart og som egen tekst;4
753;Voie skole / grendehus / barnehage;Eldre reguleringsplan (PBL 1985);30;Endelig vedtatt arealplan;3;22.06.1999;Plan- og bygningsloven av 1985 eller før;5;På grunnen/vannoverflaten;2;Planbestemmelser både på kart og som egen tekst;4
754;Tinnheia terrasse;Eldre reguleringsplan (PBL 1985);30;Endelig vedtatt arealplan;3;06.11.2002;Plan- og bygningsloven av 1985 eller før;5;På grunnen/vannoverflaten;2;Planbestemmelser både på kart og som egen tekst;4
755;Ve skole - Trafikksikringstiltak;Eldre reguleringsplan (PBL 1985);30;Endelig vedtatt arealplan;3;29.09.1999;Plan- og bygningsloven av 1985 eller før;5;På grunnen/vannoverflaten;2;Uten bestemmelser;2
756;Kuholmsveien/Eivind Jarlsgate fortau mellom Prestvikv. og Snorresgt.;Eldre reguleringsplan (PBL 1985);30;Endelig vedtatt arealplan;3;21.04.1999;Plan- og bygningsloven av 1985 eller før;5;På grunnen/vannoverflaten;2;Uten bestemmelser;2
757;Kommunedelplan for Odderøya;Kommunedelplan;21;Opphevet;4;;Plan- og bygningsloven av 1985;4;;;;
758;Borghildsvei del av gnr. 40, bnr. 1;Eldre reguleringsplan (PBL 1985);30;Endelig vedtatt arealplan;3;10.02.1999;Plan- og bygningsloven av 1985 eller før;5;På grunnen/vannoverflaten;2;Planbestemmelser både på kart og som egen tekst;4
759;Hauslia, nedre del;Eldre reguleringsplan (PBL 1985);30;Endelig vedtatt arealplan;3;08.09.1999;Plan- og bygningsloven av 1985 eller før;5;På grunnen/vannoverflaten;2;Planbestemmelser både på kart og som egen tekst;4
75A;Kvartal 10,11,12;Eldre reguleringsplan (PBL 1985);30;Endelig vedtatt arealplan;3;11.01.1982;Plan- og bygningsloven av 1985 eller før;5;På grunnen/vannoverflaten;2;Uten bestemmelser;2
760;Voie og Brøvig, Lindkjellveien 14 endring av reguleringsplan;Eldre reguleringsplan (PBL 1985);30;Endelig vedtatt arealplan;3;03.11.1999;Plan- og bygningsloven av 1985 eller før;5;På grunnen/vannoverflaten;2;Planbestemmelser både på kart og som egen tekst;4
761;Gimlekollen, fortau mellom Ålefjærveien og Tretjønnveien;Eldre reguleringsplan (PBL 1985);30;Endelig vedtatt arealplan;3;19.05.1999;Plan- og bygningsloven av 1985 eller før;5;På grunnen/vannoverflaten;2;Uten bestemmelser;2
762;RANDESUND INDUSTRIOMRÅDE SONE I MOTORSPORTBANER;Eldre reguleringsplan (PBL 1985);30;Utgått/erstattet;5;03.11.1999;Plan- og bygningsloven av 1985 eller før;5;;;;
763;Høyfjellet, Flekkerøy, Fv8 g/s veg rundkjøring ;Eldre reguleringsplan (PBL 1985);30;Endelig vedtatt arealplan;3;17.06.1998;Plan- og bygningsloven av 1985 eller før;5;På grunnen/vannoverflaten;2;Uten bestemmelser;2
764;Grostølveien 13;Eldre reguleringsplan (PBL 1985);30;Endelig vedtatt arealplan;3;08.09.1999;Plan- og bygningsloven av 1985 eller før;5;På grunnen/vannoverflaten;2;Planbestemmelser både på kart og som egen tekst;4
765;Gnr. 151, bnr. 1. Tinnheiveien Uranveien;Eldre reguleringsplan (PBL 1985);30;Endelig vedtatt arealplan;3;03.11.1999;Plan- og bygningsloven av 1985 eller før;5;På grunnen/vannoverflaten;2;Planbestemmelser både på kart og som egen tekst;4
766;Strømme - Korsvik - felt I;Eldre reguleringsplan (PBL 1985);30;Endelig vedtatt arealplan;3;03.11.1999;Plan- og bygningsloven av 1985 eller før;5;På grunnen/vannoverflaten;2;Planbestemmelser både på kart og som egen tekst;4
767;Gnr. 8, Bnr. 322 Brøvig gård ;Eldre reguleringsplan (PBL 1985);30;Endelig vedtatt arealplan;3;08.12.1999;Plan- og bygningsloven av 1985 eller før;5;På grunnen/vannoverflaten;2;Planbestemmelser både på kart og som egen tekst;4
768;Tinnheia I - Tinnheia senter;Eldre reguleringsplan (PBL 1985);30;Endelig vedtatt arealplan;3;08.12.1999;Plan- og bygningsloven av 1985 eller før;5;På grunnen/vannoverflaten;2;Med bestemmelser som egen tekst;1
769;Gnr. 96, Bnr. 43, 48 Dvergsnes;Eldre reguleringsplan (PBL 1985);30;Endelig vedtatt arealplan;3;08.12.1999;Plan- og bygningsloven av 1985 eller før;5;På grunnen/vannoverflaten;2;Planbestemmelser både på kart og som egen tekst;4
770;Prestvikveien 4B;Eldre reguleringsplan (PBL 1985);30;Endelig vedtatt arealplan;3;08.12.1999;Plan- og bygningsloven av 1985 eller før;5;På grunnen/vannoverflaten;2;Planbestemmelser både på kart og som egen tekst;4
771;Gimlemoen, øst og vest;Eldre reguleringsplan (PBL 1985);30;Endelig vedtatt arealplan;3;17.03.1999;Plan- og bygningsloven av 1985 eller før;5;På grunnen/vannoverflaten;2;Planbestemmelser både på kart og som egen tekst;4
772;Torsøya, Gnr. 84, bnr. 1,3,4,6,11,13,15 m.fl.;Eldre reguleringsplan (PBL 1985);30;Endelig vedtatt arealplan;3;15.03.2000;Plan- og bygningsloven av 1985 eller før;5;På grunnen/vannoverflaten;2;Planbestemmelser både på kart og som egen tekst;4
773;Hånesveien 101, gnr. 98, bnr 472 - kirketomt;Eldre reguleringsplan (PBL 1985);30;Utgått/erstattet;5;14.06.2000;Plan- og bygningsloven av 1985 eller før;5;På grunnen/vannoverflaten;2;Med bestemmelser som egen tekst;1
774;SØRLANDSSENTERET, OMBYGD KRYSS OG TOMT FOR HAGESENTER;Eldre reguleringsplan (PBL 1985);30;Utgått/erstattet;5;29.09.1999;Plan- og bygningsloven av 1985 eller før;5;På grunnen/vannoverflaten;2;Med bestemmelser som egen tekst;1
775;Dvergsnes felt B. tilknytning til F3;Eldre reguleringsplan (PBL 1985);30;Endelig vedtatt arealplan;3;21.06.2000;Plan- og bygningsloven av 1985 eller før;5;På grunnen/vannoverflaten;2;Planbestemmelser både på kart og som egen tekst;4
776;Tinghuskvartalet, resterende del;Eldre reguleringsplan (PBL 1985);30;Endelig vedtatt arealplan;3;14.06.2000;Plan- og bygningsloven av 1985 eller før;5;På grunnen/vannoverflaten;2;Planbestemmelser både på kart og som egen tekst;4
777;Hovedgårdstunet;Eldre reguleringsplan (PBL 1985);30;Utgått/erstattet;5;15.03.2000;Plan- og bygningsloven av 1985;4;På grunnen/vannoverflaten;2;;
778;Del av Hommeren ved ytre Torridal skole.;Eldre reguleringsplan (PBL 1985);30;Endelig vedtatt arealplan;3;15.03.2000;Plan- og bygningsloven av 1985 eller før;5;På grunnen/vannoverflaten;2;Uten bestemmelser;2
779;Kystveien - Mortensvei;Eldre reguleringsplan (PBL 1985);30;Endelig vedtatt arealplan;3;13.09.2000;Plan- og bygningsloven av 1985 eller før;5;På grunnen/vannoverflaten;2;Uten bestemmelser;2
780;Hellemyr nord, felt D3;Bebyggelsesplan iht. reguleringsplan (PBL 1985);32;Endelig vedtatt arealplan;3;07.09.2000;Plan- og bygningsloven av 1985 eller før;5;På grunnen/vannoverflaten;2;Planbestemmelser både på kart og som egen tekst;4
781;Gnr.74,Bnr.5 m.fl.;Eldre reguleringsplan (PBL 1985);30;Endelig vedtatt arealplan;3;13.09.2000;Plan- og bygningsloven av 1985 eller før;5;På grunnen/vannoverflaten;2;Planbestemmelser både på kart og som egen tekst;4
782;Kones/Børresvågkilen;Eldre reguleringsplan (PBL 1985);30;Endelig vedtatt arealplan;3;13.09.2000;Plan- og bygningsloven av 1985 eller før;5;På grunnen/vannoverflaten;2;Planbestemmelser både på kart og som egen tekst;4
783;Roligheden barnehage;Eldre reguleringsplan (PBL 1985);30;Endelig vedtatt arealplan;3;13.09.2000;Plan- og bygningsloven av 1985 eller før;5;På grunnen/vannoverflaten;2;Uten bestemmelser;2
784;Lindebø - Skålevigsgarden g/s vei;Eldre reguleringsplan (PBL 1985);30;Endelig vedtatt arealplan;3;15.11.2000;Plan- og bygningsloven av 1985 eller før;5;På grunnen/vannoverflaten;2;Uten bestemmelser;2
785;Gnr.62, Bnr.6, Strømsdalen;Eldre reguleringsplan (PBL 1985);30;Endelig vedtatt arealplan;3;16.06.2004;Plan- og bygningsloven av 1985 eller før;5;På grunnen/vannoverflaten;2;Planbestemmelser både på kart og som egen tekst;4
786;Hannevikbukta;Eldre reguleringsplan (PBL 1985);30;Endelig vedtatt arealplan;3;29.09.1999;Plan- og bygningsloven av 1985 eller før;5;På grunnen/vannoverflaten;2;Planbestemmelser både på kart og som egen tekst;4
787;Torridalsveien 89-95, Daniels stykke;Eldre reguleringsplan (PBL 1985);30;Endelig vedtatt arealplan;3;15.11.2000;Plan- og bygningsloven av 1985 eller før;5;På grunnen/vannoverflaten;2;Med bestemmelser som egen tekst;1
788;Elvebredden øst, felt O1 - (reguleringsendring);Eldre reguleringsplan (PBL 1985);30;Endelig vedtatt arealplan;3;06.12.2000;Plan- og bygningsloven av 1985 eller før;5;På grunnen/vannoverflaten;2;Planbestemmelser både på kart og som egen tekst;4
789;Henrik Wergelandsgate - fortau;Bebyggelsesplan iht. reguleringsplan (PBL 1985);32;Opphevet;4;14.12.2000;Plan- og bygningsloven av 1985 eller før;5;På grunnen/vannoverflaten;2;Uten bestemmelser;2
790;RONSBUKTA;Eldre reguleringsplan (PBL 1985);30;Utgått/erstattet;5;21.06.2000;Plan- og bygningsloven av 1985 eller før;5;På grunnen/vannoverflaten;2;Med bestemmelser som egen tekst;1
791;Snikkedalen;Eldre reguleringsplan (PBL 1985);30;Endelig vedtatt arealplan;3;14.06.2000;Plan- og bygningsloven av 1985 eller før;5;På grunnen/vannoverflaten;2;Planbestemmelser både på kart og som egen tekst;4
792;KALVEHAGEN;Eldre reguleringsplan (PBL 1985);30;Utgått/erstattet;5;14.06.2000;Plan- og bygningsloven av 1985 eller før;5;På grunnen/vannoverflaten;2;Med bestemmelser som egen tekst;1
793;Skjærgårdsheimområdet, Gnr. 3, bnr. 16, 53 m.fl.;Eldre reguleringsplan (PBL 1985);30;Endelig vedtatt arealplan;3;19.10.2005;Plan- og bygningsloven av 1985 eller før;5;På grunnen/vannoverflaten;2;Planbestemmelser både på kart og som egen tekst;4
794;Presteheia, del av;Eldre reguleringsplan (PBL 1985);30;Endelig vedtatt arealplan;3;31.01.2001;Plan- og bygningsloven av 1985 eller før;5;På grunnen/vannoverflaten;2;Planbestemmelser både på kart og som egen tekst;4
795;Hånesbukta småbåthavn;Eldre reguleringsplan (PBL 1985);30;Utgått/erstattet;5;07.03.2001;Plan- og bygningsloven av 1985 eller før;5;På grunnen/vannoverflaten;2;Med bestemmelser som egen tekst;1
796;RANDESUND IND.OMRÅDE, SONE 1 OG 2;Eldre reguleringsplan (PBL 1985);30;Utgått/erstattet;5;07.03.2001;Plan- og bygningsloven av 1985 eller før;5;På grunnen/vannoverflaten;2;;
797;Gnr. 1, bnr. 68 Kvitfjellveien;Eldre reguleringsplan (PBL 1985);30;Endelig vedtatt arealplan;3;07.03.2001;Plan- og bygningsloven av 1985 eller før;5;På grunnen/vannoverflaten;2;Planbestemmelser både på kart og som egen tekst;4
798;Vestre Randøy, søndre del;Eldre reguleringsplan (PBL 1985);30;Endelig vedtatt arealplan;3;10.02.1999;Plan- og bygningsloven av 1985 eller før;5;På grunnen/vannoverflaten;2;Planbestemmelser både på kart og som egen tekst;4
799;Solliveien 13/236 m.fl.;Eldre reguleringsplan (PBL 1985);30;Endelig vedtatt arealplan;3;04.04.2001;Plan- og bygningsloven av 1985 eller før;5;På grunnen/vannoverflaten;2;Planbestemmelser både på kart og som egen tekst;4
800;Sørlandets Golfbaneanlegg;Eldre reguleringsplan (PBL 1985);30;Endelig vedtatt arealplan;3;06.12.2000;Plan- og bygningsloven av 1985 eller før;5;På grunnen/vannoverflaten;2;Planbestemmelser både på kart og som egen tekst;4
801;Vestre Randøy, del av gnr. 88, bnr. 9,10 og 32.;Eldre reguleringsplan (PBL 1985);30;Endelig vedtatt arealplan;3;13.06.2001;Plan- og bygningsloven av 1985 eller før;5;På grunnen/vannoverflaten;2;Planbestemmelser både på kart og som egen tekst;4
802;Gnr.88,Bnr.6,38 Østre Randøy;Eldre reguleringsplan (PBL 1985);30;Endelig vedtatt arealplan;3;20.06.2001;Plan- og bygningsloven av 1985 eller før;5;På grunnen/vannoverflaten;2;Planbestemmelser både på kart og som egen tekst;4
803;Torridalsveien 74 - 76;Eldre reguleringsplan (PBL 1985);30;Endelig vedtatt arealplan;3;20.06.2001;Plan- og bygningsloven av 1985 eller før;5;På grunnen/vannoverflaten;2;Planbestemmelser både på kart og som egen tekst;4
804;Lauvåsen;Eldre reguleringsplan (PBL 1985);30;Endelig vedtatt arealplan;3;31.05.2006;Plan- og bygningsloven av 1985 eller før;5;På grunnen/vannoverflaten;2;Planbestemmelser både på kart og som egen tekst;4
805;Sørlandets golfbaneanlegg, utvidelse;Eldre reguleringsplan (PBL 1985);30;Endelig vedtatt arealplan;3;05.09.2001;Plan- og bygningsloven av 1985 eller før;5;På grunnen/vannoverflaten;2;Planbestemmelser både på kart og som egen tekst;4
806;Kvartal 71 - Fylkeshuset;Eldre reguleringsplan (PBL 1985);30;Endelig vedtatt arealplan;3;05.09.2001;Plan- og bygningsloven av 1985 eller før;5;På grunnen/vannoverflaten;2;Planbestemmelser både på kart og som egen tekst;4
807;Stølvika;Eldre reguleringsplan (PBL 1985);30;Endelig vedtatt arealplan;3;06.12.2000;Plan- og bygningsloven av 1985 eller før;5;På grunnen/vannoverflaten;2;Planbestemmelser både på kart og som egen tekst;4
808;Kongsgård alle 12;Eldre reguleringsplan (PBL 1985);30;Endelig vedtatt arealplan;3;05.09.2001;Plan- og bygningsloven av 1985 eller før;5;På grunnen/vannoverflaten;2;Planbestemmelser både på kart og som egen tekst;4
809;Gnr. 1, Bnr. 137, 628 Skyllevika;Bebyggelsesplan iht. kommuneplanens arealdel (PBL 1985);33;Endelig vedtatt arealplan;3;31.05.2001;Plan- og bygningsloven av 1985 eller før;5;På grunnen/vannoverflaten;2;Planbestemmelser både på kart og som egen tekst;4
810;Gnr. 61, Bnr. 3-5 m.fl - Torp/Benestad;Eldre reguleringsplan (PBL 1985);30;Endelig vedtatt arealplan;3;31.01.2001;Plan- og bygningsloven av 1985 eller før;5;På grunnen/vannoverflaten;2;Planbestemmelser både på kart og som egen tekst;4
811;Torsteinsnes, Leifsbukt;Bebyggelsesplan iht. reguleringsplan (PBL 1985);32;Endelig vedtatt arealplan;3;29.06.2000;Plan- og bygningsloven av 1985 eller før;5;På grunnen/vannoverflaten;2;Planbestemmelser både på kart og som egen tekst;4
812;Rv.41 Krageboen;Eldre reguleringsplan (PBL 1985);30;Endelig vedtatt arealplan;3;20.06.2001;Plan- og bygningsloven av 1985 eller før;5;På grunnen/vannoverflaten;2;Planbestemmelser både på kart og som egen tekst;4
813;Gnr.1, bnr.12 m.fl. Barnehage på Mæbø på Flekkerøy ;Eldre reguleringsplan (PBL 1985);30;Endelig vedtatt arealplan;3;08.12.2004;Plan- og bygningsloven av 1985 eller før;5;På grunnen/vannoverflaten;2;Planbestemmelser både på kart og som egen tekst;4
814;Kjeldevika;Eldre reguleringsplan (PBL 1985);30;Endelig vedtatt arealplan;3;06.03.2002;Plan- og bygningsloven av 1985 eller før;5;På grunnen/vannoverflaten;2;Planbestemmelser både på kart og som egen tekst;4
815;Buane, Randesund;Eldre reguleringsplan (PBL 1985);30;Endelig vedtatt arealplan;3;06.03.2002;Plan- og bygningsloven av 1985 eller før;5;På grunnen/vannoverflaten;2;Planbestemmelser både på kart og som egen tekst;4
816;Odderhei 2;Eldre reguleringsplan (PBL 1985);30;Endelig vedtatt arealplan;3;10.12.2003;Plan- og bygningsloven av 1985 eller før;5;På grunnen/vannoverflaten;2;Planbestemmelser både på kart og som egen tekst;4
817;Hovedgårdstunet, Vågsbygd;Eldre reguleringsplan (PBL 1985);30;Endelig vedtatt arealplan;3;10.04.2002;Plan- og bygningsloven av 1985 eller før;5;På grunnen/vannoverflaten;2;Planbestemmelser både på kart og som egen tekst;4
818;Gnr. 28, Bnr. 21, Mosby;Bebyggelsesplan iht. kommuneplanens arealdel (PBL 1985);33;Endelig vedtatt arealplan;3;14.12.2000;Plan- og bygningsloven av 1985 eller før;5;På grunnen/vannoverflaten;2;Planbestemmelser både på kart og som egen tekst;4
819;Gnr.1, Bnr.55, 83 m.fl. Mæbø;Eldre reguleringsplan (PBL 1985);30;Endelig vedtatt arealplan;3;07.11.2001;Plan- og bygningsloven av 1985 eller før;5;På grunnen/vannoverflaten;2;Planbestemmelser både på kart og som egen tekst;4
820;Metroknutepunkt Vågsbygd;Eldre reguleringsplan (PBL 1985);30;Endelig vedtatt arealplan;3;06.03.2002;Plan- og bygningsloven av 1985 eller før;5;På grunnen/vannoverflaten;2;Planbestemmelser både på kart og som egen tekst;4
821;Mosby stasjon;Eldre reguleringsplan (PBL 1985);30;Endelig vedtatt arealplan;3;06.03.2002;Plan- og bygningsloven av 1985 eller før;5;På grunnen/vannoverflaten;2;Planbestemmelser både på kart og som egen tekst;4
822;Lindkjellveien 6;Eldre reguleringsplan (PBL 1985);30;Endelig vedtatt arealplan;3;10.04.2002;Plan- og bygningsloven av 1985 eller før;5;På grunnen/vannoverflaten;2;Planbestemmelser både på kart og som egen tekst;4
823;Tinnheiveien v/Natriumveien;Eldre reguleringsplan (PBL 1985);30;Endelig vedtatt arealplan;3;10.04.2002;Plan- og bygningsloven av 1985 eller før;5;På grunnen/vannoverflaten;2;Planbestemmelser både på kart og som egen tekst;4
824; Gnr.96 Bnr.93, Børresvågen;Eldre reguleringsplan (PBL 1985);30;Endelig vedtatt arealplan;3;15.05.2002;Plan- og bygningsloven av 1985 eller før;5;På grunnen/vannoverflaten;2;Planbestemmelser både på kart og som egen tekst;4
825;Rv.456 g/s Rådyrveien - Bråvann;Eldre reguleringsplan (PBL 1985);30;Endelig vedtatt arealplan;3;15.05.2002;Plan- og bygningsloven av 1985 eller før;5;På grunnen/vannoverflaten;2;Planbestemmelser både på kart og som egen tekst;4
826;Kårholmen;Eldre reguleringsplan (PBL 1985);30;Endelig vedtatt arealplan;3;15.05.2002;Plan- og bygningsloven av 1985 eller før;5;På grunnen/vannoverflaten;2;Planbestemmelser både på kart og som egen tekst;4
827;Hovde, Flekkerøy;Eldre reguleringsplan (PBL 1985);30;Endelig vedtatt arealplan;3;15.05.2002;Plan- og bygningsloven av 1985 eller før;5;På grunnen/vannoverflaten;2;Planbestemmelser både på kart og som egen tekst;4
828;Kvartal 12;Eldre reguleringsplan (PBL 1985);30;Endelig vedtatt arealplan;3;12.06.2002;Plan- og bygningsloven av 1985 eller før;5;På grunnen/vannoverflaten;2;Planbestemmelser både på kart og som egen tekst;4
829;Kilura, Flekkerøy;Eldre reguleringsplan (PBL 1985);30;Endelig vedtatt arealplan;3;12.06.2002;Plan- og bygningsloven av 1985 eller før;5;På grunnen/vannoverflaten;2;Planbestemmelser både på kart og som egen tekst;4
830;Elvebredden syd;Eldre reguleringsplan (PBL 1985);30;Endelig vedtatt arealplan;3;19.06.2002;Plan- og bygningsloven av 1985 eller før;5;På grunnen/vannoverflaten;2;Planbestemmelser både på kart og som egen tekst;4
831;Lindtjønn;Eldre reguleringsplan (PBL 1985);30;Endelig vedtatt arealplan;3;15.03.2000;Plan- og bygningsloven av 1985 eller før;5;På grunnen/vannoverflaten;2;Planbestemmelser både på kart og som egen tekst;4
832;Gangdalen nord til Sagbakken g/s vei;Eldre reguleringsplan (PBL 1985);30;Endelig vedtatt arealplan;3;04.09.2002;Plan- og bygningsloven av 1985 eller før;5;På grunnen/vannoverflaten;2;Planbestemmelser både på kart og som egen tekst;4
833;Randesund industriområde, sone 2;Eldre reguleringsplan (PBL 1985);30;Utgått/erstattet;5;04.09.2002;Plan- og bygningsloven av 1985 eller før;5;På grunnen/vannoverflaten;2;Med bestemmelser som egen tekst;1
834;Gnr.14 Bnr. 39 Kjerrheia;Bebyggelsesplan iht. kommuneplanens arealdel (PBL 1985);33;Endelig vedtatt arealplan;3;26.09.2002;Plan- og bygningsloven av 1985 eller før;5;På grunnen/vannoverflaten;2;Planbestemmelser både på kart og som egen tekst;4
835;Sukkevann - Fidjekilen;Eldre reguleringsplan (PBL 1985);30;Endelig vedtatt arealplan;3;04.09.2002;Plan- og bygningsloven av 1985 eller før;5;På grunnen/vannoverflaten;2;Planbestemmelser både på kart og som egen tekst;4
836;Bursholmen;Eldre reguleringsplan (PBL 1985);30;Endelig vedtatt arealplan;3;02.10.2002;Plan- og bygningsloven av 1985 eller før;5;På grunnen/vannoverflaten;2;Planbestemmelser både på kart og som egen tekst;4
837;Ytre Eigevann;Eldre reguleringsplan (PBL 1985);30;Endelig vedtatt arealplan;3;02.10.2002;Plan- og bygningsloven av 1985 eller før;5;På grunnen/vannoverflaten;2;Planbestemmelser både på kart og som egen tekst;4
838;Lindeveien/Nordre Hovedgårdsvei;Eldre reguleringsplan (PBL 1985);30;Endelig vedtatt arealplan;3;02.10.2002;Plan- og bygningsloven av 1985 eller før;5;På grunnen/vannoverflaten;2;Planbestemmelser både på kart og som egen tekst;4
839;Øvre Ringvei 12;Eldre reguleringsplan (PBL 1985);30;Endelig vedtatt arealplan;3;06.11.2002;Plan- og bygningsloven av 1985 eller før;5;På grunnen/vannoverflaten;2;Planbestemmelser både på kart og som egen tekst;4
840;Belteviksvingen, Flekkerøy;Eldre reguleringsplan (PBL 1985);30;Endelig vedtatt arealplan;3;04.12.2002;Plan- og bygningsloven av 1985 eller før;5;På grunnen/vannoverflaten;2;Planbestemmelser både på kart og som egen tekst;4
841;Østre ringvei;Eldre reguleringsplan (PBL 1985);30;Endelig vedtatt arealplan;3;29.04.1998;Plan- og bygningsloven av 1985 eller før;5;På grunnen/vannoverflaten;2;Uten bestemmelser;2
842;Solsletta, delplan 2, Vestre del;Eldre reguleringsplan (PBL 1985);30;Endelig vedtatt arealplan;3;04.06.2003;Plan- og bygningsloven av 1985 eller før;5;På grunnen/vannoverflaten;2;Planbestemmelser både på kart og som egen tekst;4
843;Kuholmsveien/Hamreheia;Eldre reguleringsplan (PBL 1985);30;Endelig vedtatt arealplan;3;04.06.2003;Plan- og bygningsloven av 1985 eller før;5;Under grunnen (tunnel), På grunnen/vannoverflaten;1, 2;Planbestemmelser både på kart og som egen tekst;4
844;EUROTERMINALEN;Eldre reguleringsplan (PBL 1985);30;Utgått/erstattet;5;10.04.2002;Plan- og bygningsloven av 1985 eller før;5;På grunnen/vannoverflaten;2;Med bestemmelser som egen tekst;1
845;Wilds minne skole - stadion;Eldre reguleringsplan (PBL 1985);30;Endelig vedtatt arealplan;3;12.06.2002;Plan- og bygningsloven av 1985 eller før;5;På grunnen/vannoverflaten;2;Planbestemmelser både på kart og som egen tekst;4
846;Roligheden, Fantholmen og Kuholmsbukta;Eldre reguleringsplan (PBL 1985);30;Endelig vedtatt arealplan;3;12.06.2002;Plan- og bygningsloven av 1985 eller før;5;På grunnen/vannoverflaten;2;Planbestemmelser både på kart og som egen tekst;4
847;Teglverksveien 33;Eldre reguleringsplan (PBL 1985);30;Endelig vedtatt arealplan;3;19.06.2002;Plan- og bygningsloven av 1985 eller før;5;På grunnen/vannoverflaten;2;Planbestemmelser både på kart og som egen tekst;4
848;Stålveien/ledningdalen;Eldre reguleringsplan (PBL 1985);30;Endelig vedtatt arealplan;3;10.09.2003;Plan- og bygningsloven av 1985 eller før;5;På grunnen/vannoverflaten;2;Planbestemmelser både på kart og som egen tekst;4
849;Vestre Strandgt. 23, 27 og 29;Eldre reguleringsplan (PBL 1985);30;Endelig vedtatt arealplan;3;29.01.2003;Plan- og bygningsloven av 1985 eller før;5;På grunnen/vannoverflaten;2;Planbestemmelser både på kart og som egen tekst;4
850;Bergtoras vei nord;Eldre reguleringsplan (PBL 1985);30;Endelig vedtatt arealplan;3;29.01.2003;Plan- og bygningsloven av 1985 eller før;5;På grunnen/vannoverflaten;2;Med bestemmelser som egen tekst;1
851;Strømme/Korsvik, felt K;Eldre reguleringsplan (PBL 1985);30;Endelig vedtatt arealplan;3;26.11.2003;Plan- og bygningsloven av 1985 eller før;5;På grunnen/vannoverflaten;2;Planbestemmelser både på kart og som egen tekst;4
852;Lund;Kommunedelplan;21;Opphevet;4;27.04.2005;Plan- og bygningsloven av 1985 eller før;5;;;Med bestemmelser som egen tekst;1
853;Sentrale deler av Vågsbygd;Kommunedelplan;21;Utgått/erstattet;5;07.11.2001;Plan- og bygningsloven av 1985 eller før;5;;;Med bestemmelser som egen tekst;1
854;Ryensveien 52;Eldre reguleringsplan (PBL 1985);30;Endelig vedtatt arealplan;3;29.10.2003;Plan- og bygningsloven av 1985 eller før;5;På grunnen/vannoverflaten;2;Planbestemmelser både på kart og som egen tekst;4
855;Rv9 Setesdalsveien, Dalane - ytre Stray;Eldre reguleringsplan (PBL 1985);30;Endelig vedtatt arealplan;3;02.10.2002;Plan- og bygningsloven av 1985 eller før;5;På grunnen/vannoverflaten;2;Planbestemmelser både på kart og som egen tekst;4
856;Fv303 Kuliaveien fra Augland til Songdalen;Eldre reguleringsplan (PBL 1985);30;Endelig vedtatt arealplan;3;05.05.2004;Plan- og bygningsloven av 1985 eller før;5;På grunnen/vannoverflaten;2;Planbestemmelser både på kart og som egen tekst;4
857;Galgebergveien 3, Gnr. 152, Bnr. 255;Eldre reguleringsplan (PBL 1985);30;Endelig vedtatt arealplan;3;28.01.2004;Plan- og bygningsloven av 1985 eller før;5;På grunnen/vannoverflaten;2;Planbestemmelser både på kart og som egen tekst;4
858;Sagmyrlia;Detaljregulering;35;Endelig vedtatt arealplan;3;07.09.2011;Plan- og bygningsloven av 2008;6;På grunnen/vannoverflaten;2;Planbestemmelser både på kart og som egen tekst;4
859;Lumber - 14/9 og del av 14/1141;Eldre reguleringsplan (PBL 1985);30;Uaktuell/trukket;10;;Plan- og bygningsloven av 1985;4;På grunnen/vannoverflaten;2;Med bestemmelser som egen tekst;1
860;Lerkeveien 16;Bebyggelsesplan iht. kommuneplanens arealdel (PBL 1985);33;Endelig vedtatt arealplan;3;19.08.2004;Plan- og bygningsloven av 1985 eller før;5;På grunnen/vannoverflaten;2;Med bestemmelser som egen tekst;1
861;HOLSKOGVEIEN 6 - 10;Eldre reguleringsplan (PBL 1985);30;Uaktuell/trukket;10;;Plan- og bygningsloven av 1985 eller før;5;;;;
862;Jaktoddveien/Bryggelia;Eldre reguleringsplan (PBL 1985);30;Endelig vedtatt arealplan;3;13.09.2006;Plan- og bygningsloven av 1985 eller før;5;På grunnen/vannoverflaten;2;Planbestemmelser både på kart og som egen tekst;4
863;Holskogveien gnr.11,bnr.30;Eldre reguleringsplan (PBL 1985);30;Uaktuell/trukket;10;;Plan- og bygningsloven av 1985 eller før;5;;;;
865;Vågsbygd senter;Eldre reguleringsplan (PBL 1985);30;Endelig vedtatt arealplan;3;26.01.2005;Plan- og bygningsloven av 1985 eller før;5;På grunnen/vannoverflaten;2;Planbestemmelser både på kart og som egen tekst;4
867;Paulen gnr 2, bnr 8 m.fl, Flekkerøy;Eldre reguleringsplan (PBL 1985);30;Endelig vedtatt arealplan;3;30.05.2007;Plan- og bygningsloven av 1985 eller før;5;På grunnen/vannoverflaten;2;Planbestemmelser både på kart og som egen tekst;4
868;Gnr. 1, Bnr. 5, 259 Flekkerøy;Eldre reguleringsplan (PBL 1985);30;Endelig vedtatt arealplan;3;08.12.2004;Plan- og bygningsloven av 1985 eller før;5;På grunnen/vannoverflaten;2;Planbestemmelser både på kart og som egen tekst;4
870;Gnr.1 Bnr. 6 m.fl. Mæbø;Eldre reguleringsplan (PBL 1985);30;Endelig vedtatt arealplan;3;21.04.2010;Plan- og bygningsloven av 1985 eller før;5;På grunnen/vannoverflaten;2;Planbestemmelser både på kart og som egen tekst;4
871;Gnr. 1, bnr. 586 m.fl, Myra;Detaljregulering;35;Endelig vedtatt arealplan;3;28.09.2011;Plan- og bygningsloven av 2008;6;På grunnen/vannoverflaten;2;Planbestemmelser både på kart og som egen tekst;4
872;Sildenestangen, Flekkerøy;Eldre reguleringsplan (PBL 1985);30;Endelig vedtatt arealplan;3;14.04.2004;Plan- og bygningsloven av 1985 eller før;5;På grunnen/vannoverflaten;2;Planbestemmelser både på kart og som egen tekst;4
873;Tyttebærheia, Gnr. 2, Bnr. 14, m.fl;Eldre reguleringsplan (PBL 1985);30;Endelig vedtatt arealplan;3;06.12.2006;Plan- og bygningsloven av 1985 eller før;5;På grunnen/vannoverflaten;2;Planbestemmelser både på kart og som egen tekst;4
874;Gnr. 2, bnr. 92 m. fl. Tyttebærheia øst;Eldre reguleringsplan (PBL 1985);30;Endelig vedtatt arealplan;3;14.04.2004;Plan- og bygningsloven av 1985 eller før;5;På grunnen/vannoverflaten;2;Planbestemmelser både på kart og som egen tekst;4
877;Vest Agder sykehus;Eldre reguleringsplan (PBL 1985);30;Endelig vedtatt arealplan;3;02.04.2003;Plan- og bygningsloven av 1985 eller før;5;På grunnen/vannoverflaten;2;Planbestemmelser både på kart og som egen tekst;4
878;Valhalla;Eldre reguleringsplan (PBL 1985);30;Uaktuell/trukket;10;;Plan- og bygningsloven av 1985 eller før;5;;;;
879;Sjømannsgata og Vindmøllegangen.;Eldre reguleringsplan (PBL 1985);30;Endelig vedtatt arealplan;3;27.10.2010;Plan- og bygningsloven av 1985 eller før;5;På grunnen/vannoverflaten;2;Med bestemmelser som egen tekst;1
880;Tobienborg;Detaljregulering;35;Endelig vedtatt arealplan;3;21.01.2009;Plan- og bygningsloven av 2008;6;På grunnen/vannoverflaten;2;Planbestemmelser både på kart og som egen tekst;4
882;Skudeviga - Torsteinsodden (Flekkerøya);Eldre reguleringsplan (PBL 1985);30;Uaktuell/trukket;10;;Plan- og bygningsloven av 1985;4;På grunnen/vannoverflaten;2;;
883;E18 Aust Agder grense-Timenes;Eldre reguleringsplan (PBL 1985);30;Endelig vedtatt arealplan;3;10.09.2003;Plan- og bygningsloven av 1985 eller før;5;På grunnen/vannoverflaten;2;Planbestemmelser både på kart og som egen tekst;4
884;Mosby 28/75 mfl. (Coop);Eldre reguleringsplan (PBL 1985);30;Avvist;9;;Plan- og bygningsloven av 1985;4;På grunnen/vannoverflaten;2;Med bestemmelser som egen tekst;1
889;Vesvann vannverk;Eldre reguleringsplan (PBL 1985);30;Uaktuell/trukket;10;;Plan- og bygningsloven av 1985 eller før;5;På grunnen/vannoverflaten;2;;
891;Tangen;Eldre reguleringsplan (PBL 1985);30;Endelig vedtatt arealplan;3;16.06.2004;Plan- og bygningsloven av 1985 eller før;5;På grunnen/vannoverflaten;2;Planbestemmelser både på kart og som egen tekst;4
892;Kvartal 72 - Nybyen;Eldre reguleringsplan (PBL 1985);30;Endelig vedtatt arealplan;3;16.11.2005;Plan- og bygningsloven av 1985 eller før;5;Under grunnen (tunnel), På grunnen/vannoverflaten;1, 2;Planbestemmelser både på kart og som egen tekst;4
893;Sørlandsparken;Eldre reguleringsplan (PBL 1985);30;Endelig vedtatt arealplan;3;22.06.2005;Plan- og bygningsloven av 1985 eller før;5;På grunnen/vannoverflaten;2;Planbestemmelser både på kart og som egen tekst;4
894;Kvadraturplanen;Kommunedelplan;21;Utgått/erstattet;5;22.06.1999;Plan- og bygningsloven av 1985 eller før;5;;;Med bestemmelser som egen tekst;1
895;Setesdalsveien 24A - Frobusdalen;Eldre reguleringsplan (PBL 1985);30;Endelig vedtatt arealplan;3;25.04.2007;Plan- og bygningsloven av 1985 eller før;5;På grunnen/vannoverflaten;2;Planbestemmelser både på kart og som egen tekst;4
896;Oddernes tun;Eldre reguleringsplan (PBL 1985);30;Uaktuell/trukket;10;;Plan- og bygningsloven av 1985;4;På grunnen/vannoverflaten;2;;
897;Rona;Eldre reguleringsplan (PBL 1985);30;Uaktuell/trukket;10;;Plan- og bygningsloven av 1985 eller før;5;På grunnen/vannoverflaten;2;;
898;Eidet ;Eldre reguleringsplan (PBL 1985);30;Endelig vedtatt arealplan;3;16.11.2005;Plan- og bygningsloven av 1985 eller før;5;På grunnen/vannoverflaten;2;Planbestemmelser både på kart og som egen tekst;4
899;Justneshalvøya;Eldre reguleringsplan (PBL 1985);30;Endelig vedtatt arealplan;3;25.01.2006;Plan- og bygningsloven av 1985 eller før;5;På grunnen/vannoverflaten;2;Planbestemmelser både på kart og som egen tekst;4
900;Knarrevik/Rosenlund;Eldre reguleringsplan (PBL 1985);30;Endelig vedtatt arealplan;3;26.09.2007;Plan- og bygningsloven av 1985 eller før;5;På grunnen/vannoverflaten;2;Planbestemmelser både på kart og som egen tekst;4
901;TORRIDALSVEIEN 102-110;Eldre reguleringsplan (PBL 1985);30;Uaktuell/trukket;10;;Plan- og bygningsloven av 1985 eller før;5;På grunnen/vannoverflaten;2;Med bestemmelser som egen tekst;1
902;Benestad;Eldre reguleringsplan (PBL 1985);30;Endelig vedtatt arealplan;3;11.05.2011;Plan- og bygningsloven av 1985 eller før;5;På grunnen/vannoverflaten;2;Planbestemmelser både på kart og som egen tekst;4
905;Knarrevik, Gnr. 5, Bnr. 53 m.fl.;Eldre reguleringsplan (PBL 1985);30;Endelig vedtatt arealplan;3;21.06.2006;Plan- og bygningsloven av 1985 eller før;5;På grunnen/vannoverflaten;2;Planbestemmelser både på kart og som egen tekst;4
906;Ytre Kalvøy, Gnr. 88, bnr.11;Eldre reguleringsplan (PBL 1985);30;Endelig vedtatt arealplan;3;18.10.2006;Plan- og bygningsloven av 1985 eller før;5;På grunnen/vannoverflaten;2;Planbestemmelser både på kart og som egen tekst;4
907;Dvergsnesbukta båthavn, Fidjekilen;Eldre reguleringsplan (PBL 1985);30;Avvist;9;;Plan- og bygningsloven av 1985;4;På grunnen/vannoverflaten;2;;
908;Kvartal 4 (IV);Eldre reguleringsplan (PBL 1985);30;Endelig vedtatt arealplan;3;08.09.2004;Plan- og bygningsloven av 1985 eller før;5;På grunnen/vannoverflaten;2;Planbestemmelser både på kart og som egen tekst;4
909;Tutlamoen/Rismoen;Eldre reguleringsplan (PBL 1985);30;Uaktuell/trukket;10;;Plan- og bygningsloven av 1985;4;På grunnen/vannoverflaten;2;;
910;Hommeren vest;Eldre reguleringsplan (PBL 1985);30;Endelig vedtatt arealplan;3;17.11.2004;Plan- og bygningsloven av 1985 eller før;5;På grunnen/vannoverflaten;2;Planbestemmelser både på kart og som egen tekst;4
911;Kvartal 38;Eldre reguleringsplan (PBL 1985);30;Endelig vedtatt arealplan;3;14.09.2005;Plan- og bygningsloven av 1985 eller før;5;På grunnen/vannoverflaten;2;Med bestemmelser som egen tekst;1
913;Mosby, Gnr. 28, bnr. 81 m.fl.;Eldre reguleringsplan (PBL 1985);30;Endelig vedtatt arealplan;3;08.12.2004;Plan- og bygningsloven av 1985 eller før;5;På grunnen/vannoverflaten;2;Planbestemmelser både på kart og som egen tekst;4
914;Justnes oppvekstsenter;Eldre reguleringsplan (PBL 1985);30;Endelig vedtatt arealplan;3;08.12.2004;Plan- og bygningsloven av 1985 eller før;5;På grunnen/vannoverflaten;2;Planbestemmelser både på kart og som egen tekst;4
915;ØSTRE RINGVEI 77;Eldre reguleringsplan (PBL 1985);30;Uaktuell/trukket;10;;Plan- og bygningsloven av 1985 eller før;5;På grunnen/vannoverflaten;2;;
916;Oddemarka vest;Eldre reguleringsplan (PBL 1985);30;Endelig vedtatt arealplan;3;12.05.2010;Plan- og bygningsloven av 1985 eller før;5;Under grunnen (tunnel), På grunnen/vannoverflaten;1, 2;Planbestemmelser både på kart og som egen tekst;4
917;Vestheiene nord, Hellemyr felt D2;Bebyggelsesplan iht. reguleringsplan (PBL 1985);32;Endelig vedtatt arealplan;3;06.11.2003;Plan- og bygningsloven av 1985 eller før;5;På grunnen/vannoverflaten;2;Planbestemmelser både på kart og som egen tekst;4
918;Vestheiene nord, Hellemyr felt D1;Bebyggelsesplan iht. reguleringsplan (PBL 1985);32;Endelig vedtatt arealplan;3;14.04.2005;Plan- og bygningsloven av 1985 eller før;5;På grunnen/vannoverflaten;2;Planbestemmelser både på kart og som egen tekst;4
919;Flekkerøy skole, Gnr. 1, bnr. 2;Eldre reguleringsplan (PBL 1985);30;Endelig vedtatt arealplan;3;26.11.2003;Plan- og bygningsloven av 1985 eller før;5;På grunnen/vannoverflaten;2;Planbestemmelser både på kart og som egen tekst;4
920;Lindebøskauen skole og idrettsanlegg;Eldre reguleringsplan (PBL 1985);30;Endelig vedtatt arealplan;3;05.05.2004;Plan- og bygningsloven av 1985 eller før;5;På grunnen/vannoverflaten;2;Planbestemmelser både på kart og som egen tekst;4
921;Oddemarka øst - Østerveien 45;Eldre reguleringsplan (PBL 1985);30;Endelig vedtatt arealplan;3;30.05.2007;Plan- og bygningsloven av 1985 eller før;5;På grunnen/vannoverflaten;2;Planbestemmelser både på kart og som egen tekst;4
922;Rv.401 Høvågveien, g/s Dvergsnesveien -Torp;Eldre reguleringsplan (PBL 1985);30;Endelig vedtatt arealplan;3;05.05.2004;Plan- og bygningsloven av 1985 eller før;5;På grunnen/vannoverflaten;2;Planbestemmelser både på kart og som egen tekst;4
923;Kvartal 9, Del av;Eldre reguleringsplan (PBL 1985);30;Endelig vedtatt arealplan;3;06.11.2002;Plan- og bygningsloven av 1985 eller før;5;Under grunnen (tunnel), På grunnen/vannoverflaten;1, 2;Planbestemmelser både på kart og som egen tekst;4
924;Fv8 Vesterøya, Fløybakken-Kilura;Eldre reguleringsplan (PBL 1985);30;Endelig vedtatt arealplan;3;14.09.2005;Plan- og bygningsloven av 1985 eller før;5;På grunnen/vannoverflaten;2;Uten bestemmelser;2
925;Kvartal 16;Eldre reguleringsplan (PBL 1985);30;Uaktuell/trukket;10;;Plan- og bygningsloven av 1985 eller før;5;På grunnen/vannoverflaten;2;Med bestemmelser som egen tekst;1
926;Kvartal 10, del av (Gamle Salem);Eldre reguleringsplan (PBL 1985);30;Endelig vedtatt arealplan;3;07.12.2005;Plan- og bygningsloven av 1985 eller før;5;På grunnen/vannoverflaten;2;Planbestemmelser både på kart og som egen tekst;4
927;Kvartal 11, del av;Eldre reguleringsplan (PBL 1985);30;Endelig vedtatt arealplan;3;19.10.2005;Plan- og bygningsloven av 1985 eller før;5;Under grunnen (tunnel), På grunnen/vannoverflaten;1, 2;Planbestemmelser både på kart og som egen tekst;4
928;Jordbærveien barnehage;Eldre reguleringsplan (PBL 1985);30;Endelig vedtatt arealplan;3;28.01.2004;Plan- og bygningsloven av 1985 eller før;5;På grunnen/vannoverflaten;2;Planbestemmelser både på kart og som egen tekst;4
930;Kongsgård/Ringåsen;Eldre reguleringsplan (PBL 1985);30;Endelig vedtatt arealplan;3;14.09.2005;Plan- og bygningsloven av 1985 eller før;5;På grunnen/vannoverflaten;2;Planbestemmelser både på kart og som egen tekst;4
931;Vågsbygd Ringvei - Broveien;Eldre reguleringsplan (PBL 1985);30;Endelig vedtatt arealplan;3;25.04.2012;Plan- og bygningsloven av 1985 eller før;5;På grunnen/vannoverflaten;2;Planbestemmelser både på kart og som egen tekst;4
932;Kroodden;Områderegulering;34;Endelig vedtatt arealplan;3;26.11.2014;Plan- og bygningsloven av 2008;6;På grunnen/vannoverflaten;2;Planbestemmelser både på kart og som egen tekst;4
933;Torridalsveien/Ringlebekkveien;Detaljregulering;35;Endelig vedtatt arealplan;3;27.10.2010;Plan- og bygningsloven av 2008;6;Under grunnen (tunnel), På grunnen/vannoverflaten;1, 2;Planbestemmelser både på kart og som egen tekst;4
934;Flekkerøy;Kommunedelplan;21;Opphevet;4;22.02.1995;Plan- og bygningsloven av 1985 eller før;5;;;Med bestemmelser som egen tekst;1
935;Dvergsnes felt B, sørlig del;Eldre reguleringsplan (PBL 1985);30;Endelig vedtatt arealplan;3;20.06.2007;Plan- og bygningsloven av 1985 eller før;5;På grunnen/vannoverflaten;2;Planbestemmelser både på kart og som egen tekst;4
937;Dvergsnes skole;Eldre reguleringsplan (PBL 1985);30;Endelig vedtatt arealplan;3;08.12.2004;Plan- og bygningsloven av 1985 eller før;5;På grunnen/vannoverflaten;2;Planbestemmelser både på kart og som egen tekst;4
938;Strømme skole;Eldre reguleringsplan (PBL 1985);30;Endelig vedtatt arealplan;3;08.12.2004;Plan- og bygningsloven av 1985 eller før;5;På grunnen/vannoverflaten;2;Planbestemmelser både på kart og som egen tekst;4
939;Ytre-Strai - Straismoen;Eldre reguleringsplan (PBL 1985);30;Endelig vedtatt arealplan;3;08.12.2004;Plan- og bygningsloven av 1985 eller før;5;På grunnen/vannoverflaten;2;Planbestemmelser både på kart og som egen tekst;4
940;EIVIND JARLSGT. 24-28;Eldre reguleringsplan (PBL 1985);30;Uaktuell/trukket;10;;Plan- og bygningsloven av 1985 eller før;5;;;;
941;Romstøl - Randesund;Eldre reguleringsplan (PBL 1985);30;Uaktuell/trukket;10;;Plan- og bygningsloven av 1985;4;På grunnen/vannoverflaten;2;;
942;Gimlekollen - idrettsbane ved Jegersberg/Prestheia;Eldre reguleringsplan (PBL 1985);30;Endelig vedtatt arealplan;3;05.05.2004;Plan- og bygningsloven av 1985 eller før;5;På grunnen/vannoverflaten;2;Planbestemmelser både på kart og som egen tekst;4
943;Lillefjell terasse 26,28,30;Eldre reguleringsplan (PBL 1985);30;Endelig vedtatt arealplan;3;03.03.2004;Plan- og bygningsloven av 1985 eller før;5;På grunnen/vannoverflaten;2;Planbestemmelser både på kart og som egen tekst;4
944;Lyngveien - Skogveien;Eldre reguleringsplan (PBL 1985);30;Endelig vedtatt arealplan;3;17.11.2004;Plan- og bygningsloven av 1985 eller før;5;På grunnen/vannoverflaten;2;Planbestemmelser både på kart og som egen tekst;4
945;Blåbærsvingen - fortau;Eldre reguleringsplan (PBL 1985);30;Endelig vedtatt arealplan;3;04.06.2008;Plan- og bygningsloven av 1985 eller før;5;På grunnen/vannoverflaten;2;Planbestemmelser både på kart og som egen tekst;4
946;Solvika, Hånes;Eldre reguleringsplan (PBL 1985);30;Endelig vedtatt arealplan;3;05.05.2004;Plan- og bygningsloven av 1985 eller før;5;På grunnen/vannoverflaten;2;Planbestemmelser både på kart og som egen tekst;4
947;Kvartal V;Eldre reguleringsplan (PBL 1985);30;Uaktuell/trukket;10;;Plan- og bygningsloven av 1985 eller før;5;På grunnen/vannoverflaten;2;Med bestemmelser som egen tekst;1
948;Dalane, g/s vegbru;Eldre reguleringsplan (PBL 1985);30;Endelig vedtatt arealplan;3;17.11.2004;Plan- og bygningsloven av 1985 eller før;5;På grunnen/vannoverflaten;2;Planbestemmelser både på kart og som egen tekst;4
949;Major Laudals vei 3;Eldre reguleringsplan (PBL 1985);30;Endelig vedtatt arealplan;3;04.11.2009;Plan- og bygningsloven av 1985 eller før;5;På grunnen/vannoverflaten;2;Planbestemmelser både på kart og som egen tekst;4
950;Otra gang og sykkelbro - Christian Quartbroa;Eldre reguleringsplan (PBL 1985);30;Endelig vedtatt arealplan;3;17.11.2004;Plan- og bygningsloven av 1985 eller før;5;På grunnen/vannoverflaten;2;Planbestemmelser både på kart og som egen tekst;4
951;Kuholmsveien 31-37;Detaljregulering;35;Endelig vedtatt arealplan;3;07.12.2011;Plan- og bygningsloven av 2008;6;Under grunnen (tunnel), På grunnen/vannoverflaten;1, 2;Planbestemmelser både på kart og som egen tekst;4
952;JOHAN ØYDEGÅRDSVEI 8;Eldre reguleringsplan (PBL 1985);30;Uaktuell/trukket;10;;Plan- og bygningsloven av 1985 eller før;5;;;;
953;Taremareskogen barnehage;Eldre reguleringsplan (PBL 1985);30;Endelig vedtatt arealplan;3;05.05.2004;Plan- og bygningsloven av 1985 eller før;5;På grunnen/vannoverflaten;2;Planbestemmelser både på kart og som egen tekst;4
954;Maurtua barnehage, Odderhei;Eldre reguleringsplan (PBL 1985);30;Endelig vedtatt arealplan;3;14.04.2004;Plan- og bygningsloven av 1985 eller før;5;På grunnen/vannoverflaten;2;Planbestemmelser både på kart og som egen tekst;4
955;Mannevika, Oddane, Lervika og Nordbukta.;Eldre reguleringsplan (PBL 1985);30;Endelig vedtatt arealplan;3;13.06.2006;Plan- og bygningsloven av 1985 eller før;5;På grunnen/vannoverflaten;2;Planbestemmelser både på kart og som egen tekst;4
956;Gunhildsvei 4;Eldre reguleringsplan (PBL 1985);30;Endelig vedtatt arealplan;3;08.02.2006;Plan- og bygningsloven av 1985 eller før;5;På grunnen/vannoverflaten;2;Planbestemmelser både på kart og som egen tekst;4
957;Voie gård, Gnr. 11, bnr. 749;Eldre reguleringsplan (PBL 1985);30;Endelig vedtatt arealplan;3;23.01.2008;Plan- og bygningsloven av 1985 eller før;5;På grunnen/vannoverflaten;2;Planbestemmelser både på kart og som egen tekst;4
958;TORRIDALSVEIEN 28;Mindre reguleringsendring;31;Uaktuell/trukket;10;;Plan- og bygningsloven av 1985 eller før;5;På grunnen/vannoverflaten;2;;
959;Skonnertveien 3;Eldre reguleringsplan (PBL 1985);30;Endelig vedtatt arealplan;3;16.11.2005;Plan- og bygningsloven av 1985 eller før;5;På grunnen/vannoverflaten;2;Planbestemmelser både på kart og som egen tekst;4
960;Bamåsen - Berhus, delområde B1-B4;Eldre reguleringsplan (PBL 1985);30;Endelig vedtatt arealplan;3;08.02.2006;Plan- og bygningsloven av 1985 eller før;5;På grunnen/vannoverflaten;2;Planbestemmelser både på kart og som egen tekst;4
961;Holskogen industriområde - endret reguleringsplan;Eldre reguleringsplan (PBL 1985);30;Endelig vedtatt arealplan;3;13.05.2009;Plan- og bygningsloven av 1985 eller før;5;På grunnen/vannoverflaten;2;Planbestemmelser både på kart og som egen tekst;4
962;Lindebøstien;Eldre reguleringsplan (PBL 1985);30;Endelig vedtatt arealplan;3;26.09.2007;Plan- og bygningsloven av 1985 eller før;5;På grunnen/vannoverflaten;2;Planbestemmelser både på kart og som egen tekst;4
963;KNAUSVEIEN 16, KALKVEIEN;Eldre reguleringsplan (PBL 1985);30;Uaktuell/trukket;10;;Plan- og bygningsloven av 1985 eller før;5;;;;
965;Egsveien, del av,  gang-/sykkelvei;Eldre reguleringsplan (PBL 1985);30;Endelig vedtatt arealplan;3;05.09.2007;Plan- og bygningsloven av 1985 eller før;5;På grunnen/vannoverflaten;2;Planbestemmelser både på kart og som egen tekst;4
967;Buvannsområdet, 7/2;Eldre reguleringsplan (PBL 1985);30;Uaktuell/trukket;10;;Plan- og bygningsloven av 1985;4;På grunnen/vannoverflaten;2;;
968;Kvartal 54, Kasernen;Eldre reguleringsplan (PBL 1985);30;Endelig vedtatt arealplan;3;23.01.2008;Plan- og bygningsloven av 1985 eller før;5;På grunnen/vannoverflaten;2;Med bestemmelser som egen tekst;1
969;KVARTAL 8;Eldre reguleringsplan (PBL 1985);30;Endelig vedtatt arealplan;3;04.12.2002;Plan- og bygningsloven av 1985 eller før;5;På grunnen/vannoverflaten;2;Med bestemmelser som egen tekst;1
970;Rv 452 Ålefjærveien;Eldre reguleringsplan (PBL 1985);30;Endelig vedtatt arealplan;3;14.09.2005;Plan- og bygningsloven av 1985 eller før;5;På grunnen/vannoverflaten;2;Planbestemmelser både på kart og som egen tekst;4
971;Egsveien 3-7;Eldre reguleringsplan (PBL 1985);30;Endelig vedtatt arealplan;3;20.01.2010;Plan- og bygningsloven av 1985 eller før;5;På grunnen/vannoverflaten;2;Planbestemmelser både på kart og som egen tekst;4
972;Harald Gillesvei;Eldre reguleringsplan (PBL 1985);30;Endelig vedtatt arealplan;3;14.01.2009;Plan- og bygningsloven av 1985 eller før;5;På grunnen/vannoverflaten;2;Planbestemmelser både på kart og som egen tekst;4
973;Suldalen, deler av;Eldre reguleringsplan (PBL 1985);30;Endelig vedtatt arealplan;3;30.03.2005;Plan- og bygningsloven av 1985 eller før;5;På grunnen/vannoverflaten;2;Planbestemmelser både på kart og som egen tekst;4
974;Egshaugen 2 - reguleringsplan;Eldre reguleringsplan (PBL 1985);30;Uaktuell/trukket;10;;Plan- og bygningsloven av 1985;4;På grunnen/vannoverflaten;2;Med bestemmelser som egen tekst;1
975;Kongsgård/Vige havne- og industriområde;Eldre reguleringsplan (PBL 1985);30;Endelig vedtatt arealplan;3;03.03.2005;Plan- og bygningsloven av 1985 eller før;5;På grunnen/vannoverflaten;2;Planbestemmelser både på kart og som egen tekst;4
976;GNR.11, BNR.411, STATOILSTASJON VOIEBYEN;Eldre reguleringsplan (PBL 1985);30;Uaktuell/trukket;10;;Plan- og bygningsloven av 1985 eller før;5;På grunnen/vannoverflaten;2;Med bestemmelser som egen tekst;1
977;GNR. 2, BNR. 11 SKÅLEVIK;Eldre reguleringsplan (PBL 1985);30;Uaktuell/trukket;10;;Plan- og bygningsloven av 1985 eller før;5;På grunnen/vannoverflaten;2;Med bestemmelser som egen tekst;1
978;GNR. 92, BNR. 95, TØMMERSTØ, DEL AV.;Eldre reguleringsplan (PBL 1985);30;Uaktuell/trukket;10;;Plan- og bygningsloven av 1985 eller før;5;På grunnen/vannoverflaten;2;Med bestemmelser som egen tekst;1
979;NARVIGA / VAREN, KANAL;Eldre reguleringsplan (PBL 1985);30;Utgått/erstattet;5;30.03.2005;Plan- og bygningsloven av 1985 eller før;5;På grunnen/vannoverflaten;2;Med bestemmelser som egen tekst;1
980;Odderøya, felt 6;Eldre reguleringsplan (PBL 1985);30;Endelig vedtatt arealplan;3;13.06.2006;Plan- og bygningsloven av 1985 eller før;5;På grunnen/vannoverflaten;2;Planbestemmelser både på kart og som egen tekst;4
981;Møvikbakken 21-23;Bebyggelsesplan iht. kommuneplanens arealdel (PBL 1985);33;Endelig vedtatt arealplan;3;16.06.2005;Plan- og bygningsloven av 1985 eller før;5;På grunnen/vannoverflaten;2;Planbestemmelser både på kart og som egen tekst;4
982;Gnr.11, Bnr.3, 736 Voie;Eldre reguleringsplan (PBL 1985);30;Endelig vedtatt arealplan;3;25.08.2004;Plan- og bygningsloven av 1985 eller før;5;På grunnen/vannoverflaten;2;Planbestemmelser både på kart og som egen tekst;4
983;ØSTRE RINGVEI 76-78;Eldre reguleringsplan (PBL 1985);30;Utgått/erstattet;5;07.12.2005;Plan- og bygningsloven av 1985 eller før;5;På grunnen/vannoverflaten;2;Med bestemmelser som egen tekst;1
984;Tykkelimoen, Strai;Eldre reguleringsplan (PBL 1985);30;Endelig vedtatt arealplan;3;16.11.2005;Plan- og bygningsloven av 1985 eller før;5;På grunnen/vannoverflaten;2;Planbestemmelser både på kart og som egen tekst;4
985;Konsul Wilds vei 20a;Eldre reguleringsplan (PBL 1985);30;Opphevet;4;05.05.2004;Plan- og bygningsloven av 1985 eller før;5;På grunnen/vannoverflaten;2;Planbestemmelser både på kart og som egen tekst;4
986;Høie  As,  Gnr. 27, Bnr. 31;Eldre reguleringsplan (PBL 1985);30;Endelig vedtatt arealplan;3;24.01.2007;Plan- og bygningsloven av 1985 eller før;5;På grunnen/vannoverflaten;2;Planbestemmelser både på kart og som egen tekst;4
987;Tinnstua barnehage;Eldre reguleringsplan (PBL 1985);30;Endelig vedtatt arealplan;3;19.10.2005;Plan- og bygningsloven av 1985 eller før;5;På grunnen/vannoverflaten;2;Planbestemmelser både på kart og som egen tekst;4
988;Fregattveien 1, Gnr. 7, Bnr. 280;Eldre reguleringsplan (PBL 1985);30;Endelig vedtatt arealplan;3;14.09.2005;Plan- og bygningsloven av 1985 eller før;5;På grunnen/vannoverflaten;2;Planbestemmelser både på kart og som egen tekst;4
989;Strømmeområdet  felt O1;Eldre reguleringsplan (PBL 1985);30;Endelig vedtatt arealplan;3;25.05.2005;Plan- og bygningsloven av 1985 eller før;5;På grunnen/vannoverflaten;2;Planbestemmelser både på kart og som egen tekst;4
990;Strømme/Korsvik - felt 03-07;Eldre reguleringsplan (PBL 1985);30;Utgått/erstattet;5;31.05.2006;Plan- og bygningsloven av 1985 eller før;5;På grunnen/vannoverflaten;2;Med bestemmelser som egen tekst;1
991;Dvergsnes felt B-  nordre del gnr./bnr. 96/2 m.fl.;Eldre reguleringsplan (PBL 1985);30;Endelig vedtatt arealplan;3;26.04.2006;Plan- og bygningsloven av 1985 eller før;5;På grunnen/vannoverflaten;2;Planbestemmelser både på kart og som egen tekst;4
993;Krooddveien, Sandvika;Eldre reguleringsplan (PBL 1985);30;Endelig vedtatt arealplan;3;10.09.2003;Plan- og bygningsloven av 1985 eller før;5;På grunnen/vannoverflaten;2;Planbestemmelser både på kart og som egen tekst;4
994;E39, Gartnerløkke - Kleppland i Søgne;Kommunedelplan;21;Utgått/erstattet;5;16.02.2005;Plan- og bygningsloven av 1985 eller før;5;;;Med bestemmelser som egen tekst;1
995;Orelia;Eldre reguleringsplan (PBL 1985);30;Endelig vedtatt arealplan;3;08.12.2009;Plan- og bygningsloven av 1985 eller før;5;På grunnen/vannoverflaten;2;Planbestemmelser både på kart og som egen tekst;4
996;Broveien 6;Eldre reguleringsplan (PBL 1985);30;Uaktuell/trukket;10;;Plan- og bygningsloven av 1985;4;På grunnen/vannoverflaten;2;;
997;Hånestangen, Del av Gnr. 63, bnr. 1 og 884;Eldre reguleringsplan (PBL 1985);30;Endelig vedtatt arealplan;3;08.02.2006;Plan- og bygningsloven av 1985 eller før;5;På grunnen/vannoverflaten;2;Planbestemmelser både på kart og som egen tekst;4
998;Rv.456 Vågsbygdveien;Eldre reguleringsplan (PBL 1985);30;Endelig vedtatt arealplan;3;14.09.2005;Plan- og bygningsloven av 1985 eller før;5;På grunnen/vannoverflaten;2;Planbestemmelser både på kart og som egen tekst;4
999;LILLEJORDET-TREKANTEN;Eldre reguleringsplan (PBL 1985);30;Uaktuell/trukket;10;;Plan- og bygningsloven av 1985 eller før;5;;;;
1000;MARVIKSLETTA S1;Eldre reguleringsplan (PBL 1985);30;Uaktuell/trukket;10;;Plan- og bygningsloven av 1985 eller før;5;;;Med bestemmelser som egen tekst;1
1001;Gnr.1, bnr. 5 m.fl. Flekkerøy;Eldre reguleringsplan (PBL 1985);30;Endelig vedtatt arealplan;3;25.04.2007;Plan- og bygningsloven av 1985 eller før;5;På grunnen/vannoverflaten;2;Planbestemmelser både på kart og som egen tekst;4
1002;Bragdøya, Svensholmen, Blomsterøya, Langøya og Hestehaue;Detaljregulering;35;Endelig vedtatt arealplan;3;20.06.2012;Plan- og bygningsloven av 2008;6;På grunnen/vannoverflaten;2;Planbestemmelser både på kart og som egen tekst;4
1003;Gnr.1, bnr.6 m.fl. Bånefjell;Bebyggelsesplan iht. kommuneplanens arealdel (PBL 1985);33;Endelig vedtatt arealplan;3;15.10.1998;Plan- og bygningsloven av 1985 eller før;5;På grunnen/vannoverflaten;2;Planbestemmelser både på kart og som egen tekst;4
1004;Holskogen 12/4;Eldre reguleringsplan (PBL 1985);30;Endelig vedtatt arealplan;3;24.01.2007;Plan- og bygningsloven av 1985 eller før;5;På grunnen/vannoverflaten;2;Planbestemmelser både på kart og som egen tekst;4
1005;Hausbergveien  11;Detaljregulering;35;Endelig vedtatt arealplan;3;28.10.2015;Plan- og bygningsloven av 2008;6;På grunnen/vannoverflaten;2;Planbestemmelser både på kart og som egen tekst;4
1006;Narviga 5-7-11-15;Eldre reguleringsplan (PBL 1985);30;Endelig vedtatt arealplan;3;31.05.2006;Plan- og bygningsloven av 1985 eller før;5;På grunnen/vannoverflaten;2;Planbestemmelser både på kart og som egen tekst;4
1007;Solbergveien 12 og 14;Detaljregulering;35;Endelig vedtatt arealplan;3;17.06.2015;Plan- og bygningsloven av 2008;6;På grunnen/vannoverflaten;2;Planbestemmelser både på kart og som egen tekst;4
1008;Torridalsveien 249 og 251;Eldre reguleringsplan (PBL 1985);30;Endelig vedtatt arealplan;3;26.04.2006;Plan- og bygningsloven av 1985 eller før;5;På grunnen/vannoverflaten;2;Planbestemmelser både på kart og som egen tekst;4
1009;Åsveien 40, Gnr. 13, bnr. 319;Eldre reguleringsplan (PBL 1985);30;Endelig vedtatt arealplan;3;25.01.2006;Plan- og bygningsloven av 1985 eller før;5;På grunnen/vannoverflaten;2;Planbestemmelser både på kart og som egen tekst;4
1010;Høietun 322, 324 og 326;Eldre reguleringsplan (PBL 1985);30;Endelig vedtatt arealplan;3;24.01.2007;Plan- og bygningsloven av 1985 eller før;5;På grunnen/vannoverflaten;2;Planbestemmelser både på kart og som egen tekst;4
1011;KROMVEIEN 1-3;Eldre reguleringsplan (PBL 1985);30;Uaktuell/trukket;10;;Plan- og bygningsloven av 1985 eller før;5;På grunnen/vannoverflaten;2;Med bestemmelser som egen tekst;1
1012;Kjøita felt B3;Eldre reguleringsplan (PBL 1985);30;Endelig vedtatt arealplan;3;22.02.2006;Plan- og bygningsloven av 1985 eller før;5;På grunnen/vannoverflaten;2;Planbestemmelser både på kart og som egen tekst;4
1013;Korsvikhaven 1-5, del av Korsvik D-G;Eldre reguleringsplan (PBL 1985);30;Endelig vedtatt arealplan;3;29.10.2003;Plan- og bygningsloven av 1985 eller før;5;På grunnen/vannoverflaten;2;Planbestemmelser både på kart og som egen tekst;4
1014;Myrbakken 1;Eldre reguleringsplan (PBL 1985);30;Uaktuell/trukket;10;;Plan- og bygningsloven av 1985;4;På grunnen/vannoverflaten;2;Med bestemmelser som egen tekst;1
1015;Hannevikdalen industriområde - Gnr.14, bnr.1551;Eldre reguleringsplan (PBL 1985);30;Endelig vedtatt arealplan;3;19.10.2005;Plan- og bygningsloven av 1985 eller før;5;På grunnen/vannoverflaten;2;Planbestemmelser både på kart og som egen tekst;4
1016;Svaleveien 25;Detaljregulering;35;Endelig vedtatt arealplan;3;21.05.2014;Plan- og bygningsloven av 2008;6;På grunnen/vannoverflaten;2;Planbestemmelser både på kart og som egen tekst;4
1017;Møllevannsveien 14 og 14 a;Eldre reguleringsplan (PBL 1985);30;Uaktuell/trukket;10;;Plan- og bygningsloven av 1985;4;På grunnen/vannoverflaten;2;;
1018;Torsvikheia høydebasseng;Eldre reguleringsplan (PBL 1985);30;Endelig vedtatt arealplan;3;31.05.2006;Plan- og bygningsloven av 1985 eller før;5;På grunnen/vannoverflaten;2;Planbestemmelser både på kart og som egen tekst;4
1019;Kongshavn øst;Eldre reguleringsplan (PBL 1985);30;Endelig vedtatt arealplan;3;16.01.2013;Plan- og bygningsloven av 1985 eller før;5;På grunnen/vannoverflaten;2;Planbestemmelser både på kart og som egen tekst;4
1020;INDUSTRIGATA 3-4-6 OPPSTART APRIL 2005;Eldre reguleringsplan (PBL 1985);30;Uaktuell/trukket;10;;Plan- og bygningsloven av 1985 eller før;5;;;;
1021;Kirsebærveien 10a, Hånes - barnehage;Eldre reguleringsplan (PBL 1985);30;Uaktuell/trukket;10;;Plan- og bygningsloven av 1985 eller før;5;På grunnen/vannoverflaten;2;Med bestemmelser som egen tekst;1
1022;Tretjønnveien 51;Eldre reguleringsplan (PBL 1985);30;Endelig vedtatt arealplan;3;31.05.2006;Plan- og bygningsloven av 1985 eller før;5;På grunnen/vannoverflaten;2;Planbestemmelser både på kart og som egen tekst;4
1023;Brøviglia 9A ;Eldre reguleringsplan (PBL 1985);30;Endelig vedtatt arealplan;3;07.12.2005;Plan- og bygningsloven av 1985 eller før;5;På grunnen/vannoverflaten;2;Planbestemmelser både på kart og som egen tekst;4
1025;Rona senter - delområde 1;Eldre reguleringsplan (PBL 1985);30;Endelig vedtatt arealplan;3;21.02.2007;Plan- og bygningsloven av 1985;4;På grunnen/vannoverflaten;2;Med bestemmelser som egen tekst;1
1027;Tretjønnveien 5;Eldre reguleringsplan (PBL 1985);30;Endelig vedtatt arealplan;3;15.12.2008;Plan- og bygningsloven av 1985 eller før;5;På grunnen/vannoverflaten;2;Planbestemmelser både på kart og som egen tekst;4
1028;Kvartal 43, Markensgate 9;Eldre reguleringsplan (PBL 1985);30;Endelig vedtatt arealplan;3;25.01.2006;Plan- og bygningsloven av 1985 eller før;5;På grunnen/vannoverflaten;2;Planbestemmelser både på kart og som egen tekst;4
1029;DVERGSNESBUKTA indre del, VESTRE FIDJEKILEN;Eldre reguleringsplan (PBL 1985);30;Uaktuell/trukket;10;;Plan- og bygningsloven av 1985 eller før;5;På grunnen/vannoverflaten;2;Med bestemmelser som egen tekst;1
1030;Teater og konserthus for Sørlandet;Eldre reguleringsplan (PBL 1985);30;Endelig vedtatt arealplan;3;15.11.2006;Plan- og bygningsloven av 1985 eller før;5;På grunnen/vannoverflaten;2;Planbestemmelser både på kart og som egen tekst;4
1031;MARINETOMTA, TANGEN;Eldre reguleringsplan (PBL 1985);30;Utgått/erstattet;5;01.11.2006;Plan- og bygningsloven av 1985 eller før;5;På grunnen/vannoverflaten;2;Med bestemmelser som egen tekst;1
1032;Kalkveien/Ringlebekkveien;Eldre reguleringsplan (PBL 1985);30;Endelig vedtatt arealplan;3;08.12.2009;Plan- og bygningsloven av 1985 eller før;5;På grunnen/vannoverflaten;2;Planbestemmelser både på kart og som egen tekst;4
1033;Brattestø/Skålevik - Flekkerøy;Detaljregulering;35;Endelig vedtatt arealplan;3;20.06.2018;Plan- og bygningsloven av 2008;6;På grunnen/vannoverflaten;2;Planbestemmelser både på kart og som egen tekst;4
1034;Kokleheia - gnr.33,bnr.26 m.fl.;Detaljregulering;35;Endelig vedtatt arealplan;3;27.10.2010;Plan- og bygningsloven av 2008;6;Under grunnen (tunnel), På grunnen/vannoverflaten;1, 2;Planbestemmelser både på kart og som egen tekst;4
1035;Gimletun, Bergtorasvei 8;Eldre reguleringsplan (PBL 1985);30;Endelig vedtatt arealplan;3;15.10.2008;Plan- og bygningsloven av 1985 eller før;5;På grunnen/vannoverflaten;2;Planbestemmelser både på kart og som egen tekst;4
1036;Ålefjær  brygge;Eldre reguleringsplan (PBL 1985);30;Endelig vedtatt arealplan;3;22.06.2010;Plan- og bygningsloven av 1985 eller før;5;På grunnen/vannoverflaten;2;Planbestemmelser både på kart og som egen tekst;4
1037;LAUVÅSEN, OMR. B2 OG N2;Eldre reguleringsplan (PBL 1985);30;Uaktuell/trukket;10;;Plan- og bygningsloven av 1985 eller før;5;På grunnen/vannoverflaten;2;Med bestemmelser som egen tekst;1
1038;Auglandskollen 8;Eldre reguleringsplan (PBL 1985);30;Uaktuell/trukket;10;;Plan- og bygningsloven av 1985 eller før;5;På grunnen/vannoverflaten;2;Med bestemmelser som egen tekst;1
1039;AUGLANDSKOLLEN 30;Eldre reguleringsplan (PBL 1985);30;Uaktuell/trukket;10;;Plan- og bygningsloven av 1985 eller før;5;På grunnen/vannoverflaten;2;Med bestemmelser som egen tekst;1
1040;TERNEVIK - FLATHOLMEN;Eldre reguleringsplan (PBL 1985);30;Uaktuell/trukket;10;;Plan- og bygningsloven av 1985 eller før;5;På grunnen/vannoverflaten;2;Med bestemmelser som egen tekst;1
1042;Hånes E/1, felt D;Detaljregulering;35;Endelig vedtatt arealplan;3;26.10.2011;Plan- og bygningsloven av 2008;6;På grunnen/vannoverflaten;2;Planbestemmelser både på kart og som egen tekst;4
1043;Kvartal 7;Områderegulering;34;Avvist;9;;Plan- og bygningsloven av 2008;6;På grunnen/vannoverflaten;2;Med bestemmelser som egen tekst;1
1044;Tangen, felt B1;Eldre reguleringsplan (PBL 1985);30;Endelig vedtatt arealplan;3;01.11.2006;Plan- og bygningsloven av 1985 eller før;5;På grunnen/vannoverflaten;2;Planbestemmelser både på kart og som egen tekst;4
1045;Øvre ringvei 7;Bebyggelsesplan iht. kommuneplanens arealdel (PBL 1985);33;Endelig vedtatt arealplan;3;03.11.2005;Plan- og bygningsloven av 1985 eller før;5;På grunnen/vannoverflaten;2;Planbestemmelser både på kart og som egen tekst;4
1046;Slettheia IV - Kartheia 41;Eldre reguleringsplan (PBL 1985);30;Endelig vedtatt arealplan;3;19.10.2005;Plan- og bygningsloven av 1985 eller før;5;På grunnen/vannoverflaten;2;Planbestemmelser både på kart og som egen tekst;4
1047;Lumberveien 48 m.fl.;Detaljregulering;35;Endelig vedtatt arealplan;3;10.04.2013;Plan- og bygningsloven av 2008;6;Under grunnen (tunnel), På grunnen/vannoverflaten;1, 2;Planbestemmelser både på kart og som egen tekst;4
1048;Voie kirkegård;Eldre reguleringsplan (PBL 1985);30;Endelig vedtatt arealplan;3;24.03.2010;Plan- og bygningsloven av 1985 eller før;5;På grunnen/vannoverflaten;2;Planbestemmelser både på kart og som egen tekst;4
1049;Ødegård/Dvergsnes;Detaljregulering;35;Endelig vedtatt arealplan;3;29.10.2019;Plan- og bygningsloven av 2008;6;På grunnen/vannoverflaten;2;Planbestemmelser både på kart og som egen tekst;4
1050;Holterona småbåthavn;Eldre reguleringsplan (PBL 1985);30;Uaktuell/trukket;10;;Plan- og bygningsloven av 1985;4;På grunnen/vannoverflaten;2;Med bestemmelser som egen tekst;1
1051;Øvre fergested 8;Eldre reguleringsplan (PBL 1985);30;Endelig vedtatt arealplan;3;20.06.2007;Plan- og bygningsloven av 1985 eller før;5;På grunnen/vannoverflaten;2;Planbestemmelser både på kart og som egen tekst;4
1052;Møvig/Tollbodhola;Eldre reguleringsplan (PBL 1985);30;Endelig vedtatt arealplan;3;18.10.2006;Plan- og bygningsloven av 1985 eller før;5;På grunnen/vannoverflaten;2;Planbestemmelser både på kart og som egen tekst;4
1053;Oddemarka, kryssområde;Eldre reguleringsplan (PBL 1985);30;Utgått/erstattet;5;31.05.2006;Plan- og bygningsloven av 1985 eller før;5;På grunnen/vannoverflaten;2;Planbestemmelser både på kart og som egen tekst;4
1054;FISKÅ, Del av industriområde;Eldre reguleringsplan (PBL 1985);30;Utgått/erstattet;5;16.11.2005;Plan- og bygningsloven av 1985 eller før;5;På grunnen/vannoverflaten;2;Med bestemmelser som egen tekst;1
1055;Kommuneplan 2011 - 2022;Kommuneplanens arealdel;20;Utgått/erstattet;5;22.06.2011;Plan- og bygningsloven av 2008;6;;;Med bestemmelser som egen tekst;1
1056;HUSTOFTA, FLEKKERØY;Eldre reguleringsplan (PBL 1985);30;Uaktuell/trukket;10;;Plan- og bygningsloven av 1985 eller før;5;På grunnen/vannoverflaten;2;;
1057;Herøya, del av Gnr. 92, bnr. 238,;Eldre reguleringsplan (PBL 1985);30;Uaktuell/trukket;10;;Plan- og bygningsloven av 1985 eller før;5;På grunnen/vannoverflaten;2;Med bestemmelser som egen tekst;1
1058;STOREBØLGEN, EG;Eldre reguleringsplan (PBL 1985);30;Utgått/erstattet;5;14.05.2008;Plan- og bygningsloven av 1985 eller før;5;På grunnen/vannoverflaten;2;Med bestemmelser som egen tekst;1
1059;Sørlandsparken F/K-16;Eldre reguleringsplan (PBL 1985);30;Utgått/erstattet;5;13.02.2008;Plan- og bygningsloven av 1985 eller før;5;På grunnen/vannoverflaten;2;Med bestemmelser som egen tekst;1
1060;Lauvåsen - felt N2;Eldre reguleringsplan (PBL 1985);30;Endelig vedtatt arealplan;3;20.06.2007;Plan- og bygningsloven av 1985 eller før;5;På grunnen/vannoverflaten;2;Planbestemmelser både på kart og som egen tekst;4
1061;DREGGVEIEN 23;Eldre reguleringsplan (PBL 1985);30;Uaktuell/trukket;10;;Plan- og bygningsloven av 1985 eller før;5;På grunnen/vannoverflaten;2;;
1062;Sømsveien 195;Eldre reguleringsplan (PBL 1985);30;Endelig vedtatt arealplan;3;16.04.2008;Plan- og bygningsloven av 1985 eller før;5;På grunnen/vannoverflaten;2;Planbestemmelser både på kart og som egen tekst;4
1063;RV 41 Ryen - Solsletta,  Gang-/sykkelvei;Eldre reguleringsplan (PBL 1985);30;Endelig vedtatt arealplan;3;17.06.2009;Plan- og bygningsloven av 1985;4;På grunnen/vannoverflaten;2;Planbestemmelser både på kart og som egen tekst;4
1065;Torridalsveien 7 - 13;Eldre reguleringsplan (PBL 1985);30;Uaktuell/trukket;10;;Plan- og bygningsloven av 1985;4;På grunnen/vannoverflaten;2;;
1066;Kvartal 32;Detaljregulering;35;Endelig vedtatt arealplan;3;16.09.2015;Plan- og bygningsloven av 2008;6;På grunnen/vannoverflaten;2;Planbestemmelser både på kart og som egen tekst;4
1067;Solholmen, Møllevannsområdet;Eldre reguleringsplan (PBL 1985);30;Endelig vedtatt arealplan;3;05.09.2007;Plan- og bygningsloven av 1985 eller før;5;På grunnen/vannoverflaten;2;Planbestemmelser både på kart og som egen tekst;4
1068;Kvartal 14;Detaljregulering;35;Endelig vedtatt arealplan;3;18.03.2009;Plan- og bygningsloven av 2008;6;På grunnen/vannoverflaten;2;Planbestemmelser både på kart og som egen tekst;4
1069;Korsvikfjorden industriområde;Eldre reguleringsplan (PBL 1985);30;Endelig vedtatt arealplan;3;14.01.2009;Plan- og bygningsloven av 1985 eller før;5;På grunnen/vannoverflaten;2;Planbestemmelser både på kart og som egen tekst;4
1070;GYLDENLØVESGT/KIRKEPARKEN;Bebyggelsesplan iht. kommuneplanens arealdel (PBL 1985);33;Uaktuell/trukket;10;;Plan- og bygningsloven av 1985 eller før;5;På grunnen/vannoverflaten;2;Med bestemmelser som egen tekst;1
1071;St. Olavs vei 45 og 49;Detaljregulering;35;Endelig vedtatt arealplan;3;06.11.2013;Plan- og bygningsloven av 2008;6;På grunnen/vannoverflaten;2;Planbestemmelser både på kart og som egen tekst;4
1072;Andøyveien 111-155;Eldre reguleringsplan (PBL 1985);30;Endelig vedtatt arealplan;3;17.06.2009;Plan- og bygningsloven av 1985 eller før;5;På grunnen/vannoverflaten;2;Planbestemmelser både på kart og som egen tekst;4
1073;Tømmerstø - felt Fidje, delfelt B4 og B5;Eldre reguleringsplan (PBL 1985);30;Endelig vedtatt arealplan;3;28.03.2007;Plan- og bygningsloven av 1985 eller før;5;På grunnen/vannoverflaten;2;Planbestemmelser både på kart og som egen tekst;4
1074;Gimlemoen - del av Spicheren;Eldre reguleringsplan (PBL 1985);30;Uaktuell/trukket;10;;Plan- og bygningsloven av 1985;4;På grunnen/vannoverflaten;2;;
1075;Markensgate, mellom Tollbodgata og Rådhusgata;Eldre reguleringsplan (PBL 1985);30;Endelig vedtatt arealplan;3;13.09.2006;Plan- og bygningsloven av 1985 eller før;5;På grunnen/vannoverflaten;2;Planbestemmelser både på kart og som egen tekst;4
1076;Bosmyr industriområde;Eldre reguleringsplan (PBL 1985);30;Uaktuell/trukket;10;;Plan- og bygningsloven av 1985 eller før;5;;;;
1077;Idda;Eldre reguleringsplan (PBL 1985);30;Endelig vedtatt arealplan;3;18.03.2009;Plan- og bygningsloven av 1985 eller før;5;På grunnen/vannoverflaten;2;Planbestemmelser både på kart og som egen tekst;4
1078;Prestheia  38/120 og 38/121;Eldre reguleringsplan (PBL 1985);30;Endelig vedtatt arealplan;3;13.02.2008;Plan- og bygningsloven av 1985 eller før;5;På grunnen/vannoverflaten;2;Planbestemmelser både på kart og som egen tekst;4
1079;Sildeneset, Flekkerøy;Eldre reguleringsplan (PBL 1985);30;Endelig vedtatt arealplan;3;14.05.2008;Plan- og bygningsloven av 1985 eller før;5;På grunnen/vannoverflaten;2;Planbestemmelser både på kart og som egen tekst;4
1080;Marviksveien 1/Østerveien 30-32;Eldre reguleringsplan (PBL 1985);30;Uaktuell/trukket;10;;Plan- og bygningsloven av 1985;4;På grunnen/vannoverflaten;2;;
1081;Bergtoras vei - gnr/bnr 40/556 m.fl. Gimlekollen mediesenter;Eldre reguleringsplan (PBL 1985);30;Endelig vedtatt arealplan;3;24.10.2007;Plan- og bygningsloven av 1985 eller før;5;På grunnen/vannoverflaten;2;Planbestemmelser både på kart og som egen tekst;4
1082;SILOKAIA;Eldre reguleringsplan (PBL 1985);30;Utgått/erstattet;5;15.09.2010;Plan- og bygningsloven av 1985 eller før;5;På grunnen/vannoverflaten;2;Med bestemmelser som egen tekst;1
1083;Gimle gård;Eldre reguleringsplan (PBL 1985);30;Endelig vedtatt arealplan;3;04.06.2008;Plan- og bygningsloven av 1985 eller før;5;På grunnen/vannoverflaten;2;Planbestemmelser både på kart og som egen tekst;4
1084;Sørlandsparken, felt K/I 3-9;Eldre reguleringsplan (PBL 1985);30;Endelig vedtatt arealplan;3;06.12.2006;Plan- og bygningsloven av 1985 eller før;5;På grunnen/vannoverflaten;2;Planbestemmelser både på kart og som egen tekst;4
1085;Sørlandssenteret - Bergsenteret.;Eldre reguleringsplan (PBL 1985);30;Endelig vedtatt arealplan;3;16.04.2008;Plan- og bygningsloven av 1985 eller før;5;På grunnen/vannoverflaten;2;Planbestemmelser både på kart og som egen tekst;4
1086;Lerkeveien 1B;Eldre reguleringsplan (PBL 1985);30;Endelig vedtatt arealplan;3;15.11.2006;Plan- og bygningsloven av 1985 eller før;5;På grunnen/vannoverflaten;2;Planbestemmelser både på kart og som egen tekst;4
1087;Rv 456 Kolsdalen-Hannevikdalen;Eldre reguleringsplan (PBL 1985);30;Endelig vedtatt arealplan;3;13.05.2009;Plan- og bygningsloven av 1985 eller før;5;På grunnen/vannoverflaten;2;Planbestemmelser både på kart og som egen tekst;4
1088;Tretjønnveien - Prestheia, gang/sykkelvei og gangbro;Eldre reguleringsplan (PBL 1985);30;Endelig vedtatt arealplan;3;20.06.2007;Plan- og bygningsloven av 1985 eller før;5;På grunnen/vannoverflaten;2;Planbestemmelser både på kart og som egen tekst;4
1089;Hamresanden senterområde;Detaljregulering;35;Endelig vedtatt arealplan;3;24.09.2014;Plan- og bygningsloven av 2008;6;Under grunnen (tunnel), På grunnen/vannoverflaten;1, 2;Planbestemmelser både på kart og som egen tekst;4
1090;Korvettveien 52;Eldre reguleringsplan (PBL 1985);30;Uaktuell/trukket;10;;Plan- og bygningsloven av 1985;4;På grunnen/vannoverflaten;2;;
1091;Skjærgårdsheimområdet, Felt K2,K3,K4 og p4;Eldre reguleringsplan (PBL 1985);30;Uaktuell/trukket;10;;Plan- og bygningsloven av 1985;4;På grunnen/vannoverflaten;2;;
1092;Møvik/Ternevik - Ærfuglveien 53;Eldre reguleringsplan (PBL 1985);30;Endelig vedtatt arealplan;3;26.04.2006;Plan- og bygningsloven av 1985 eller før;5;På grunnen/vannoverflaten;2;Planbestemmelser både på kart og som egen tekst;4
1093;Caledonienkvartalet;Eldre reguleringsplan (PBL 1985);30;Uaktuell/trukket;10;;Plan- og bygningsloven av 1985 eller før;5;På grunnen/vannoverflaten;2;Med bestemmelser som egen tekst;1
1094;Kristiansand lufthavn, Kjevik;Eldre reguleringsplan (PBL 1985);30;Endelig vedtatt arealplan;3;17.06.2009;Plan- og bygningsloven av 1985 eller før;5;På grunnen/vannoverflaten;2;Planbestemmelser både på kart og som egen tekst;4
1095;Sørlandsparken, F/K-1 til F/K-6;Eldre reguleringsplan (PBL 1985);30;Endelig vedtatt arealplan;3;05.09.2007;Plan- og bygningsloven av 1985 eller før;5;På grunnen/vannoverflaten;2;Planbestemmelser både på kart og som egen tekst;4
1096;EUROTERMINALEN, DEL1,Felt B1,B2, del av T2 og deler av tilliggende trafikkarealer;Eldre reguleringsplan (PBL 1985);30;Utgått/erstattet;5;15.09.2010;Plan- og bygningsloven av 1985 eller før;5;Under grunnen (tunnel), Over grunnen (bru);1, 3;Med bestemmelser som egen tekst;1
1098;Sørlandsparken felt K/I-18;Eldre reguleringsplan (PBL 1985);30;Endelig vedtatt arealplan;3;20.06.2007;Plan- og bygningsloven av 1985 eller før;5;På grunnen/vannoverflaten;2;Planbestemmelser både på kart og som egen tekst;4
1099;Sumatraveien 17;Eldre reguleringsplan (PBL 1985);30;Endelig vedtatt arealplan;3;26.09.2007;Plan- og bygningsloven av 1985 eller før;5;På grunnen/vannoverflaten;2;Planbestemmelser både på kart og som egen tekst;4
1100;Lindebø-Knudsmyr gang-/sykkelveg;Eldre reguleringsplan (PBL 1985);30;Endelig vedtatt arealplan;3;24.01.2007;Plan- og bygningsloven av 1985 eller før;5;På grunnen/vannoverflaten;2;Planbestemmelser både på kart og som egen tekst;4
1102;Lumberområdet. Kommunedelplan endring.;Kommunedelplan;21;Uaktuell/trukket;10;;Plan- og bygningsloven av 1985 eller før;5;;;Med bestemmelser som egen tekst;1
1103;Skålevik gnr 2, bnr 69, 133 m fl;Eldre reguleringsplan (PBL 1985);30;Uaktuell/trukket;10;;Plan- og bygningsloven av 1985 eller før;5;;;;
1104;VIGVOLLÅSEN  2;Eldre reguleringsplan (PBL 1985);30;Uaktuell/trukket;10;;Plan- og bygningsloven av 1985 eller før;5;På grunnen/vannoverflaten;2;;
1105;Odderøya, Museums og festivalområde;Eldre reguleringsplan (PBL 1985);30;Endelig vedtatt arealplan;3;14.05.2008;Plan- og bygningsloven av 1985 eller før;5;På grunnen/vannoverflaten;2;Planbestemmelser både på kart og som egen tekst;4
1106;Østre ringvei v/Bispegra;Eldre reguleringsplan (PBL 1985);30;Uaktuell/trukket;10;;Plan- og bygningsloven av 1985 eller før;5;På grunnen/vannoverflaten;2;;
1107;Vågsbygd senterområde SS6;Eldre reguleringsplan (PBL 1985);30;Endelig vedtatt arealplan;3;14.05.2008;Plan- og bygningsloven av 1985 eller før;5;På grunnen/vannoverflaten;2;Planbestemmelser både på kart og som egen tekst;4
1109;Vraget, Flekkerøy;Detaljregulering;35;Endelig vedtatt arealplan;3;16.09.2015;Plan- og bygningsloven av 2008;6;På grunnen/vannoverflaten;2;Planbestemmelser både på kart og som egen tekst;4
1110;Narviga, deler av småbåthavn med kanal;Eldre reguleringsplan (PBL 1985);30;Endelig vedtatt arealplan;3;13.02.2008;Plan- og bygningsloven av 1985 eller før;5;På grunnen/vannoverflaten;2;Planbestemmelser både på kart og som egen tekst;4
1111;Narviga, gnr. 46, bnr. 4 m.fl.;Eldre reguleringsplan (PBL 1985);30;Endelig vedtatt arealplan;3;20.01.2010;Plan- og bygningsloven av 1985 eller før;5;På grunnen/vannoverflaten;2;Planbestemmelser både på kart og som egen tekst;4
1112;Kvartal 42;Eldre reguleringsplan (PBL 1985);30;Utgått/erstattet;5;24.01.2007;Plan- og bygningsloven av 1985;4;På grunnen/vannoverflaten;2;Med bestemmelser som egen tekst;1
1113;Auglandsveien 18 og 20;Bebyggelsesplan iht. reguleringsplan (PBL 1985);32;Avvist;9;;Plan- og bygningsloven av 1985;4;På grunnen/vannoverflaten;2;Med bestemmelser som egen tekst;1
1114;Holskogen massedeponi;Eldre reguleringsplan (PBL 1985);30;Endelig vedtatt arealplan;3;05.12.2007;Plan- og bygningsloven av 1985 eller før;5;På grunnen/vannoverflaten;2;Planbestemmelser både på kart og som egen tekst;4
1115;Hamresanden hotell og campingområde;Eldre reguleringsplan (PBL 1985);30;Endelig vedtatt arealplan;3;24.03.2010;Plan- og bygningsloven av 1985;4;På grunnen/vannoverflaten;2;Planbestemmelser både på kart og som egen tekst;4
1116;Myra/Kårholmsveien;Eldre reguleringsplan (PBL 1985);30;Endelig vedtatt arealplan;3;15.10.2008;Plan- og bygningsloven av 1985 eller før;5;På grunnen/vannoverflaten;2;Planbestemmelser både på kart og som egen tekst;4
1117;Kuholmstangen;Eldre reguleringsplan (PBL 1985);30;Avvist;9;;Plan- og bygningsloven av 1985;4;På grunnen/vannoverflaten;2;;
1118;Knarrevikveien 60 - 56/241 - omregulering;Eldre reguleringsplan (PBL 1985);30;Uaktuell/trukket;10;;Plan- og bygningsloven av 1985;4;På grunnen/vannoverflaten;2;;
1119;Vestre Strandgate 16;Eldre reguleringsplan (PBL 1985);30;Endelig vedtatt arealplan;3;26.09.2007;Plan- og bygningsloven av 1985 eller før;5;På grunnen/vannoverflaten;2;Planbestemmelser både på kart og som egen tekst;4
1120;Langemyr, Dalane - Avfallsforbrenningsanlegg;Eldre reguleringsplan (PBL 1985);30;Endelig vedtatt arealplan;3;13.06.2007;Plan- og bygningsloven av 1985 eller før;5;På grunnen/vannoverflaten;2;Planbestemmelser både på kart og som egen tekst;4
1121;Farvannet skytebane, Ålefjær;Eldre reguleringsplan (PBL 1985);30;Endelig vedtatt arealplan;3;16.04.2008;Plan- og bygningsloven av 1985 eller før;5;På grunnen/vannoverflaten;2;Med bestemmelser som egen tekst;1
1122;HOLSKOGEN, Del av Gnr. 12, bnr. 1;Eldre reguleringsplan (PBL 1985);30;Utgått/erstattet;5;06.12.2006;Plan- og bygningsloven av 1985 eller før;5;På grunnen/vannoverflaten;2;Med bestemmelser som egen tekst;1
1124;SVARTTJØNNVEIEN 2 M.FL.;Eldre reguleringsplan (PBL 1985);30;Uaktuell/trukket;10;;Plan- og bygningsloven av 1985 eller før;5;På grunnen/vannoverflaten;2;Med bestemmelser som egen tekst;1
1125;Tykkelimoen, øst for Gangdalsveien;Eldre reguleringsplan (PBL 1985);30;Endelig vedtatt arealplan;3;13.02.2008;Plan- og bygningsloven av 1985 eller før;5;På grunnen/vannoverflaten;2;Med bestemmelser som egen tekst;1
1126;Hamreheia nord, gnr. 152, bnr. 45 m.fl.;Eldre reguleringsplan (PBL 1985);30;Endelig vedtatt arealplan;3;22.04.2009;Plan- og bygningsloven av 1985 eller før;5;På grunnen/vannoverflaten;2;Planbestemmelser både på kart og som egen tekst;4
1127;Klynga;Detaljregulering;35;Endelig vedtatt arealplan;3;22.01.2014;Plan- og bygningsloven av 2008;6;På grunnen/vannoverflaten;2;Planbestemmelser både på kart og som egen tekst;4
1128;Dyreparken;Eldre reguleringsplan (PBL 1985);30;Endelig vedtatt arealplan;3;10.09.2008;Plan- og bygningsloven av 1985 eller før;5;På grunnen/vannoverflaten;2;Planbestemmelser både på kart og som egen tekst;4
1129;Rv41 Hamresanden-Lauvåsen, g/s vei;Eldre reguleringsplan (PBL 1985);30;Utgått/erstattet;5;10.09.2008;Plan- og bygningsloven av 1985 eller før;5;På grunnen/vannoverflaten;2;Med bestemmelser som egen tekst;1
1130;Furulia 6;Eldre reguleringsplan (PBL 1985);30;Endelig vedtatt arealplan;3;30.05.2007;Plan- og bygningsloven av 1985 eller før;5;På grunnen/vannoverflaten;2;Planbestemmelser både på kart og som egen tekst;4
1132;Bossmyrveien/Øvre Ringvei;Eldre reguleringsplan (PBL 1985);30;Endelig vedtatt arealplan;3;04.06.2008;Plan- og bygningsloven av 1985 eller før;5;På grunnen/vannoverflaten;2;Uten bestemmelser;2
1133;Kommunedelplan for Flekkerøya, deler av strandsonen;Kommunedelplan;21;Endelig vedtatt arealplan;3;21.06.2011;Plan- og bygningsloven av 1985 eller før;5;;;Med bestemmelser som egen tekst;1
1134;Rv 456 Hannevika - Lumberkrysset;Eldre reguleringsplan (PBL 1985);30;Endelig vedtatt arealplan;3;13.05.2009;Plan- og bygningsloven av 1985 eller før;5;På grunnen/vannoverflaten;2;Planbestemmelser både på kart og som egen tekst;4
1136;Rv.41 Timenes - Hamresanden, gang/sykkelveg;Detaljregulering;35;Endelig vedtatt arealplan;3;13.02.2013;Plan- og bygningsloven av 2008;6;På grunnen/vannoverflaten;2;Planbestemmelser både på kart og som egen tekst;4
1137;RV 456 VÅGSBYGDVEIEN;Kommunedelplan;21;Utgått/erstattet;5;24.01.2007;Plan- og bygningsloven av 1985;4;;;Med bestemmelser som egen tekst;1
1138;HANNEVIKTOPPEN 5;Eldre reguleringsplan (PBL 1985);30;Uaktuell/trukket;10;;Plan- og bygningsloven av 1985 eller før;5;På grunnen/vannoverflaten;2;Med bestemmelser som egen tekst;1
1139;Vågsbygd ringvei 43;Eldre reguleringsplan (PBL 1985);30;Endelig vedtatt arealplan;3;14.05.2008;Plan- og bygningsloven av 1985 eller før;5;På grunnen/vannoverflaten;2;Planbestemmelser både på kart og som egen tekst;4
1140;Kvartal 51;Eldre reguleringsplan (PBL 1985);30;Uaktuell/trukket;10;;Plan- og bygningsloven av 1985;4;På grunnen/vannoverflaten;2;;
1141;Sagmyra;Eldre reguleringsplan (PBL 1985);30;Endelig vedtatt arealplan;3;07.10.2009;Plan- og bygningsloven av 1985 eller før;5;På grunnen/vannoverflaten;2;Planbestemmelser både på kart og som egen tekst;4
1142;Sørlandsparken F/K/I-10 og del av F/K/I-9;Detaljregulering;35;Endelig vedtatt arealplan;3;11.05.2011;Plan- og bygningsloven av 2008;6;På grunnen/vannoverflaten;2;Planbestemmelser både på kart og som egen tekst;4
1143;Linnkjellveien 10 og 12;Eldre reguleringsplan (PBL 1985);30;Uaktuell/trukket;10;;Plan- og bygningsloven av 1985;4;På grunnen/vannoverflaten;2;Med bestemmelser som egen tekst;1
1144;Mellomveien 9;Eldre reguleringsplan (PBL 1985);30;Uaktuell/trukket;10;;Plan- og bygningsloven av 1985;4;På grunnen/vannoverflaten;2;;
1145;Kalkveien, del av;Eldre reguleringsplan (PBL 1985);30;Uaktuell/trukket;10;;Plan- og bygningsloven av 1985;4;På grunnen/vannoverflaten;2;;
1146;Trymsvei 1 - 11;Eldre reguleringsplan (PBL 1985);30;Endelig vedtatt arealplan;3;17.06.2009;Plan- og bygningsloven av 1985 eller før;5;På grunnen/vannoverflaten;2;Planbestemmelser både på kart og som egen tekst;4
1147;Sørlandsparken, felt K/I-14;Eldre reguleringsplan (PBL 1985);30;Endelig vedtatt arealplan;3;16.04.2008;Plan- og bygningsloven av 1985 eller før;5;På grunnen/vannoverflaten;2;Planbestemmelser både på kart og som egen tekst;4
1148;Rådhuskvartalet/Kvartal 39;Eldre reguleringsplan (PBL 1985);30;Endelig vedtatt arealplan;3;25.11.2009;Plan- og bygningsloven av 1985 eller før;5;Under grunnen (tunnel), På grunnen/vannoverflaten;1, 2;Planbestemmelser både på kart og som egen tekst;4
1149;Sørskauen - øst for Holteveien;Detaljregulering;35;Endelig vedtatt arealplan;3;20.06.2018;Plan- og bygningsloven av 2008;6;På grunnen/vannoverflaten;2;Planbestemmelser både på kart og som egen tekst;4
1150;Bjørndalen;Eldre reguleringsplan (PBL 1985);30;Endelig vedtatt arealplan;3;08.12.2010;Plan- og bygningsloven av 1985 eller før;5;På grunnen/vannoverflaten;2;Planbestemmelser både på kart og som egen tekst;4
1151;Kvartal 21 - Meieritomta;Eldre reguleringsplan (PBL 1985);30;Endelig vedtatt arealplan;3;18.06.2008;Plan- og bygningsloven av 1985 eller før;5;Under grunnen (tunnel), På grunnen/vannoverflaten;1, 2;Planbestemmelser både på kart og som egen tekst;4
1152;Elvebredden øst, felt F/K 5;Eldre reguleringsplan (PBL 1985);30;Endelig vedtatt arealplan;3;16.04.2008;Plan- og bygningsloven av 1985 eller før;5;På grunnen/vannoverflaten;2;Planbestemmelser både på kart og som egen tekst;4
1153;Kvartal 13 - Skippergata 7-9;Eldre reguleringsplan (PBL 1985);30;Uaktuell/trukket;10;;Plan- og bygningsloven av 1985 eller før;5;På grunnen/vannoverflaten;2;Med bestemmelser som egen tekst;1
1154;Kongsgård alle 33 m.fl.;Eldre reguleringsplan (PBL 1985);30;Endelig vedtatt arealplan;3;18.06.2008;Plan- og bygningsloven av 1985 eller før;5;På grunnen/vannoverflaten;2;Planbestemmelser både på kart og som egen tekst;4
1155;Bergtorasvei - barnehage;Eldre reguleringsplan (PBL 1985);30;Endelig vedtatt arealplan;3;10.09.2008;Plan- og bygningsloven av 1985 eller før;5;På grunnen/vannoverflaten;2;Planbestemmelser både på kart og som egen tekst;4
1156;Bjørnebakken;Eldre reguleringsplan (PBL 1985);30;Endelig vedtatt arealplan;3;10.09.2008;Plan- og bygningsloven av 1985 eller før;5;På grunnen/vannoverflaten;2;Planbestemmelser både på kart og som egen tekst;4
1157;Haslevollen;Detaljregulering;35;Endelig vedtatt arealplan;3;11.05.2011;Plan- og bygningsloven av 2008;6;På grunnen/vannoverflaten;2;Planbestemmelser både på kart og som egen tekst;4
1158;Sørlandsparken, felt K/I - 10;Eldre reguleringsplan (PBL 1985);30;Endelig vedtatt arealplan;3;31.10.2007;Plan- og bygningsloven av 1985 eller før;5;På grunnen/vannoverflaten;2;Planbestemmelser både på kart og som egen tekst;4
1159;Voie senter;Eldre reguleringsplan (PBL 1985);30;Endelig vedtatt arealplan;3;10.09.2008;Plan- og bygningsloven av 1985 eller før;5;På grunnen/vannoverflaten;2;Planbestemmelser både på kart og som egen tekst;4
1160;Gnr.1, bnr.14 og 656 Mæbø;Eldre reguleringsplan (PBL 1985);30;Endelig vedtatt arealplan;3;24.10.2007;Plan- og bygningsloven av 1985 eller før;5;På grunnen/vannoverflaten;2;Planbestemmelser både på kart og som egen tekst;4
1161;Eivind Jarls gate 22;Bebyggelsesplan iht. kommuneplanens arealdel (PBL 1985);33;Endelig vedtatt arealplan;3;28.02.2008;Plan- og bygningsloven av 1985 eller før;5;På grunnen/vannoverflaten;2;Planbestemmelser både på kart og som egen tekst;4
1162;Hånes, felt E3 og areal D;Eldre reguleringsplan (PBL 1985);30;Endelig vedtatt arealplan;3;10.09.2008;Plan- og bygningsloven av 1985 eller før;5;På grunnen/vannoverflaten;2;Planbestemmelser både på kart og som egen tekst;4
1164;Holskogen kyststiplan;Eldre reguleringsplan (PBL 1985);30;Uaktuell/trukket;10;;Plan- og bygningsloven av 1985;4;På grunnen/vannoverflaten;2;;
1165;Jenteheia ved Alsvika;Detaljregulering;35;Endelig vedtatt arealplan;3;28.09.2011;Plan- og bygningsloven av 2008;6;På grunnen/vannoverflaten;2;Planbestemmelser både på kart og som egen tekst;4
1166;Slettheiveien 25 - 35 - regulering;Eldre reguleringsplan (PBL 1985);30;Uaktuell/trukket;10;;Plan- og bygningsloven av 1985;4;På grunnen/vannoverflaten;2;;
1167;Fidjekilen båthavn og friområde;Detaljregulering;35;Endelig vedtatt arealplan;3;24.09.2014;Plan- og bygningsloven av 2008;6;På grunnen/vannoverflaten;2;Planbestemmelser både på kart og som egen tekst;4
1168;Geiderøya, Flekkerøy;Eldre reguleringsplan (PBL 1985);30;Endelig vedtatt arealplan;3;24.10.2007;Plan- og bygningsloven av 1985 eller før;5;På grunnen/vannoverflaten;2;Planbestemmelser både på kart og som egen tekst;4
1169;Vigeveien 1;Eldre reguleringsplan (PBL 1985);30;Endelig vedtatt arealplan;3;18.02.2009;Plan- og bygningsloven av 1985 eller før;5;På grunnen/vannoverflaten;2;Planbestemmelser både på kart og som egen tekst;4
1171;KORVETTVEIEN 2 - 18;Eldre reguleringsplan (PBL 1985);30;Uaktuell/trukket;10;;Plan- og bygningsloven av 1985 eller før;5;På grunnen/vannoverflaten;2;Med bestemmelser som egen tekst;1
1172;Nordre hovedgårds vei 4 m.fl.;Detaljregulering;35;Endelig vedtatt arealplan;3;21.01.2015;Plan- og bygningsloven av 2008;6;På grunnen/vannoverflaten;2;Planbestemmelser både på kart og som egen tekst;4
1173;Storenes - Vågsbygd B2;Eldre reguleringsplan (PBL 1985);30;Uaktuell/trukket;10;;Plan- og bygningsloven av 1985;4;På grunnen/vannoverflaten;2;;
1174;Ålefjær golfbane og deponi;Detaljregulering;35;Endelig vedtatt arealplan;3;23.05.2012;Plan- og bygningsloven av 2008;6;På grunnen/vannoverflaten;2;Planbestemmelser både på kart og som egen tekst;4
1175;Bergstøveien;Eldre reguleringsplan (PBL 1985);30;Avvist;9;;Plan- og bygningsloven av 1985;4;På grunnen/vannoverflaten;2;Med bestemmelser som egen tekst;1
1176;Justvik høydebasseng;Eldre reguleringsplan (PBL 1985);30;Endelig vedtatt arealplan;3;27.10.2010;Plan- og bygningsloven av 1985 eller før;5;På grunnen/vannoverflaten;2;Planbestemmelser både på kart og som egen tekst;4
1177;Tollbodkvartalet;Eldre reguleringsplan (PBL 1985);30;Uaktuell/trukket;10;;Plan- og bygningsloven av 1985 eller før;5;På grunnen/vannoverflaten;2;Med bestemmelser som egen tekst;1
1178;JEGERSBERG GÅRD;Eldre reguleringsplan (PBL 1985);30;Uaktuell/trukket;10;;Plan- og bygningsloven av 1985 eller før;5;På grunnen/vannoverflaten;2;Med bestemmelser som egen tekst;1
1179;Hånes, del av felt E3;Detaljregulering;35;Endelig vedtatt arealplan;3;22.06.2011;Plan- og bygningsloven av 2008;6;På grunnen/vannoverflaten;2;Planbestemmelser både på kart og som egen tekst;4
1180;ODDERNES KIRKEGÅRD;Eldre reguleringsplan (PBL 1985);30;Uaktuell/trukket;10;;Plan- og bygningsloven av 1985 eller før;5;På grunnen/vannoverflaten;2;Med bestemmelser som egen tekst;1
1181;Kvartal 72, nybyen, del A;Eldre reguleringsplan (PBL 1985);30;Endelig vedtatt arealplan;3;27.10.2010;Plan- og bygningsloven av 1985 eller før;5;Under grunnen (tunnel), På grunnen/vannoverflaten;1, 2;Planbestemmelser både på kart og som egen tekst;4
1182;Eg - energisentral - reguleringsplan;Eldre reguleringsplan (PBL 1985);30;Uaktuell/trukket;10;;Plan- og bygningsloven av 1985;4;På grunnen/vannoverflaten;2;;
1183;Vardåsveien 71;Eldre reguleringsplan (PBL 1985);30;Uaktuell/trukket;10;;Plan- og bygningsloven av 1985;4;På grunnen/vannoverflaten;2;;
1184;Lauvåsen næringsarealer - felt N1, N4 og N5;Eldre reguleringsplan (PBL 1985);30;Endelig vedtatt arealplan;3;13.04.2011;Plan- og bygningsloven av 1985;4;På grunnen/vannoverflaten;2;Med bestemmelser som egen tekst;1
1185;Korsvikfjorden øst;Eldre reguleringsplan (PBL 1985);30;Uaktuell/trukket;10;;Plan- og bygningsloven av 1985 eller før;5;På grunnen/vannoverflaten;2;Med bestemmelser som egen tekst;1
1186;Setesdalsveien 53/53A;Eldre reguleringsplan (PBL 1985);30;Endelig vedtatt arealplan;3;08.12.2009;Plan- og bygningsloven av 1985 eller før;5;På grunnen/vannoverflaten;2;Planbestemmelser både på kart og som egen tekst;4
1187;Dalbo;Eldre reguleringsplan (PBL 1985);30;Endelig vedtatt arealplan;3;14.05.2008;Plan- og bygningsloven av 1985 eller før;5;På grunnen/vannoverflaten;2;Planbestemmelser både på kart og som egen tekst;4
1188;Andeas Kjærsvei 76;Eldre reguleringsplan (PBL 1985);30;Endelig vedtatt arealplan;3;25.04.2012;Plan- og bygningsloven av 1985 eller før;5;På grunnen/vannoverflaten;2;Planbestemmelser både på kart og som egen tekst;4
1189;Steindalen, gang-/sykkelsti;Eldre reguleringsplan (PBL 1985);30;Endelig vedtatt arealplan;3;29.10.2008;Plan- og bygningsloven av 1985 eller før;5;På grunnen/vannoverflaten;2;Planbestemmelser både på kart og som egen tekst;4
1190;Voie 17;Detaljregulering;35;Uaktuell/trukket;10;;Plan- og bygningsloven av 2008;6;På grunnen/vannoverflaten;2;Med bestemmelser som egen tekst;1
1191;Kirkevik - Randesund;Detaljregulering;35;Uaktuell/trukket;10;;Plan- og bygningsloven av 2008;6;På grunnen/vannoverflaten;2;;
1192;STANGENES, RANDESUND;Eldre reguleringsplan (PBL 1985);30;Uaktuell/trukket;10;;Plan- og bygningsloven av 1985 eller før;5;På grunnen/vannoverflaten;2;Med bestemmelser som egen tekst;1
1193;Gangdalen - 18/124, 125 m.fl.;Detaljregulering;35;Endelig vedtatt arealplan;3;29.03.2017;Plan- og bygningsloven av 2008;6;På grunnen/vannoverflaten;2;Planbestemmelser både på kart og som egen tekst;4
1194;Studedalen, massedeponi;Eldre reguleringsplan (PBL 1985);30;Endelig vedtatt arealplan;3;17.06.2009;Plan- og bygningsloven av 1985 eller før;5;På grunnen/vannoverflaten;2;Planbestemmelser både på kart og som egen tekst;4
1195;Sørlandsparken, felt F/K/A;Eldre reguleringsplan (PBL 1985);30;Uaktuell/trukket;10;;Plan- og bygningsloven av 1985 eller før;5;På grunnen/vannoverflaten;2;Med bestemmelser som egen tekst;1
1196;Ryen - Rønnemoen;Eldre reguleringsplan (PBL 1985);30;Uaktuell/trukket;10;;Plan- og bygningsloven av 1985;4;På grunnen/vannoverflaten;2;;
1197;Elvebredden øst, B2 og F/K/B3;Eldre reguleringsplan (PBL 1985);30;Utgått/erstattet;5;18.02.2009;Plan- og bygningsloven av 1985 eller før;5;Under grunnen (tunnel), På grunnen/vannoverflaten;1, 2;Planbestemmelser både på kart og som egen tekst;4
1198;Freyasdalsveien/Johan Øydegardsvei, Ut-inn-husene;Eldre reguleringsplan (PBL 1985);30;Endelig vedtatt arealplan;3;03.06.2009;Plan- og bygningsloven av 1985 eller før;5;På grunnen/vannoverflaten;2;Planbestemmelser både på kart og som egen tekst;4
1199;Travparken, F/K-16 , T1 m.fl.;Detaljregulering;35;Endelig vedtatt arealplan;3;16.01.2013;Plan- og bygningsloven av 2008;6;På grunnen/vannoverflaten;2;Med bestemmelser som egen tekst;1
1200;Hannevika, areal B;Eldre reguleringsplan (PBL 1985);30;Endelig vedtatt arealplan;3;16.04.2008;Plan- og bygningsloven av 1985 eller før;5;Under grunnen (tunnel), På grunnen/vannoverflaten;1, 2;Planbestemmelser både på kart og som egen tekst;4
1201;Haus;Eldre reguleringsplan (PBL 1985);30;Uaktuell/trukket;10;;Plan- og bygningsloven av 1985 eller før;5;På grunnen/vannoverflaten;2;Med bestemmelser som egen tekst;1
1202;Holskogen  industriområde  2;Eldre reguleringsplan (PBL 1985);30;Endelig vedtatt arealplan;3;04.11.2009;Plan- og bygningsloven av 1985 eller før;5;På grunnen/vannoverflaten;2;Planbestemmelser både på kart og som egen tekst;4
1203;Fiskå industriområde, Kjeholmen;Detaljregulering;35;Endelig vedtatt arealplan;3;25.04.2012;Plan- og bygningsloven av 2008;6;På grunnen/vannoverflaten;2;Med bestemmelser som egen tekst;1
1204;Roligheden gård;Eldre reguleringsplan (PBL 1985);30;Endelig vedtatt arealplan;3;08.12.2009;Plan- og bygningsloven av 1985 eller før;5;På grunnen/vannoverflaten;2;Planbestemmelser både på kart og som egen tekst;4
1205;Krosseveien 2;Eldre reguleringsplan (PBL 1985);30;Endelig vedtatt arealplan;3;18.03.2009;Plan- og bygningsloven av 1985 eller før;5;På grunnen/vannoverflaten;2;Planbestemmelser både på kart og som egen tekst;4
1206;Hannevikdalen industriområde, del av;Eldre reguleringsplan (PBL 1985);30;Endelig vedtatt arealplan;3;14.01.2009;Plan- og bygningsloven av 1985 eller før;5;På grunnen/vannoverflaten;2;Planbestemmelser både på kart og som egen tekst;4
1208;Teglverksveien 20;Bebyggelsesplan iht. kommuneplanens arealdel (PBL 1985);33;Endelig vedtatt arealplan;3;19.02.2009;Plan- og bygningsloven av 1985 eller før;5;På grunnen/vannoverflaten;2;Planbestemmelser både på kart og som egen tekst;4
1209;Dallonaveien 3;Eldre reguleringsplan (PBL 1985);30;Endelig vedtatt arealplan;3;10.09.2008;Plan- og bygningsloven av 1985 eller før;5;På grunnen/vannoverflaten;2;Planbestemmelser både på kart og som egen tekst;4
1210;Marinetomta;Eldre reguleringsplan (PBL 1985);30;Endelig vedtatt arealplan;3;25.11.2009;Plan- og bygningsloven av 1985 eller før;5;På grunnen/vannoverflaten;2;Planbestemmelser både på kart og som egen tekst;4
1211;Andøya felt K1 - omregulering;Eldre reguleringsplan (PBL 1985);30;Uaktuell/trukket;10;;Plan- og bygningsloven av 1985 eller før;5;På grunnen/vannoverflaten;2;Med bestemmelser som egen tekst;1
1212;Jaktoddveien;Detaljregulering;35;Endelig vedtatt arealplan;3;07.09.2011;Plan- og bygningsloven av 2008;6;Under grunnen (tunnel), På grunnen/vannoverflaten;1, 2;Planbestemmelser både på kart og som egen tekst;4
1213;Hånesbukta - småbåthavn;Eldre reguleringsplan (PBL 1985);30;Endelig vedtatt arealplan;3;08.12.2009;Plan- og bygningsloven av 1985 eller før;5;På grunnen/vannoverflaten;2;Planbestemmelser både på kart og som egen tekst;4
1214;Rv 456 og 457 - Vågsbygdveien, del av kollektivfelt;Detaljregulering;35;Uaktuell/trukket;10;;Plan- og bygningsloven av 2008;6;På grunnen/vannoverflaten;2;;
1215;Fiskå industriområde, endret plan;Detaljregulering;35;Endelig vedtatt arealplan;3;23.05.2012;Plan- og bygningsloven av 2008;6;På grunnen/vannoverflaten;2;Planbestemmelser både på kart og som egen tekst;4
1216;JUSTVIK SMÅBÅTHAVN;Eldre reguleringsplan (PBL 1985);30;Avvist;9;;Plan- og bygningsloven av 1985 eller før;5;På grunnen/vannoverflaten;2;Med bestemmelser som egen tekst;1
1218;Bråvann felt B4, del av.;Detaljregulering;35;Endelig vedtatt arealplan;3;26.01.2011;Plan- og bygningsloven av 2008;6;På grunnen/vannoverflaten;2;Planbestemmelser både på kart og som egen tekst;4
1219;Øvre Slettheia skole og barnehage;Eldre reguleringsplan (PBL 1985);30;Endelig vedtatt arealplan;3;07.10.2009;Plan- og bygningsloven av 1985 eller før;5;På grunnen/vannoverflaten;2;Planbestemmelser både på kart og som egen tekst;4
1221;Elvebredden øst, felt B6;Detaljregulering;35;Endelig vedtatt arealplan;3;10.11.2010;Plan- og bygningsloven av 2008;6;På grunnen/vannoverflaten;2;Planbestemmelser både på kart og som egen tekst;4
1222;Gimle studentby III;Detaljregulering;35;Endelig vedtatt arealplan;3;13.02.2013;Plan- og bygningsloven av 2008;6;På grunnen/vannoverflaten;2;Planbestemmelser både på kart og som egen tekst;4
1223;Kvartal 20;Områderegulering;34;Endelig vedtatt arealplan;3;26.01.2011;Plan- og bygningsloven av 2008;6;På grunnen/vannoverflaten;2;Planbestemmelser både på kart og som egen tekst;4
1224;Kvartal 71;Detaljregulering;35;Endelig vedtatt arealplan;3;22.01.2014;Plan- og bygningsloven av 2008;6;På grunnen/vannoverflaten;2;Planbestemmelser både på kart og som egen tekst;4
1225;Kongsgård/Vige, felt B3;Eldre reguleringsplan (PBL 1985);30;Endelig vedtatt arealplan;3;14.01.2009;Plan- og bygningsloven av 1985 eller før;5;På grunnen/vannoverflaten;2;Planbestemmelser både på kart og som egen tekst;4
1227;Del av Vågsbygdveien 456 fra Kirsten Flagstadsvei/Auglandsbukta til Kjosbukta;Detaljregulering;35;Uaktuell/trukket;10;;Plan- og bygningsloven av 2008;6;På grunnen/vannoverflaten;2;;
1228;Vågsbygdveien-Holskogveien Rv456-Vågsbygdveien457-Kjos;Eldre reguleringsplan (PBL 1985);30;Uaktuell/trukket;10;;Plan- og bygningsloven av 1985 eller før;5;På grunnen/vannoverflaten;2;Med bestemmelser som egen tekst;1
1229;Tinnheiveien 30;Eldre reguleringsplan (PBL 1985);30;Uaktuell/trukket;10;;Plan- og bygningsloven av 1985 eller før;5;På grunnen/vannoverflaten;2;Med bestemmelser som egen tekst;1
1230;Kvartal 49;Områderegulering;34;Endelig vedtatt arealplan;3;17.06.2015;Plan- og bygningsloven av 2008;6;På grunnen/vannoverflaten;2;Planbestemmelser både på kart og som egen tekst;4
1231;Tollbodgata  3-7;Detaljregulering;35;Endelig vedtatt arealplan;3;09.04.2014;Plan- og bygningsloven av 2008;6;På grunnen/vannoverflaten;2;Planbestemmelser både på kart og som egen tekst;4
1233;Grimsmoen;Områderegulering;34;Endelig vedtatt arealplan;3;22.01.2014;Plan- og bygningsloven av 2008;6;På grunnen/vannoverflaten;2;Planbestemmelser både på kart og som egen tekst;4
1234;Kvartal 2;Eldre reguleringsplan (PBL 1985);30;Uaktuell/trukket;10;;Plan- og bygningsloven av 1985 eller før;5;På grunnen/vannoverflaten;2;Uten bestemmelser;2
1235;Sørlandsparken felt  K/I-17;Detaljregulering;35;Endelig vedtatt arealplan;3;16.06.2010;Plan- og bygningsloven av 2008;6;På grunnen/vannoverflaten;2;Planbestemmelser både på kart og som egen tekst;4
1236;Hellinga barnehage;Detaljregulering;35;Endelig vedtatt arealplan;3;24.03.2010;Plan- og bygningsloven av 2008;6;På grunnen/vannoverflaten;2;Planbestemmelser både på kart og som egen tekst;4
1237;SØRLANDET SYKEHUS, EGSVEIEN 100. Parkering.;Eldre reguleringsplan (PBL 1985);30;Uaktuell/trukket;10;;Plan- og bygningsloven av 1985 eller før;5;På grunnen/vannoverflaten;2;Med bestemmelser som egen tekst;1
1238;Kristiansand gjestehavn/småbåthavn;Detaljregulering;35;Endelig vedtatt arealplan;3;23.05.2012;Plan- og bygningsloven av 2008;6;På grunnen/vannoverflaten;2;Planbestemmelser både på kart og som egen tekst;4
1239;Rodeneset;Detaljregulering;35;Endelig vedtatt arealplan;3;21.11.2012;Plan- og bygningsloven av 2008;6;På grunnen/vannoverflaten;2;Planbestemmelser både på kart og som egen tekst;4
1241;Solsletta - fortau;Detaljregulering;35;Endelig vedtatt arealplan;3;27.10.2010;Plan- og bygningsloven av 2008;6;På grunnen/vannoverflaten;2;Planbestemmelser både på kart og som egen tekst;4
1242;Hellemyr  D4;Detaljregulering;35;Endelig vedtatt arealplan;3;13.02.2013;Plan- og bygningsloven av 2008;6;På grunnen/vannoverflaten;2;Planbestemmelser både på kart og som egen tekst;4
1243;Kvartal 25 - del av Børskvartalet;Eldre reguleringsplan (PBL 1985);30;Uaktuell/trukket;10;;Plan- og bygningsloven av 1985 eller før;5;På grunnen/vannoverflaten;2;Planbestemmelser fremgår av kartet (byggehøyder m.v.);3
1244;Strømmeveien 49;Eldre reguleringsplan (PBL 1985);30;Uaktuell/trukket;10;;Plan- og bygningsloven av 1985 eller før;5;På grunnen/vannoverflaten;2;Med bestemmelser som egen tekst;1
1245;Kjevik - soldatheimen;Detaljregulering;35;Endelig vedtatt arealplan;3;21.03.2012;Plan- og bygningsloven av 2008;6;På grunnen/vannoverflaten;2;Planbestemmelser både på kart og som egen tekst;4
1247;Marviksletta;Områderegulering;34;Endelig vedtatt arealplan;3;16.09.2015;Plan- og bygningsloven av 2008;6;På grunnen/vannoverflaten;2;Planbestemmelser både på kart og som egen tekst;4
1248;E18 Vollebakken - gang og sykkelvei;Detaljregulering;35;Uaktuell/trukket;10;;Plan- og bygningsloven av 2008;6;På grunnen/vannoverflaten;2;Med bestemmelser som egen tekst;1
1249;Fv 25 ØSTRE RINGVEI, g/s vei;Detaljregulering;35;Uaktuell/trukket;10;;Plan- og bygningsloven av 2008;6;På grunnen/vannoverflaten;2;Med bestemmelser som egen tekst;1
1250;Trekanten, Vågsbygd;Detaljregulering;35;Endelig vedtatt arealplan;3;17.02.2016;Plan- og bygningsloven av 2008;6;Under grunnen (tunnel), På grunnen/vannoverflaten;1, 2;Planbestemmelser både på kart og som egen tekst;4
1251;Rv 405 -  Mosby skole - Kvarstein bro - gang/ sykkelvei;Detaljregulering;35;Uaktuell/trukket;10;;Plan- og bygningsloven av 2008;6;På grunnen/vannoverflaten;2;;
1252;FV 456 Auglandsbukta - Flødemelka;Detaljregulering;35;Endelig vedtatt arealplan;3;22.06.2010;Plan- og bygningsloven av 2008;6;På grunnen/vannoverflaten;2;Med bestemmelser som egen tekst;1
1253;Bydalen;Detaljregulering;35;Endelig vedtatt arealplan;3;07.09.2011;Plan- og bygningsloven av 2008;6;På grunnen/vannoverflaten;2;Planbestemmelser både på kart og som egen tekst;4
1254;Kalvehagen, endret plan;Detaljregulering;35;Endelig vedtatt arealplan;3;21.01.2015;Plan- og bygningsloven av 2008;6;På grunnen/vannoverflaten;2;Planbestemmelser både på kart og som egen tekst;4
1256;Tømmerstø brygge med friområde;Detaljregulering;35;Endelig vedtatt arealplan;3;17.06.2015;Plan- og bygningsloven av 2008;6;På grunnen/vannoverflaten;2;Planbestemmelser både på kart og som egen tekst;4
1257;Sørlandsparken, K/I 12;Detaljregulering;35;Endelig vedtatt arealplan;3;13.04.2011;Plan- og bygningsloven av 2008;6;På grunnen/vannoverflaten;2;Planbestemmelser både på kart og som egen tekst;4
1258;Agder Alle 4, m.fl;Detaljregulering;35;Endelig vedtatt arealplan;3;24.10.2012;Plan- og bygningsloven av 2008;6;Under grunnen (tunnel), På grunnen/vannoverflaten;1, 2;Planbestemmelser både på kart og som egen tekst;4
1260;Revemyrveien 30 m.fl.;Detaljregulering;35;Endelig vedtatt arealplan;3;21.01.2015;Plan- og bygningsloven av 2008;6;På grunnen/vannoverflaten;2;Planbestemmelser både på kart og som egen tekst;4
1261;Gimleveien 26-28;Detaljregulering;35;Endelig vedtatt arealplan;3;19.06.2019;Plan- og bygningsloven av 2008;6;Under grunnen (tunnel), På grunnen/vannoverflaten;1, 2;Planbestemmelser både på kart og som egen tekst;4
1262;Johan Øydegårdsvei 12 -Bamsebo barnehage;Detaljregulering;35;Endelig vedtatt arealplan;3;07.09.2011;Plan- og bygningsloven av 2008;6;På grunnen/vannoverflaten;2;Planbestemmelser både på kart og som egen tekst;4
1263;Bleget - Fagerholt, felt 3;Detaljregulering;35;Endelig vedtatt arealplan;3;21.09.2016;Plan- og bygningsloven av 2008;6;På grunnen/vannoverflaten;2;Planbestemmelser både på kart og som egen tekst;4
1264;Kvadraturen og vestre havn, del 1 - Kvadraturen - 2011-2022;Kommunedelplan;21;Endelig vedtatt arealplan;3;12.02.2014;Plan- og bygningsloven av 2008;6;;;Planbestemmelser både på kart og som egen tekst;4
1265;Sørlandsparken, felt F/K/I 14;Detaljregulering;35;Endelig vedtatt arealplan;3;13.04.2011;Plan- og bygningsloven av 2008;6;På grunnen/vannoverflaten;2;Planbestemmelser både på kart og som egen tekst;4
1266;Gartnerløkka til Statoil Vesterveien og Krossen;Eldre reguleringsplan (PBL 1985);30;Endelig vedtatt arealplan;3;25.11.2009;Plan- og bygningsloven av 1985 eller før;5;Under grunnen (tunnel);1;Planbestemmelser både på kart og som egen tekst;4
1267;Kvartal 42;Detaljregulering;35;Endelig vedtatt arealplan;3;10.04.2013;Plan- og bygningsloven av 2008;6;Under grunnen (tunnel), På grunnen/vannoverflaten;1, 2;Planbestemmelser både på kart og som egen tekst;4
1268;Lindebøskauen barnehage ;Detaljregulering;35;Endelig vedtatt arealplan;3;13.04.2011;Plan- og bygningsloven av 2008;6;På grunnen/vannoverflaten;2;Planbestemmelser både på kart og som egen tekst;4
1269;E39, Fidjemoen - Fidjetoppen kollektivfelt;Detaljregulering;35;Endelig vedtatt arealplan;3;28.09.2011;Plan- og bygningsloven av 2008;6;På grunnen/vannoverflaten;2;Planbestemmelser både på kart og som egen tekst;4
1270;Havnegata, kryss E39 - Vestre Strandgate;Detaljregulering;35;Uaktuell/trukket;10;;Plan- og bygningsloven av 2008;6;På grunnen/vannoverflaten;2;Med bestemmelser som egen tekst;1
1274;Lindebøskauen, Gnr. 3 bnr. 11;Detaljregulering;35;Endelig vedtatt arealplan;3;06.11.2013;Plan- og bygningsloven av 2008;6;På grunnen/vannoverflaten;2;Planbestemmelser både på kart og som egen tekst;4
1276;Prestevikveien 34, 36 m. fl.;Detaljregulering;35;Endelig vedtatt arealplan;3;25.04.2012;Plan- og bygningsloven av 2008;6;På grunnen/vannoverflaten;2;Planbestemmelser både på kart og som egen tekst;4
1277;E39 Kartheikrysset - Rigekrysset;Detaljregulering;35;Endelig vedtatt arealplan;3;18.01.2012;Plan- og bygningsloven av 2008;6;På grunnen/vannoverflaten;2;Planbestemmelser både på kart og som egen tekst;4
1278;Solsletta, felt B, C1 og C2;Detaljregulering;35;Endelig vedtatt arealplan;3;25.04.2012;Plan- og bygningsloven av 2008;6;På grunnen/vannoverflaten;2;Planbestemmelser både på kart og som egen tekst;4
1279;Torvet parkeringsanlegg;Detaljregulering;35;Endelig vedtatt arealplan;3;06.11.2013;Plan- og bygningsloven av 2008;6;Under grunnen (tunnel), På grunnen/vannoverflaten;1, 2;Planbestemmelser både på kart og som egen tekst;4
1280;Kvartal 2;Detaljregulering;35;Endelig vedtatt arealplan;3;09.12.2015;Plan- og bygningsloven av 2008;6;På grunnen/vannoverflaten;2;Planbestemmelser både på kart og som egen tekst;4
1281;Åsane - Grågåsveien - 13/1 og 13/9;Detaljregulering;35;Endelig vedtatt arealplan;3;21.11.2012;Plan- og bygningsloven av 2008;6;På grunnen/vannoverflaten;2;Planbestemmelser både på kart og som egen tekst;4
1282;Flekkerøyveien 8, 10.;Detaljregulering;35;Endelig vedtatt arealplan;3;01.02.2017;Plan- og bygningsloven av 2008;6;På grunnen/vannoverflaten;2;Planbestemmelser både på kart og som egen tekst;4
1283;Vigeveien/Hertug Skules vei, deler av;Detaljregulering;35;Endelig vedtatt arealplan;3;15.05.2013;Plan- og bygningsloven av 2008;6;På grunnen/vannoverflaten;2;Planbestemmelser både på kart og som egen tekst;4
1284;Freyasdalsveien 9 og 11;Detaljregulering;35;Endelig vedtatt arealplan;3;16.01.2013;Plan- og bygningsloven av 2008;6;På grunnen/vannoverflaten;2;Planbestemmelser både på kart og som egen tekst;4
1285;Oddernesveien 8;Detaljregulering;35;Endelig vedtatt arealplan;3;05.09.2012;Plan- og bygningsloven av 2008;6;Under grunnen (tunnel), På grunnen/vannoverflaten;1, 2;Planbestemmelser både på kart og som egen tekst;4
1286;Kvarstein Bru - Haus, g/s vei;Detaljregulering;35;Uaktuell/trukket;10;;Plan- og bygningsloven av 2008;6;På grunnen/vannoverflaten;2;Med bestemmelser som egen tekst;1
1287;Vågsbygd idrettsplass;Detaljregulering;35;Endelig vedtatt arealplan;3;23.05.2012;Plan- og bygningsloven av 2008;6;På grunnen/vannoverflaten;2;Planbestemmelser både på kart og som egen tekst;4
1288;Holskogen, Gnr. 12, bnr. 942 og 1097;Detaljregulering;35;Endelig vedtatt arealplan;3;07.09.2011;Plan- og bygningsloven av 2008;6;På grunnen/vannoverflaten;2;Planbestemmelser både på kart og som egen tekst;4
1289;Hyllebakken;Detaljregulering;35;Endelig vedtatt arealplan;3;22.01.2014;Plan- og bygningsloven av 2008;6;På grunnen/vannoverflaten;2;Med bestemmelser som egen tekst;1
1290;Alsvika nord, småbåthavn;Detaljregulering;35;Endelig vedtatt arealplan;3;22.02.2012;Plan- og bygningsloven av 2008;6;På grunnen/vannoverflaten;2;Planbestemmelser både på kart og som egen tekst;4
1291;Hånes felt E1, byggeområde B;Detaljregulering;35;Endelig vedtatt arealplan;3;23.05.2012;Plan- og bygningsloven av 2008;6;På grunnen/vannoverflaten;2;Planbestemmelser både på kart og som egen tekst;4
1292;FV456/457 Vågsbygdveien/Holskogveien.;Detaljregulering;35;Utgått/erstattet;5;24.09.2014;Plan- og bygningsloven av 2008;6;På grunnen/vannoverflaten;2;Med bestemmelser som egen tekst;1
1294;Broveien/Auglandsveien  fortau;Detaljregulering;35;Uaktuell/trukket;10;;Plan- og bygningsloven av 2008;6;På grunnen/vannoverflaten;2;Planbestemmelser både på kart og som egen tekst;4
1295;Rv.9 Strai Gang og sykkelveg;Detaljregulering;35;Uaktuell/trukket;10;;Plan- og bygningsloven av 2008;6;På grunnen/vannoverflaten;2;Med bestemmelser som egen tekst;1
1296;Lumber;Detaljregulering;35;Endelig vedtatt arealplan;3;21.03.2018;Plan- og bygningsloven av 2008;6;Under grunnen (tunnel), På grunnen/vannoverflaten;1, 2;Planbestemmelser både på kart og som egen tekst;4
1297;Straismoen 5 og 7;Detaljregulering;35;Endelig vedtatt arealplan;3;21.01.2015;Plan- og bygningsloven av 2008;6;På grunnen/vannoverflaten;2;Planbestemmelser både på kart og som egen tekst;4
1298;Flekkerøy, Gnr. 1, bnr. 4;Detaljregulering;35;Endelig vedtatt arealplan;3;12.09.2018;Plan- og bygningsloven av 2008;6;På grunnen/vannoverflaten;2;Planbestemmelser både på kart og som egen tekst;4
1299;Galgebergveien 7;Detaljregulering;35;Endelig vedtatt arealplan;3;13.03.2013;Plan- og bygningsloven av 2008;6;Under grunnen (tunnel), På grunnen/vannoverflaten;1, 2;Planbestemmelser både på kart og som egen tekst;4
1300;Lauvåsen oppvekstsenter;Detaljregulering;35;Uaktuell/trukket;10;;Plan- og bygningsloven av 2008;6;På grunnen/vannoverflaten;2;Med bestemmelser som egen tekst;1
1301;Dvergsnesveien  5;Detaljregulering;35;Endelig vedtatt arealplan;3;20.06.2012;Plan- og bygningsloven av 2008;6;På grunnen/vannoverflaten;2;Planbestemmelser både på kart og som egen tekst;4
1302;Ravneheia, felt B2 - del 1;Detaljregulering;35;Endelig vedtatt arealplan;3;17.06.2015;Plan- og bygningsloven av 2008;6;På grunnen/vannoverflaten;2;Planbestemmelser både på kart og som egen tekst;4
1303;Østre Ringvei 77;Detaljregulering;35;Endelig vedtatt arealplan;3;26.11.2014;Plan- og bygningsloven av 2008;6;På grunnen/vannoverflaten;2;Planbestemmelser både på kart og som egen tekst;4
1304;SJØLYSTVEIEN 33, Oljeanlegg;Detaljregulering;35;Uaktuell/trukket;10;;Plan- og bygningsloven av 2008;6;På grunnen/vannoverflaten;2;Med bestemmelser som egen tekst;1
1305;Sørlandsparken,  F/K10- del av F/K9 og F/K/I 10;Detaljregulering;35;Endelig vedtatt arealplan;3;16.01.2013;Plan- og bygningsloven av 2008;6;Under grunnen (tunnel), På grunnen/vannoverflaten;1, 2;Planbestemmelser både på kart og som egen tekst;4
1306;Jegersberg gård - rehabiliteringssenter og ridehall;Områderegulering;34;Uaktuell/trukket;10;;Plan- og bygningsloven av 2008;6;På grunnen/vannoverflaten;2;Med bestemmelser som egen tekst;1
1307;Kvartal 57;Detaljregulering;35;Endelig vedtatt arealplan;3;12.02.2014;Plan- og bygningsloven av 2008;6;Under grunnen (tunnel), På grunnen/vannoverflaten;1, 2;Planbestemmelser både på kart og som egen tekst;4
1308;Kuholmsveien 74;Detaljregulering;35;Endelig vedtatt arealplan;3;22.01.2014;Plan- og bygningsloven av 2008;6;På grunnen/vannoverflaten;2;Planbestemmelser både på kart og som egen tekst;4
1309;Vågsbygd skole/Vågsbygd kirke - område for nærmiljøpark;Detaljregulering;35;Endelig vedtatt arealplan;3;26.11.2014;Plan- og bygningsloven av 2008;6;På grunnen/vannoverflaten;2;Planbestemmelser både på kart og som egen tekst;4
1310;Studedalen pukkverk;Detaljregulering;35;Endelig vedtatt arealplan;3;25.03.2015;Plan- og bygningsloven av 2008;6;På grunnen/vannoverflaten;2;Planbestemmelser både på kart og som egen tekst;4
1311;Topdalsveien 112;Detaljregulering;35;Endelig vedtatt arealplan;3;24.10.2018;Plan- og bygningsloven av 2008;6;På grunnen/vannoverflaten;2;Planbestemmelser både på kart og som egen tekst;4
1312;Dvergsnes, felt B9;Detaljregulering;35;Endelig vedtatt arealplan;3;21.01.2015;Plan- og bygningsloven av 2008;6;På grunnen/vannoverflaten;2;Planbestemmelser både på kart og som egen tekst;4
1313;Eidet felt EB1-1, Del av;Detaljregulering;35;Endelig vedtatt arealplan;3;20.06.2012;Plan- og bygningsloven av 2008;6;På grunnen/vannoverflaten;2;Planbestemmelser både på kart og som egen tekst;4
1314;E18 ny Varoddbru;Detaljregulering;35;Endelig vedtatt arealplan;3;21.03.2012;Plan- og bygningsloven av 2008;6;På grunnen/vannoverflaten;2;Planbestemmelser både på kart og som egen tekst;4
1316;Sjølystveien 1 m.fl.;Detaljregulering;35;Endelig vedtatt arealplan;3;21.01.2015;Plan- og bygningsloven av 2008;6;På grunnen/vannoverflaten;2;Planbestemmelser både på kart og som egen tekst;4
1317;Kongsgård/Vige havneområde, felt H1;Detaljregulering;35;Endelig vedtatt arealplan;3;19.06.2013;Plan- og bygningsloven av 2008;6;På grunnen/vannoverflaten;2;Planbestemmelser både på kart og som egen tekst;4
1318;Kobberveien gnr. 151,bnr. 2473;Detaljregulering;35;Uaktuell/trukket;10;;Plan- og bygningsloven av 2008;6;På grunnen/vannoverflaten;2;Med bestemmelser som egen tekst;1
1319;Dvergsnes felt B - Nordlig del - delfelt B3 - del av;Detaljregulering;35;Endelig vedtatt arealplan;3;09.04.2014;Plan- og bygningsloven av 2008;6;På grunnen/vannoverflaten;2;Planbestemmelser både på kart og som egen tekst;4
1320;Dvergsnes felt B-sørlig del-delfelt C,D1 og D2;Detaljregulering;35;Endelig vedtatt arealplan;3;21.05.2014;Plan- og bygningsloven av 2008;6;Under grunnen (tunnel), På grunnen/vannoverflaten;1, 2;Planbestemmelser både på kart og som egen tekst;4
1321;Sildenestangen, felt A;Detaljregulering;35;Endelig vedtatt arealplan;3;22.01.2014;Plan- og bygningsloven av 2008;6;På grunnen/vannoverflaten;2;Planbestemmelser både på kart og som egen tekst;4
1323;Tobienborg sentrumsområde;Detaljregulering;35;Endelig vedtatt arealplan;3;20.01.2016;Plan- og bygningsloven av 2008;6;Under grunnen (tunnel), På grunnen/vannoverflaten;1, 2;Planbestemmelser både på kart og som egen tekst;4
1324;Vestre Strandgt. 49;Detaljregulering;35;Endelig vedtatt arealplan;3;19.06.2013;Plan- og bygningsloven av 2008;6;Under grunnen (tunnel), På grunnen/vannoverflaten;1, 2;Planbestemmelser både på kart og som egen tekst;4
1325;Kristiansand jernbanestasjon;Detaljregulering;35;Endelig vedtatt arealplan;3;18.02.2015;Plan- og bygningsloven av 2008;6;På grunnen/vannoverflaten;2;Planbestemmelser både på kart og som egen tekst;4
1326;Eidsbukta småbåthavn;Detaljregulering;35;Endelig vedtatt arealplan;3;19.06.2013;Plan- og bygningsloven av 2008;6;På grunnen/vannoverflaten;2;Planbestemmelser både på kart og som egen tekst;4
1327;Hundeholta;Detaljregulering;35;Endelig vedtatt arealplan;3;25.11.2015;Plan- og bygningsloven av 2008;6;På grunnen/vannoverflaten;2;Planbestemmelser både på kart og som egen tekst;4
1328;Kjøita, Gnr. 152, bnr. 587;Detaljregulering;35;Endelig vedtatt arealplan;3;21.11.2012;Plan- og bygningsloven av 2008;6;Under grunnen (tunnel), På grunnen/vannoverflaten;1, 2;Planbestemmelser både på kart og som egen tekst;4
1329;Gnr. 12, bnr. 3, Kjos;Eldre reguleringsplan (PBL 1985);30;Endelig vedtatt arealplan;3;07.09.1994;Plan- og bygningsloven av 1985;4;På grunnen/vannoverflaten;2;Planbestemmelser både på kart og som egen tekst;4
1330;Vågsbygd kollektivterminal;Detaljregulering;35;Endelig vedtatt arealplan;3;24.09.2014;Plan- og bygningsloven av 2008;6;På grunnen/vannoverflaten;2;Planbestemmelser både på kart og som egen tekst;4
1331;Tangen B1 - del av - Tangen 1-11;Detaljregulering;35;Endelig vedtatt arealplan;3;16.09.2015;Plan- og bygningsloven av 2008;6;Under grunnen (tunnel), På grunnen/vannoverflaten;1, 2;Planbestemmelser både på kart og som egen tekst;4
1332;Tingveien - Hamresanden;Detaljregulering;35;Endelig vedtatt arealplan;3;20.04.2016;Plan- og bygningsloven av 2008;6;På grunnen/vannoverflaten;2;Planbestemmelser både på kart og som egen tekst;4
1333;Rv9 Gartnerløkka - Jørgen Moes gate;Detaljregulering;35;Endelig vedtatt arealplan;3;21.11.2012;Plan- og bygningsloven av 2008;6;På grunnen/vannoverflaten;2;Planbestemmelser både på kart og som egen tekst;4
1335;Dvergsnesveien 411;Detaljregulering;35;Endelig vedtatt arealplan;3;27.11.2013;Plan- og bygningsloven av 2008;6;På grunnen/vannoverflaten;2;Planbestemmelser både på kart og som egen tekst;4
1336;ROLIGHEDEN;Detaljregulering;35;Uaktuell/trukket;10;;Plan- og bygningsloven av 2008;6;På grunnen/vannoverflaten;2;Med bestemmelser som egen tekst;1
1337;Hustofta vest;Detaljregulering;35;Endelig vedtatt arealplan;3;16.09.2015;Plan- og bygningsloven av 2008;6;På grunnen/vannoverflaten;2;Planbestemmelser både på kart og som egen tekst;4
1338;Strømme/Korsvik, felt O3-O7;Detaljregulering;35;Endelig vedtatt arealplan;3;18.06.2014;Plan- og bygningsloven av 2008;6;På grunnen/vannoverflaten;2;Planbestemmelser både på kart og som egen tekst;4
1340;DALSVEIEN - JUSTVIK;Detaljregulering;35;Uaktuell/trukket;10;;Plan- og bygningsloven av 2008;6;På grunnen/vannoverflaten;2;Med bestemmelser som egen tekst;1
1341;Andøya - Gnr. 9, bnr. 384;Detaljregulering;35;Endelig vedtatt arealplan;3;13.03.2013;Plan- og bygningsloven av 2008;6;På grunnen/vannoverflaten;2;Planbestemmelser både på kart og som egen tekst;4
1342;Ravneheia, felt B2 - del 2;Detaljregulering;35;Uaktuell/trukket;10;;Plan- og bygningsloven av 2008;6;På grunnen/vannoverflaten;2;;
1343;Hustofta øst;Detaljregulering;35;Endelig vedtatt arealplan;3;21.05.2014;Plan- og bygningsloven av 2008;6;Under grunnen (tunnel), På grunnen/vannoverflaten;1, 2;Planbestemmelser både på kart og som egen tekst;4
1344;Torkelsmyra skole;Detaljregulering;35;Endelig vedtatt arealplan;3;19.06.2019;Plan- og bygningsloven av 2008;6;På grunnen/vannoverflaten;2;Planbestemmelser både på kart og som egen tekst;4
1345;Kvartal 46 - del av;Detaljregulering;35;Endelig vedtatt arealplan;3;29.04.2015;Plan- og bygningsloven av 2008;6;Under grunnen (tunnel), På grunnen/vannoverflaten;1, 2;Planbestemmelser både på kart og som egen tekst;4
1346;Strømsheia;Detaljregulering;35;Endelig vedtatt arealplan;3;25.03.2015;Plan- og bygningsloven av 2008;6;På grunnen/vannoverflaten;2;Planbestemmelser både på kart og som egen tekst;4
1347;STRAI, Massedeponi;Detaljregulering;35;Uaktuell/trukket;10;;Plan- og bygningsloven av 2008;6;På grunnen/vannoverflaten;2;Med bestemmelser som egen tekst;1
1348;Odderøya renseanlegg;Detaljregulering;35;Endelig vedtatt arealplan;3;12.03.2014;Plan- og bygningsloven av 2008;6;Under grunnen (tunnel), På grunnen/vannoverflaten;1, 2;Planbestemmelser både på kart og som egen tekst;4
1349;Håmoen, Mosby;Detaljregulering;35;Endelig vedtatt arealplan;3;18.06.2014;Plan- og bygningsloven av 2008;6;Under grunnen (tunnel), På grunnen/vannoverflaten;1, 2;Planbestemmelser både på kart og som egen tekst;4
1350;Korsvikfjorden industriområde, felt H;Detaljregulering;35;Endelig vedtatt arealplan;3;27.11.2013;Plan- og bygningsloven av 2008;6;På grunnen/vannoverflaten;2;Planbestemmelser både på kart og som egen tekst;4
1351;Del av Kvartal 44 (St. Josephs);Detaljregulering;35;Endelig vedtatt arealplan;3;29.04.2015;Plan- og bygningsloven av 2008;6;På grunnen/vannoverflaten;2;Med bestemmelser som egen tekst;1
1352;Lauvåsen, Felt B9, B10, B12 og B13.;Detaljregulering;35;Endelig vedtatt arealplan;3;09.04.2014;Plan- og bygningsloven av 2008;6;På grunnen/vannoverflaten;2;Planbestemmelser både på kart og som egen tekst;4
1353;E18 Håneskrysset;Detaljregulering;35;Endelig vedtatt arealplan;3;21.05.2014;Plan- og bygningsloven av 2008;6;På grunnen/vannoverflaten;2;Planbestemmelser både på kart og som egen tekst;4
1354;Marviksveien 45 - 47;Detaljregulering;35;Endelig vedtatt arealplan;3;18.02.2015;Plan- og bygningsloven av 2008;6;På grunnen/vannoverflaten;2;Planbestemmelser både på kart og som egen tekst;4
1355;Fv.405 - Mosby skole - Ravnåsveien;Detaljregulering;35;Endelig vedtatt arealplan;3;09.04.2014;Plan- og bygningsloven av 2008;6;På grunnen/vannoverflaten;2;Planbestemmelser både på kart og som egen tekst;4
1356;Hannevika, område A;Detaljregulering;35;Endelig vedtatt arealplan;3;22.01.2014;Plan- og bygningsloven av 2008;6;På grunnen/vannoverflaten;2;Planbestemmelser både på kart og som egen tekst;4
1357;Støodden;Detaljregulering;35;Endelig vedtatt arealplan;3;21.05.2014;Plan- og bygningsloven av 2008;6;På grunnen/vannoverflaten;2;Planbestemmelser både på kart og som egen tekst;4
1358;Revemyrheia øst;Detaljregulering;35;Endelig vedtatt arealplan;3;25.11.2015;Plan- og bygningsloven av 2008;6;På grunnen/vannoverflaten;2;Planbestemmelser både på kart og som egen tekst;4
1359;Tangen, felt B2-6;Detaljregulering;35;Endelig vedtatt arealplan;3;11.09.2013;Plan- og bygningsloven av 2008;6;Under grunnen (tunnel), På grunnen/vannoverflaten;1, 2;Planbestemmelser både på kart og som egen tekst;4
1360;Hånes senter;Detaljregulering;35;Uaktuell/trukket;10;;Plan- og bygningsloven av 2008;6;På grunnen/vannoverflaten;2;Med bestemmelser som egen tekst;1
1361;Andøya felt K1 - del av;Detaljregulering;35;Endelig vedtatt arealplan;3;12.02.2014;Plan- og bygningsloven av 2008;6;Under grunnen (tunnel), På grunnen/vannoverflaten;1, 2;Planbestemmelser både på kart og som egen tekst;4
1362;Lindebø brygge, Flekkerøy;Detaljregulering;35;Endelig vedtatt arealplan;3;16.09.2015;Plan- og bygningsloven av 2008;6;Under grunnen (tunnel), På grunnen/vannoverflaten;1, 2;Planbestemmelser både på kart og som egen tekst;4
1363;Marviksletta senterområde;Detaljregulering;35;Endelig vedtatt arealplan;3;16.09.2015;Plan- og bygningsloven av 2008;6;Under grunnen (tunnel), På grunnen/vannoverflaten;1, 2;Planbestemmelser både på kart og som egen tekst;4
1364;Egshaugen 2;Detaljregulering;35;Endelig vedtatt arealplan;3;17.06.2015;Plan- og bygningsloven av 2008;6;Under grunnen (tunnel), På grunnen/vannoverflaten;1, 2;Planbestemmelser både på kart og som egen tekst;4
1365;Gangdalen gnr.18,bnr.124,125 m.fl;Detaljregulering;35;Uaktuell/trukket;10;;Plan- og bygningsloven av 2008;6;På grunnen/vannoverflaten;2;Med bestemmelser som egen tekst;1
1367;Dvergsnes felt B, nordlig del. Delfelt B3.;Detaljregulering;35;Endelig vedtatt arealplan;3;12.03.2014;Plan- og bygningsloven av 2008;6;Under grunnen (tunnel), På grunnen/vannoverflaten;1, 2;Planbestemmelser både på kart og som egen tekst;4
1368;Rv41/Rv451. Ny vei til Kjevik ;Kommunedelplan;21;Utgått/erstattet;5;18.02.2015;Plan- og bygningsloven av 2008;6;;;Med bestemmelser som egen tekst;1
1369;Bosmyrveien - 13/123, 124, 125, 194, 195, 837 og 1289;Detaljregulering;35;Endelig vedtatt arealplan;3;11.12.2019;Plan- og bygningsloven av 2008;6;På grunnen/vannoverflaten;2;Planbestemmelser både på kart og som egen tekst;4
1370;Ravnåsveien 6;Detaljregulering;35;Endelig vedtatt arealplan;3;11.05.2016;Plan- og bygningsloven av 2008;6;På grunnen/vannoverflaten;2;Planbestemmelser både på kart og som egen tekst;4
1372;Hamrevann-området;Kommunedelplan;21;Endelig vedtatt arealplan;3;01.06.2016;Plan- og bygningsloven av 2008;6;;;Med bestemmelser som egen tekst;1
1373;Prestvikveien 2, 6 og 24;Detaljregulering;35;Endelig vedtatt arealplan;3;18.06.2014;Plan- og bygningsloven av 2008;6;Under grunnen (tunnel), På grunnen/vannoverflaten;1, 2;Planbestemmelser både på kart og som egen tekst;4
1374;Benestad - felt Cb3,Cb5 og Cb6;Detaljregulering;35;Endelig vedtatt arealplan;3;20.06.2018;Plan- og bygningsloven av 2008;6;På grunnen/vannoverflaten;2;Planbestemmelser både på kart og som egen tekst;4
1375;Bispegra 37-39;Detaljregulering;35;Endelig vedtatt arealplan;3;21.01.2015;Plan- og bygningsloven av 2008;6;På grunnen/vannoverflaten;2;Planbestemmelser både på kart og som egen tekst;4
1376;Rv.9 Strai;Detaljregulering;35;Endelig vedtatt arealplan;3;17.06.2015;Plan- og bygningsloven av 2008;6;På grunnen/vannoverflaten;2;Planbestemmelser både på kart og som egen tekst;4
1377;Solsletta Felt B37 m.fl.;Detaljregulering;35;Endelig vedtatt arealplan;3;26.10.2016;Plan- og bygningsloven av 2008;6;På grunnen/vannoverflaten;2;Planbestemmelser både på kart og som egen tekst;4
1378;Bjørndalsheia 33;Detaljregulering;35;Endelig vedtatt arealplan;3;22.01.2014;Plan- og bygningsloven av 2008;6;På grunnen/vannoverflaten;2;Planbestemmelser både på kart og som egen tekst;4
1379;Odderøya museumsområde;Detaljregulering;35;Endelig vedtatt arealplan;3;24.09.2014;Plan- og bygningsloven av 2008;6;På grunnen/vannoverflaten;2;Planbestemmelser både på kart og som egen tekst;4
1380;E18/E39 - Gartnerløkka-Meieriet;Detaljregulering;35;Endelig vedtatt arealplan;3;18.02.2015;Plan- og bygningsloven av 2008;6;Under grunnen (tunnel), På grunnen/vannoverflaten, Over grunnen (bru);1, 2, 3;Planbestemmelser både på kart og som egen tekst;4
1381;Benestad, Felt Cfk1 og Cah1;Detaljregulering;35;Uaktuell/trukket;10;;Plan- og bygningsloven av 2008;6;På grunnen/vannoverflaten;2;Med bestemmelser som egen tekst;1
1382;LINDEBØ - SKÅLEVIK  areal B -delfelt B0, B4, B11, B12 og deler av B10;Detaljregulering;35;Uaktuell/trukket;10;;Plan- og bygningsloven av 2008;6;På grunnen/vannoverflaten;2;Med bestemmelser som egen tekst;1
1383;Kjøita, område F/K1 og F/K4;Detaljregulering;35;Endelig vedtatt arealplan;3;26.11.2014;Plan- og bygningsloven av 2008;6;På grunnen/vannoverflaten;2;Planbestemmelser både på kart og som egen tekst;4
1384;E39 Rigekrysset - Breimyrkrysset;Detaljregulering;35;Endelig vedtatt arealplan;3;18.02.2015;Plan- og bygningsloven av 2008;6;Under grunnen (tunnel), På grunnen/vannoverflaten, Over grunnen (bru);1, 2, 3;Planbestemmelser både på kart og som egen tekst;4
1385;Trymsvei 9 - 11;Detaljregulering;35;Endelig vedtatt arealplan;3;26.11.2014;Plan- og bygningsloven av 2008;6;På grunnen/vannoverflaten;2;Planbestemmelser både på kart og som egen tekst;4
1386;SØMSVEIEN - DVERGSNESVEIEN, KRYSS;Detaljregulering;35;Uaktuell/trukket;10;;Plan- og bygningsloven av 2008;6;På grunnen/vannoverflaten;2;Med bestemmelser som egen tekst;1
1387;Moneheia -fortau;Detaljregulering;35;Endelig vedtatt arealplan;3;22.05.2019;Plan- og bygningsloven av 2008;6;På grunnen/vannoverflaten;2;Planbestemmelser både på kart og som egen tekst;4
1388;Marviksletta - Vigeveien, ny vei;Detaljregulering;35;Uaktuell/trukket;10;;Plan- og bygningsloven av 2008;6;På grunnen/vannoverflaten;2;Med bestemmelser som egen tekst;1
1389;Dronningensgate 34A;Detaljregulering;35;Endelig vedtatt arealplan;3;17.06.2015;Plan- og bygningsloven av 2008;6;Under grunnen (tunnel), På grunnen/vannoverflaten;1, 2;Planbestemmelser både på kart og som egen tekst;4
1390;JUSTNESHALVØYA, FELT N1;Detaljregulering;35;Uaktuell/trukket;10;;Plan- og bygningsloven av 2008;6;På grunnen/vannoverflaten;2;Med bestemmelser som egen tekst;1
1391;Justvik B33;Detaljregulering;35;Endelig vedtatt arealplan;3;23.11.2016;Plan- og bygningsloven av 2008;6;På grunnen/vannoverflaten;2;Planbestemmelser både på kart og som egen tekst;4
1392;Lagmannsholmen;Detaljregulering;35;Uaktuell/trukket;10;;Plan- og bygningsloven av 2008;6;På grunnen/vannoverflaten;2;Med bestemmelser som egen tekst;1
1393;Lillemyrveien;Detaljregulering;35;Endelig vedtatt arealplan;3;18.02.2015;Plan- og bygningsloven av 2008;6;På grunnen/vannoverflaten;2;Planbestemmelser både på kart og som egen tekst;4
1394;Boen gård;Detaljregulering;35;Endelig vedtatt arealplan;3;01.02.2017;Plan- og bygningsloven av 2008;6;På grunnen/vannoverflaten;2;Planbestemmelser både på kart og som egen tekst;4
1396;Oddemarka kryssområde;Detaljregulering;35;Endelig vedtatt arealplan;3;25.11.2015;Plan- og bygningsloven av 2008;6;På grunnen/vannoverflaten;2;Planbestemmelser både på kart og som egen tekst;4
1397;Eg sykehusområde - med KU;Områderegulering;34;Endelig vedtatt arealplan;3;11.05.2016;Plan- og bygningsloven av 2008;6;På grunnen/vannoverflaten;2;Planbestemmelser både på kart og som egen tekst;4
1398;Vollevann - Oddemarka  sykkelekspressvei;Detaljregulering;35;Endelig vedtatt arealplan;3;12.09.2018;Plan- og bygningsloven av 2008;6;Under grunnen (tunnel), På grunnen/vannoverflaten, Over grunnen (bru), På bunnen (vann/sjø);1, 2, 3, 4;Planbestemmelser både på kart og som egen tekst;4
1399;Slettheiveien - gang og sykkelvei;Detaljregulering;35;Endelig vedtatt arealplan;3;09.12.2015;Plan- og bygningsloven av 2008;6;På grunnen/vannoverflaten;2;Planbestemmelser både på kart og som egen tekst;4
1400;Silokaia;Detaljregulering;35;Endelig vedtatt arealplan;3;16.09.2015;Plan- og bygningsloven av 2008;6;Under grunnen (tunnel), På grunnen/vannoverflaten;1, 2;Med bestemmelser som egen tekst;1
1401;Justvik skole;Detaljregulering;35;Endelig vedtatt arealplan;3;25.03.2015;Plan- og bygningsloven av 2008;6;På grunnen/vannoverflaten;2;Planbestemmelser både på kart og som egen tekst;4
1402;Sykkelekspressvei;Kommunedelplan;21;Endelig vedtatt arealplan;3;16.09.2015;Plan- og bygningsloven av 2008;6;;;Planbestemmelser både på kart og som egen tekst;4
1403;Kystveien 146 - Randesund;Detaljregulering;35;Uaktuell/trukket;10;;Plan- og bygningsloven av 2008;6;På grunnen/vannoverflaten;2;;
1404;Justneshalvøya, felt B2;Detaljregulering;35;Endelig vedtatt arealplan;3;21.09.2016;Plan- og bygningsloven av 2008;6;På grunnen/vannoverflaten;2;Planbestemmelser både på kart og som egen tekst;4
1405;Rv.9 fra E39 til Krossen;Kommunedelplan;21;Uaktuell/trukket;10;;Plan- og bygningsloven av 2008;6;;;Med bestemmelser som egen tekst;1
1406;E18/E39 YTRE RINGVEG VIGE - VOLLEBERG;Kommunedelplan;21;Utgått/erstattet;5;26.02.2016;Plan- og bygningsloven av 2008;6;;;Med bestemmelser som egen tekst;1
1407;Hamreheia;Områderegulering;34;Endelig vedtatt arealplan;3;25.03.2015;Plan- og bygningsloven av 2008;6;På grunnen/vannoverflaten;2;Planbestemmelser både på kart og som egen tekst;4
1408;STEINDALEN, Gnr. 11, bnr. 415 m.fl.;Detaljregulering;35;Utgått/erstattet;5;19.06.2019;Plan- og bygningsloven av 2008;6;På grunnen/vannoverflaten;2;Med bestemmelser som egen tekst;1
1409;Kvadraturen og vestre havn, del 2;Kommunedelplan;21;Uaktuell/trukket;10;;Plan- og bygningsloven av 2008;6;;;Med bestemmelser som egen tekst;1
1410;Dvergsnes felt B10;Detaljregulering;35;Endelig vedtatt arealplan;3;21.09.2016;Plan- og bygningsloven av 2008;6;På grunnen/vannoverflaten;2;Planbestemmelser både på kart og som egen tekst;4
1411;Kvartal 58, del av.;Detaljregulering;35;Endelig vedtatt arealplan;3;22.06.2016;Plan- og bygningsloven av 2008;6;Under grunnen (tunnel), På grunnen/vannoverflaten;1, 2;Planbestemmelser både på kart og som egen tekst;4
1412;Prestevikveien, fortau;Detaljregulering;35;Endelig vedtatt arealplan;3;17.06.2015;Plan- og bygningsloven av 2008;6;På grunnen/vannoverflaten;2;Planbestemmelser både på kart og som egen tekst;4
1413;Tryms vei 13 m.fl - Steinerskolen;Eldre reguleringsplan (PBL 1985);30;Uaktuell/trukket;10;;Plan- og bygningsloven av 1985;4;På grunnen/vannoverflaten;2;;
1414;FRUENS ALLÈ - GRØNNEHAVEN;Detaljregulering;35;Avvist;9;;Plan- og bygningsloven av 2008;6;På grunnen/vannoverflaten;2;Med bestemmelser som egen tekst;1
1416;Langåsen øst - felt N1;Detaljregulering;35;Endelig vedtatt arealplan;3;22.11.2017;Plan- og bygningsloven av 2008;6;På grunnen/vannoverflaten, Over grunnen (bru);2, 3;Planbestemmelser både på kart og som egen tekst;4
1417;Skylleviga;Detaljregulering;35;Endelig vedtatt arealplan;3;17.06.2015;Plan- og bygningsloven av 2008;6;På grunnen/vannoverflaten;2;Planbestemmelser både på kart og som egen tekst;4
1418;Kvartal 57, østre del;Detaljregulering;35;Endelig vedtatt arealplan;3;01.02.2017;Plan- og bygningsloven av 2008;6;Under grunnen (tunnel), På grunnen/vannoverflaten;1, 2;Planbestemmelser både på kart og som egen tekst;4
1419;Lauvåsen felt B11;Detaljregulering;35;Endelig vedtatt arealplan;3;31.01.2018;Plan- og bygningsloven av 2008;6;På grunnen/vannoverflaten;2;Planbestemmelser både på kart og som egen tekst;4
1420;HOLTERONA SMÅBÅTHAVN, PARKERINGSPLASSER;Detaljregulering;35;Uaktuell/trukket;10;;Plan- og bygningsloven av 2008;6;På grunnen/vannoverflaten;2;Med bestemmelser som egen tekst;1
1422;Skudeviga;Detaljregulering;35;Endelig vedtatt arealplan;3;01.02.2017;Plan- og bygningsloven av 2008;6;På grunnen/vannoverflaten;2;Planbestemmelser både på kart og som egen tekst;4
1423;Sømsveien 12;Detaljregulering;35;Endelig vedtatt arealplan;3;21.09.2016;Plan- og bygningsloven av 2008;6;Under grunnen (tunnel), På grunnen/vannoverflaten;1, 2;Planbestemmelser både på kart og som egen tekst;4
1424;Dvergsnes felt B, nordlig del, felt B5;Detaljregulering;35;Endelig vedtatt arealplan;3;16.03.2016;Plan- og bygningsloven av 2008;6;På grunnen/vannoverflaten, Over grunnen (bru);2, 3;Planbestemmelser både på kart og som egen tekst;4
1427;Lerkeveien 5;Detaljregulering;35;Endelig vedtatt arealplan;3;01.03.2017;Plan- og bygningsloven av 2008;6;På grunnen/vannoverflaten;2;Planbestemmelser både på kart og som egen tekst;4
1428;Mosby oppvekstsenter;Detaljregulering;35;Endelig vedtatt arealplan;3;19.06.2019;Plan- og bygningsloven av 2008;6;På grunnen/vannoverflaten;2;Planbestemmelser både på kart og som egen tekst;4
1429;Eg - Sødal. Ny bru;Detaljregulering;35;Endelig vedtatt arealplan;3;25.10.2017;Plan- og bygningsloven av 2008;6;På grunnen/vannoverflaten, Over grunnen (bru), På bunnen (vann/sjø);2, 3, 4;Planbestemmelser både på kart og som egen tekst;4
1430;Fv8 - Vesterøya - fortau,  Kilura;Detaljregulering;35;Endelig vedtatt arealplan;3;31.05.2017;Plan- og bygningsloven av 2008;6;På grunnen/vannoverflaten;2;Planbestemmelser både på kart og som egen tekst;4
1431;GIMLEMOEN - KOLLEKTIVANLEGG;Detaljregulering;35;Uaktuell/trukket;10;;Plan- og bygningsloven av 2008;6;På grunnen/vannoverflaten;2;Med bestemmelser som egen tekst;1
1432;Flatholmveien 6 og 8;Detaljregulering;35;Endelig vedtatt arealplan;3;17.02.2016;Plan- og bygningsloven av 2008;6;På grunnen/vannoverflaten;2;Planbestemmelser både på kart og som egen tekst;4
1433;GAMLE MANDALSVEI 2 - 12;Detaljregulering;35;Uaktuell/trukket;10;;Plan- og bygningsloven av 2008;6;På grunnen/vannoverflaten;2;Med bestemmelser som egen tekst;1
1434;Kuholmsveien fortau;Detaljregulering;35;Endelig vedtatt arealplan;3;20.09.2017;Plan- og bygningsloven av 2008;6;På grunnen/vannoverflaten;2;Planbestemmelser både på kart og som egen tekst;4
1436;Hånestangen 52-60;Detaljregulering;35;Uaktuell/trukket;10;;Plan- og bygningsloven av 2008;6;På grunnen/vannoverflaten;2;Med bestemmelser som egen tekst;1
1438;KUHOLMSVEIEN - gnr.152, bnr.680;Detaljregulering;35;Avvist;9;;Plan- og bygningsloven av 2008;6;På grunnen/vannoverflaten;2;Med bestemmelser som egen tekst;1
1439;Mæbøveien fortau;Detaljregulering;35;Endelig vedtatt arealplan;3;31.05.2017;Plan- og bygningsloven av 2008;6;På grunnen/vannoverflaten;2;Planbestemmelser både på kart og som egen tekst;4
1440;Kvartal 45- østre del;Detaljregulering;35;Endelig vedtatt arealplan;3;20.06.2018;Plan- og bygningsloven av 2008;6;Under grunnen (tunnel), På grunnen/vannoverflaten;1, 2;Planbestemmelser både på kart og som egen tekst;4
1441;Kommunedelplan for havnområde nord, Kongsgård - Vige;Kommunedelplan;21;Endelig vedtatt arealplan;3;10.04.2019;Plan- og bygningsloven av 2008;6;;;Med bestemmelser som egen tekst;1
1442;Sigyns vei  3-5 - 44/247;Detaljregulering;35;Endelig vedtatt arealplan;3;31.05.2017;Plan- og bygningsloven av 2008;6;Under grunnen (tunnel), På grunnen/vannoverflaten;1, 2;Planbestemmelser både på kart og som egen tekst;4
1443;Lund torv;Områderegulering;34;Endelig vedtatt arealplan;3;11.12.2019;Plan- og bygningsloven av 2008;6;På grunnen/vannoverflaten;2;Planbestemmelser både på kart og som egen tekst;4
1444;Kvartal 47 - Kongensgate skole;Detaljregulering;35;Endelig vedtatt arealplan;3;20.09.2017;Plan- og bygningsloven av 2008;6;På grunnen/vannoverflaten;2;Planbestemmelser både på kart og som egen tekst;4
1445;Møllebakken, Tveit;Detaljregulering;35;Uaktuell/trukket;10;;Plan- og bygningsloven av 2008;6;På grunnen/vannoverflaten;2;Med bestemmelser som egen tekst;1
1446;Sørlandsparken, felt K/I-11;Detaljregulering;35;Endelig vedtatt arealplan;3;26.10.2016;Plan- og bygningsloven av 2008;6;På grunnen/vannoverflaten;2;Planbestemmelser både på kart og som egen tekst;4
1447;Dvergsnesveien 180 m.fl.;Detaljregulering;35;Endelig vedtatt arealplan;3;22.11.2017;Plan- og bygningsloven av 2008;6;På grunnen/vannoverflaten;2;Planbestemmelser både på kart og som egen tekst;4
1448;Ny havnegate og Vestre Strandgate;Detaljregulering;35;Endelig vedtatt arealplan;3;31.01.2018;Plan- og bygningsloven av 2008;6;På grunnen/vannoverflaten;2;Planbestemmelser både på kart og som egen tekst;4
1449;Tobienborg - Trymsvei 4;Detaljregulering;35;Uaktuell/trukket;10;;Plan- og bygningsloven av 2008;6;På grunnen/vannoverflaten;2;Med bestemmelser som egen tekst;1
1450;TRETJØNNVEIEN SYD, sykkelvei og fortau;Detaljregulering;35;Uaktuell/trukket;10;;Plan- og bygningsloven av 2008;6;På grunnen/vannoverflaten;2;Med bestemmelser som egen tekst;1
1451;ANDØYVEIEN - 11/869;Detaljregulering;35;Uaktuell/trukket;10;;Plan- og bygningsloven av 2008;6;På grunnen/vannoverflaten;2;Med bestemmelser som egen tekst;1
1452;E39 Kristiansand vest- Søgne øst;Detaljregulering;35;Endelig vedtatt arealplan;3;21.06.2017;Plan- og bygningsloven av 2008;6;Under grunnen (tunnel), På grunnen/vannoverflaten, Over grunnen (bru);1, 2, 3;Planbestemmelser både på kart og som egen tekst;4
1453;Marviksletta B2;Detaljregulering;35;Endelig vedtatt arealplan;3;31.01.2018;Plan- og bygningsloven av 2008;6;På grunnen/vannoverflaten;2;Planbestemmelser både på kart og som egen tekst;4
1454;Nedre Hånes gård;Detaljregulering;35;Uaktuell/trukket;10;;Plan- og bygningsloven av 2008;6;På grunnen/vannoverflaten;2;Med bestemmelser som egen tekst;1
1455;TØMMERSTØ,  FELT FIDJE, DELFELT B8;Detaljregulering;35;Uaktuell/trukket;10;;Plan- og bygningsloven av 2008;6;På grunnen/vannoverflaten;2;Med bestemmelser som egen tekst;1
1456;EGSHAUGEN - 150/131, 133, 135 M.FL.;Detaljregulering;35;Uaktuell/trukket;10;;Plan- og bygningsloven av 2008;6;På grunnen/vannoverflaten;2;Med bestemmelser som egen tekst;1
1457;Strømme senter;Områderegulering;34;Endelig vedtatt arealplan;3;31.01.2018;Plan- og bygningsloven av 2008;6;På grunnen/vannoverflaten;2;Planbestemmelser både på kart og som egen tekst;4
1458;Kirsten Flagstadsvei 2-22;Detaljregulering;35;Endelig vedtatt arealplan;3;22.05.2019;Plan- og bygningsloven av 2008;6;På grunnen/vannoverflaten;2;Planbestemmelser både på kart og som egen tekst;4
1459;Fruktveien 3;Detaljregulering;35;Uaktuell/trukket;10;;Plan- og bygningsloven av 2008;6;På grunnen/vannoverflaten;2;Med bestemmelser som egen tekst;1
1460;Kringsjå skole;Detaljregulering;35;Endelig vedtatt arealplan;3;25.04.2018;Plan- og bygningsloven av 2008;6;På grunnen/vannoverflaten;2;Planbestemmelser både på kart og som egen tekst;4
1462;Benestad Bb2;Detaljregulering;35;Endelig vedtatt arealplan;3;22.11.2017;Plan- og bygningsloven av 2008;6;På grunnen/vannoverflaten;2;Planbestemmelser både på kart og som egen tekst;4
1464;Kvartal 8 - vestre del;Detaljregulering;35;Endelig vedtatt arealplan;3;12.09.2018;Plan- og bygningsloven av 2008;6;Under grunnen (tunnel), På grunnen/vannoverflaten;1, 2;Planbestemmelser både på kart og som egen tekst;4
1465;Havnekvartalet;Detaljregulering;35;Uaktuell/trukket;10;;Plan- og bygningsloven av 2008;6;På grunnen/vannoverflaten;2;Med bestemmelser som egen tekst;1
1471;Vågsbygdveien 90;Detaljregulering;35;Kun opprettet sak (foreløpig ikke annonsert);0;;Plan- og bygningsloven av 2008;6;På grunnen/vannoverflaten;2;Med bestemmelser som egen tekst;1
1473;Tangen-delfelt B2-4 og B2-5;Detaljregulering;35;Endelig vedtatt arealplan;3;23.05.2018;Plan- og bygningsloven av 2008;6;På grunnen/vannoverflaten;2;Planbestemmelser både på kart og som egen tekst;4
1478;Eg sykehusområde - felt BOP1;Detaljregulering;35;Uaktuell/trukket;10;;Plan- og bygningsloven av 2008;6;På grunnen/vannoverflaten;2;Med bestemmelser som egen tekst;1
1481;St.Olavsvei 18 og 20;Detaljregulering;35;Endelig vedtatt arealplan;3;29.01.2020;Plan- og bygningsloven av 2008;6;Under grunnen (tunnel), På grunnen/vannoverflaten;1, 2;Planbestemmelser både på kart og som egen tekst;4
1483;Roligheden - Tegleverkveien;Detaljregulering;35;Uaktuell/trukket;10;;Plan- og bygningsloven av 2008;6;På grunnen/vannoverflaten;2;Med bestemmelser som egen tekst;1
1484;MALMVEIEN 11;Detaljregulering;35;Uaktuell/trukket;10;;Plan- og bygningsloven av 2008;6;På grunnen/vannoverflaten;2;Med bestemmelser som egen tekst;1
1487;Rona kollektivterminal (sykkelekspressvei fra Varoddbroa til Håneskrysset);Detaljregulering;35;Uaktuell/trukket;10;;Plan- og bygningsloven av 2008;6;På grunnen/vannoverflaten;2;Med bestemmelser som egen tekst;1
1489;FV 456/457 Vågsbygdveien/Holskogveien - endring;Detaljregulering;35;Endelig vedtatt arealplan;3;29.10.2019;Plan- og bygningsloven av 2008;6;På grunnen/vannoverflaten, Over grunnen (bru);2, 3;Planbestemmelser både på kart og som egen tekst;4
1490;Tinnheiveien 15 og 17;Detaljregulering;35;Uaktuell/trukket;10;;Plan- og bygningsloven av 2008;6;På grunnen/vannoverflaten;2;Med bestemmelser som egen tekst;1
1492;Hamrevann, felt 1A og 1B;Detaljregulering;35;Endelig vedtatt arealplan;3;11.12.2019;Plan- og bygningsloven av 2008;6;På grunnen/vannoverflaten, Over grunnen (bru);2, 3;Med bestemmelser som egen tekst;1
1493;Jens Bjørneboes Plass;Detaljregulering;35;Uaktuell/trukket;10;;Plan- og bygningsloven av 2008;6;På grunnen/vannoverflaten;2;Med bestemmelser som egen tekst;1
1494;JULIUS HOUGENS PLASS;Detaljregulering;35;Uaktuell/trukket;10;;Plan- og bygningsloven av 2008;6;På grunnen/vannoverflaten;2;Med bestemmelser som egen tekst;1
1500;Tegleverksveien og Teglstien - del av;Detaljregulering;35;Endelig vedtatt arealplan;3;19.01.2022;Plan- og bygningsloven av 2008;6;Under grunnen (tunnel), På grunnen/vannoverflaten;1, 2;Planbestemmelser både på kart og som egen tekst;4
1501;Vardåsveien/Haumyrveien;Detaljregulering;35;Endelig vedtatt arealplan;3;27.11.2024;Plan- og bygningsloven av 2008;6;På grunnen/vannoverflaten;2;Planbestemmelser både på kart og som egen tekst;4
1502;Skogen borettslag;Detaljregulering;35;Endelig vedtatt arealplan;3;16.02.2022;Plan- og bygningsloven av 2008;6;Under grunnen (tunnel), På grunnen/vannoverflaten;1, 2;Planbestemmelser både på kart og som egen tekst;4
1503;Del av Kirkegata;Detaljregulering;35;Planlegging igangsatt;1;;Plan- og bygningsloven av 2008;6;På grunnen/vannoverflaten;2;Planbestemmelser både på kart og som egen tekst;4
1504;Mjåvann III - omregulering;Områderegulering;34;Endelig vedtatt arealplan;3;27.05.2020;Plan- og bygningsloven av 2008;6;På grunnen/vannoverflaten;2;Planbestemmelser både på kart og som egen tekst;4
1505;Grostølveien-øst;Detaljregulering;35;Planlegging igangsatt;1;;Plan- og bygningsloven av 2008;6;På grunnen/vannoverflaten;2;Med bestemmelser som egen tekst;1
1506;Hånestangen - Eikeholtet - del av 63/1;Detaljregulering;35;Endelig vedtatt arealplan;3;27.10.2021;Plan- og bygningsloven av 2008;6;På grunnen/vannoverflaten;2;Planbestemmelser både på kart og som egen tekst;4
1507;Grim torv;Detaljregulering;35;Endelig vedtatt arealplan;3;21.06.2023;Plan- og bygningsloven av 2008;6;På grunnen/vannoverflaten;2;Planbestemmelser både på kart og som egen tekst;4
1510;Justneshalvøya - felt C4;Detaljregulering;35;Endelig vedtatt arealplan;3;17.11.2021;Plan- og bygningsloven av 2008;6;På grunnen/vannoverflaten;2;Planbestemmelser både på kart og som egen tekst;4
1511;Skinnerheia - Justvik skole, gang/sykkelvei;Detaljregulering;35;Endelig vedtatt arealplan;3;29.01.2020;Plan- og bygningsloven av 2008;6;På grunnen/vannoverflaten;2;Planbestemmelser både på kart og som egen tekst;4
1512;Rv. 41 og rv. 451 Timenes - Kjevik;Detaljregulering;35;Endelig vedtatt arealplan;3;26.02.2020;Plan- og bygningsloven av 2008;6;Under grunnen (tunnel), På grunnen/vannoverflaten, Over grunnen (bru);1, 2, 3;Planbestemmelser både på kart og som egen tekst;4
1513;Hellemyr felt E1;Detaljregulering;35;Endelig vedtatt arealplan;3;27.05.2020;Plan- og bygningsloven av 2008;6;På grunnen/vannoverflaten;2;Planbestemmelser både på kart og som egen tekst;4
1514;Kvartal 48 - østre del;Detaljregulering;35;Endelig vedtatt arealplan;3;17.06.2020;Plan- og bygningsloven av 2008;6;På grunnen/vannoverflaten;2;Planbestemmelser både på kart og som egen tekst;4
1515;Eg sykehusområde - delområde BOP4;Detaljregulering;35;Endelig vedtatt arealplan;3;24.03.2021;Plan- og bygningsloven av 2008;6;På grunnen/vannoverflaten;2;Planbestemmelser både på kart og som egen tekst;4
1516;Fløyheia;Detaljregulering;35;Uaktuell/trukket;10;;Plan- og bygningsloven av 2008;6;På grunnen/vannoverflaten;2;Med bestemmelser som egen tekst;1
1517;Kleplandsveien 4,6 og 8 m.fl;Detaljregulering;35;Endelig vedtatt arealplan;3;24.01.2024;Plan- og bygningsloven av 2008;6;Under grunnen (tunnel), På grunnen/vannoverflaten;1, 2;Planbestemmelser både på kart og som egen tekst;4
1518;Kossevigheia nord;Detaljregulering;35;Endelig vedtatt arealplan;3;09.06.2021;Plan- og bygningsloven av 2008;6;På grunnen/vannoverflaten;2;Planbestemmelser både på kart og som egen tekst;4
1519;Anderåsen;Detaljregulering;35;Uaktuell/trukket;10;;Plan- og bygningsloven av 2008;6;På grunnen/vannoverflaten;2;Med bestemmelser som egen tekst;1
1520;Benestad Bb1 og Bb5;Detaljregulering;35;Endelig vedtatt arealplan;3;27.05.2020;Plan- og bygningsloven av 2008;6;På grunnen/vannoverflaten;2;Planbestemmelser både på kart og som egen tekst;4
1521;Benestad felt Ab4;Detaljregulering;35;Uaktuell/trukket;10;;Plan- og bygningsloven av 2008;6;På grunnen/vannoverflaten;2;Med bestemmelser som egen tekst;1
1522;Marviksletta felt BKHF2 OG BKHF3;Detaljregulering;35;Planlegging igangsatt;1;;Plan- og bygningsloven av 2008;6;På grunnen/vannoverflaten;2;Planbestemmelser både på kart og som egen tekst;4
1524;Benestad - felt Bev 4 og Bb4;Detaljregulering;35;Uaktuell/trukket;10;;Plan- og bygningsloven av 2008;6;På grunnen/vannoverflaten;2;Med bestemmelser som egen tekst;1
1525;Strømme -  felt N1 og N2;Detaljregulering;35;Endelig vedtatt arealplan;3;17.11.2021;Plan- og bygningsloven av 2008;6;Under grunnen (tunnel), På grunnen/vannoverflaten;1, 2;Planbestemmelser både på kart og som egen tekst;4
1526;Porsmyr - 578/15 mfl;Detaljregulering;35;Endelig vedtatt arealplan;3;27.05.2020;Plan- og bygningsloven av 2008;6;På grunnen/vannoverflaten;2;Planbestemmelser både på kart og som egen tekst;4
1527;Kvartal 15 - østre del;Detaljregulering;35;Kun opprettet sak (foreløpig ikke annonsert);0;;Plan- og bygningsloven av 2008;6;På grunnen/vannoverflaten;2;Planbestemmelser både på kart og som egen tekst;4
1528;Moseid bakeri;Detaljregulering;35;Endelig vedtatt arealplan;3;23.03.2022;Plan- og bygningsloven av 2008;6;På grunnen/vannoverflaten;2;Planbestemmelser både på kart og som egen tekst;4
1529;Hamresanden hotell og campingområde - felt A og B1;Detaljregulering;35;Endelig vedtatt arealplan;3;22.06.2022;Plan- og bygningsloven av 2008;6;På grunnen/vannoverflaten;2;Planbestemmelser både på kart og som egen tekst;4
1530;Brønnstykket, Møllevannsveien og Bellevue;Områderegulering;34;Endelig vedtatt arealplan;3;25.10.2023;Plan- og bygningsloven av 2008;6;På grunnen/vannoverflaten;2;Planbestemmelser både på kart og som egen tekst;4
1531;Vardåsveien 73 og 75;Detaljregulering;35;Endelig vedtatt arealplan;3;22.03.2023;Plan- og bygningsloven av 2008;6;På grunnen/vannoverflaten;2;Planbestemmelser både på kart og som egen tekst;4
1532;Strømme, del av felt N9;Detaljregulering;35;Endelig vedtatt arealplan;3;08.06.2022;Plan- og bygningsloven av 2008;6;Under grunnen (tunnel), På grunnen/vannoverflaten;1, 2;Planbestemmelser både på kart og som egen tekst;4
1533;Kvartal 7;Detaljregulering;35;Endelig vedtatt arealplan;3;16.02.2022;Plan- og bygningsloven av 2008;6;Under grunnen (tunnel), På grunnen/vannoverflaten;1, 2;Planbestemmelser både på kart og som egen tekst;4
1534;Kobberveien - 151/2473 m.fl;Detaljregulering;35;Planforslag;2;;Plan- og bygningsloven av 2008;6;På grunnen/vannoverflaten;2;Planbestemmelser både på kart og som egen tekst;4
1535;Kvartal 1;Detaljregulering;35;Endelig vedtatt arealplan;3;14.04.2021;Plan- og bygningsloven av 2008;6;Under grunnen (tunnel), På grunnen/vannoverflaten;1, 2;Planbestemmelser både på kart og som egen tekst;4
1536;Stemtjønn skytebane;Detaljregulering;35;Endelig vedtatt arealplan;3;28.09.2022;Plan- og bygningsloven av 2008;6;På grunnen/vannoverflaten;2;Planbestemmelser både på kart og som egen tekst;4
1537;Holta 9;Detaljregulering;35;Endelig vedtatt arealplan;3;22.06.2021;Plan- og bygningsloven av 2008;6;På grunnen/vannoverflaten;2;Planbestemmelser både på kart og som egen tekst;4
1538;Songdalsvegen  224 mfl.;Detaljregulering;35;Endelig vedtatt arealplan;3;22.03.2023;Plan- og bygningsloven av 2008;6;På grunnen/vannoverflaten;2;Planbestemmelser både på kart og som egen tekst;4
1539;Lundeveien 134;Detaljregulering;35;Planlegging igangsatt;1;;Plan- og bygningsloven av 2008;6;På grunnen/vannoverflaten;2;Planbestemmelser både på kart og som egen tekst;4
1540;Kleplandsveien 473/33 mfl;Detaljregulering;35;Endelig vedtatt arealplan;3;23.11.2022;Plan- og bygningsloven av 2008;6;På grunnen/vannoverflaten;2;Planbestemmelser både på kart og som egen tekst;4
1541;Vaglen båthavn;Detaljregulering;35;Endelig vedtatt arealplan;3;23.03.2022;Plan- og bygningsloven av 2008;6;På grunnen/vannoverflaten;2;Planbestemmelser både på kart og som egen tekst;4
1542;Øygardsheia syd;Detaljregulering;35;Endelig vedtatt arealplan;3;19.01.2022;Plan- og bygningsloven av 2008;6;På grunnen/vannoverflaten;2;Planbestemmelser både på kart og som egen tekst;4
1543;Stifjellet;Detaljregulering;35;Endelig vedtatt arealplan;3;23.03.2022;Plan- og bygningsloven av 2008;6;På grunnen/vannoverflaten;2;Planbestemmelser både på kart og som egen tekst;4
1544;Fuglemyra;Detaljregulering;35;Planlegging igangsatt;1;;Plan- og bygningsloven av 2008;6;På grunnen/vannoverflaten;2;Planbestemmelser både på kart og som egen tekst;4
1545;Rosselandsvegen 5;Detaljregulering;35;Planlegging igangsatt;1;;Plan- og bygningsloven av 2008;6;På grunnen/vannoverflaten;2;Planbestemmelser både på kart og som egen tekst;4
1546;Knarrevik/Rosenlund -  utvidelse av båthavn;Detaljregulering;35;Endelig vedtatt arealplan;3;17.02.2021;Plan- og bygningsloven av 2008;6;På grunnen/vannoverflaten;2;Planbestemmelser både på kart og som egen tekst;4
1547;Marviksletta - felt KILH1 og KILH2;Detaljregulering;35;Uaktuell/trukket;10;;Plan- og bygningsloven av 2008;6;På grunnen/vannoverflaten;2;Planbestemmelser både på kart og som egen tekst;4
1548;Marviksletta - del av felt BFT1;Detaljregulering;35;Endelig vedtatt arealplan;3;18.11.2020;Plan- og bygningsloven av 2008;6;Under grunnen (tunnel), På grunnen/vannoverflaten;1, 2;Planbestemmelser både på kart og som egen tekst;4
1549;Setesdalsveien 90;Detaljregulering;35;Endelig vedtatt arealplan;3;28.09.2022;Plan- og bygningsloven av 2008;6;Under grunnen (tunnel), På grunnen/vannoverflaten;1, 2;Planbestemmelser både på kart og som egen tekst;4
1550;Liane;Detaljregulering;35;Endelig vedtatt arealplan;3;09.06.2021;Plan- og bygningsloven av 2008;6;På grunnen/vannoverflaten;2;Planbestemmelser både på kart og som egen tekst;4
1551;Randesund planteskole;Detaljregulering;35;Planlegging igangsatt;1;;Plan- og bygningsloven av 2008;6;På grunnen/vannoverflaten;2;Planbestemmelser både på kart og som egen tekst;4
1552;Svanedamsveien/Fiskåtangen;Detaljregulering;35;Endelig vedtatt arealplan;3;01.12.2021;Plan- og bygningsloven av 2008;6;På grunnen/vannoverflaten;2;Planbestemmelser både på kart og som egen tekst;4
1553;Vågsbygd bydelssenter - delfelt SS3;Detaljregulering;35;Endelig vedtatt arealplan;3;23.11.2022;Plan- og bygningsloven av 2008;6;Under grunnen (tunnel), På grunnen/vannoverflaten;1, 2;Planbestemmelser både på kart og som egen tekst;4
1554;Ravnåsveien 5;Detaljregulering;35;Endelig vedtatt arealplan;3;09.06.2021;Plan- og bygningsloven av 2008;6;På grunnen/vannoverflaten;2;Planbestemmelser både på kart og som egen tekst;4
1555;Blomsbukta;Detaljregulering;35;Endelig vedtatt arealplan;3;22.06.2021;Plan- og bygningsloven av 2008;6;På grunnen/vannoverflaten;2;Planbestemmelser både på kart og som egen tekst;4
1556;Arenfeldts vei/Major Laudals vei - sør;Detaljregulering;35;Endelig vedtatt arealplan;3;16.02.2022;Plan- og bygningsloven av 2008;6;På grunnen/vannoverflaten;2;Planbestemmelser både på kart og som egen tekst;4
1557;Del av Kileheia;Detaljregulering;35;Kun opprettet sak (foreløpig ikke annonsert);0;;Plan- og bygningsloven av 2008;6;På grunnen/vannoverflaten;2;Med bestemmelser som egen tekst;1
1560;Marviksveien 43;Detaljregulering;35;Endelig vedtatt arealplan;3;28.10.2020;Plan- og bygningsloven av 2008;6;Under grunnen (tunnel), På grunnen/vannoverflaten;1, 2;Planbestemmelser både på kart og som egen tekst;4
1561;Trekanten syd - Vågsbygd;Detaljregulering;35;Uaktuell/trukket;10;;Plan- og bygningsloven av 2008;6;På grunnen/vannoverflaten;2;Med bestemmelser som egen tekst;1
1564;Ronåsen - Stangenes 85/2;Detaljregulering;35;Planforslag;2;;Plan- og bygningsloven av 2008;6;På grunnen/vannoverflaten;2;Med bestemmelser som egen tekst;1
1565;Kvartal 15 - vestre del;Detaljregulering;35;Endelig vedtatt arealplan;3;24.09.2025;Plan- og bygningsloven av 2008;6;På grunnen/vannoverflaten;2;Planbestemmelser både på kart og som egen tekst;4
1566;Hattesteinen - Flekkerøy;Detaljregulering;35;Planforslag;2;;Plan- og bygningsloven av 2008;6;På grunnen/vannoverflaten;2;Planbestemmelser både på kart og som egen tekst;4
1567;Masseuttak Finsland;Detaljregulering;35;Endelig vedtatt arealplan;3;27.01.2021;Plan- og bygningsloven av 2008;6;På grunnen/vannoverflaten;2;Planbestemmelser både på kart og som egen tekst;4
1568;Rosseland Park;Detaljregulering;35;Planforslag;2;;Plan- og bygningsloven av 2008;6;På grunnen/vannoverflaten;2;Planbestemmelser både på kart og som egen tekst;4
1569;Gatebruksplan for Posebyen;Områderegulering;34;Endelig vedtatt arealplan;3;19.06.2024;Plan- og bygningsloven av 2008;6;På grunnen/vannoverflaten;2;Planbestemmelser både på kart og som egen tekst;4
1570;Møllevannsveien 16;Detaljregulering;35;Endelig vedtatt arealplan;3;23.11.2022;Plan- og bygningsloven av 2008;6;På grunnen/vannoverflaten;2;Planbestemmelser både på kart og som egen tekst;4
1571;Kvartal 71 - vestre del;Detaljregulering;35;Planforslag;2;;Plan- og bygningsloven av 2008;6;På grunnen/vannoverflaten;2;Planbestemmelser både på kart og som egen tekst;4
1573;Jegersberg lysløype;Detaljregulering;35;Endelig vedtatt arealplan;3;26.05.2021;Plan- og bygningsloven av 2008;6;På grunnen/vannoverflaten;2;Planbestemmelser både på kart og som egen tekst;4
1574;Kjellandsheia syd - felt B307;Detaljregulering;35;Uaktuell/trukket;10;;Plan- og bygningsloven av 2008;6;På grunnen/vannoverflaten;2;Med bestemmelser som egen tekst;1
1575;Støleheia sør - energiforedlende virksomhet;Områderegulering;34;Endelig vedtatt arealplan;3;24.05.2023;Plan- og bygningsloven av 2008;6;På grunnen/vannoverflaten;2;Planbestemmelser både på kart og som egen tekst;4
1576;Lohnelier næringsområde nord;Detaljregulering;35;Planlegging igangsatt;1;;Plan- og bygningsloven av 2008;6;På grunnen/vannoverflaten;2;Planbestemmelser både på kart og som egen tekst;4
1577;Oddernes tun;Detaljregulering;35;Endelig vedtatt arealplan;3;24.05.2023;Plan- og bygningsloven av 2008;6;Under grunnen (tunnel), På grunnen/vannoverflaten, Over grunnen (bru);1, 2, 3;Planbestemmelser både på kart og som egen tekst;4
1578;Benestad felt CB1-CB2;Detaljregulering;35;Endelig vedtatt arealplan;3;22.06.2022;Plan- og bygningsloven av 2008;6;På grunnen/vannoverflaten;2;Planbestemmelser både på kart og som egen tekst;4
1579;Tangvallheia;Detaljregulering;35;Planlegging igangsatt;1;;Plan- og bygningsloven av 2008;6;På grunnen/vannoverflaten;2;Planbestemmelser både på kart og som egen tekst;4
1580;E18 ytre ringvei;Detaljregulering;35;Planforslag;2;;Plan- og bygningsloven av 2008;6;Under grunnen (tunnel), På grunnen/vannoverflaten, Over grunnen (bru);1, 2, 3;Med bestemmelser som egen tekst;1
1581;Torridalsveien - Bernt Holms vei;Detaljregulering;35;Endelig vedtatt arealplan;3;22.03.2023;Plan- og bygningsloven av 2008;6;Under grunnen (tunnel), På grunnen/vannoverflaten;1, 2;Planbestemmelser både på kart og som egen tekst;4
1582;Del av Monsøya 421/116;Detaljregulering;35;Uaktuell/trukket;10;;Plan- og bygningsloven av 2008;6;På grunnen/vannoverflaten;2;Med bestemmelser som egen tekst;1
1585;Fergefjellet;Detaljregulering;35;Uaktuell/trukket;10;;Plan- og bygningsloven av 2008;6;På grunnen/vannoverflaten;2;Med bestemmelser som egen tekst;1
1586;Hampa(KMV) - fergeterminal;Detaljregulering;35;Endelig vedtatt arealplan;3;26.05.2021;Plan- og bygningsloven av 2008;6;På grunnen/vannoverflaten;2;Planbestemmelser både på kart og som egen tekst;4
1587;Kristiansand stadion;Detaljregulering;35;Endelig vedtatt arealplan;3;25.10.2023;Plan- og bygningsloven av 2008;6;På grunnen/vannoverflaten;2;Planbestemmelser både på kart og som egen tekst;4
1588;Harald Gillesvei 24;Detaljregulering;35;Endelig vedtatt arealplan;3;18.05.2022;Plan- og bygningsloven av 2008;6;På grunnen/vannoverflaten;2;Planbestemmelser både på kart og som egen tekst;4
1589;Røyrås næringsområde - 532/4 mfl;Detaljregulering;35;Endelig vedtatt arealplan;3;21.06.2023;Plan- og bygningsloven av 2008;6;På grunnen/vannoverflaten;2;Planbestemmelser både på kart og som egen tekst;4
1590;Oddernes kirkevei/Arenfeldts vei;Detaljregulering;35;Endelig vedtatt arealplan;3;22.03.2023;Plan- og bygningsloven av 2008;6;På grunnen/vannoverflaten;2;Planbestemmelser både på kart og som egen tekst;4
1591;Kvartal 26;Detaljregulering;35;Endelig vedtatt arealplan;3;28.08.2024;Plan- og bygningsloven av 2008;6;På grunnen/vannoverflaten;2;Planbestemmelser både på kart og som egen tekst;4
1593;Auglandsbukta sør;Detaljregulering;35;Planlegging igangsatt;1;;Plan- og bygningsloven av 2008;6;På grunnen/vannoverflaten;2;Planbestemmelser både på kart og som egen tekst;4
1594;Tangen - felt B1-4;Detaljregulering;35;Endelig vedtatt arealplan;3;28.08.2024;Plan- og bygningsloven av 2008;6;På grunnen/vannoverflaten;2;Med bestemmelser som egen tekst;1
1595;Marviksletta BKH6;Detaljregulering;35;Endelig vedtatt arealplan;3;26.11.2025;Plan- og bygningsloven av 2008;6;På grunnen/vannoverflaten;2;Planbestemmelser både på kart og som egen tekst;4
1596;Fortau langs Fv 3908 - Skudeviga - Kilura - Åndåsveien;Detaljregulering;35;Endelig vedtatt arealplan;3;20.03.2024;Plan- og bygningsloven av 2008;6;På grunnen/vannoverflaten;2;Med bestemmelser som egen tekst;1
1597;Haus-Mosby ringvei, gang- og sykkelvei;Detaljregulering;35;Endelig vedtatt arealplan;3;26.11.2025;Plan- og bygningsloven av 2008;6;På grunnen/vannoverflaten, Over grunnen (bru);2, 3;Planbestemmelser både på kart og som egen tekst;4
1598;Volleberg;Detaljregulering;35;Endelig vedtatt arealplan;3;24.04.2024;Plan- og bygningsloven av 2008;6;På grunnen/vannoverflaten;2;Med bestemmelser som egen tekst;1
1599;Heftenes småbåthavn;Detaljregulering;35;Endelig vedtatt arealplan;3;29.05.2024;Plan- og bygningsloven av 2008;6;På grunnen/vannoverflaten;2;Planbestemmelser både på kart og som egen tekst;4
1600;Kommuneplan for Kristiansand;Kommuneplanens arealdel;20;Endelig vedtatt arealplan;3;28.02.2024;Plan- og bygningsloven av 2008;6;;;Med bestemmelser som egen tekst;1
1601;Braneset;Detaljregulering;35;Endelig vedtatt arealplan;3;18.01.2023;Plan- og bygningsloven av 2008;6;På grunnen/vannoverflaten;2;Planbestemmelser både på kart og som egen tekst;4
1602;Tretjønnveien nord - sykkelvei og fortau;Detaljregulering;35;Endelig vedtatt arealplan;3;18.06.2025;Plan- og bygningsloven av 2008;6;På grunnen/vannoverflaten;2;Planbestemmelser både på kart og som egen tekst;4
1603;Moseheia øst;Detaljregulering;35;Planlegging igangsatt;1;;Plan- og bygningsloven av 2008;6;På grunnen/vannoverflaten;2;Planbestemmelser både på kart og som egen tekst;4
1604;Dvergsnestangen del av gnr/bnr 96/14,17;Detaljregulering;35;Planlegging igangsatt;1;;Plan- og bygningsloven av 2008;6;På grunnen/vannoverflaten;2;Med bestemmelser som egen tekst;1
1605;Kjøita 6;Detaljregulering;35;Avvist;9;;Plan- og bygningsloven av 2008;6;På grunnen/vannoverflaten;2;Med bestemmelser som egen tekst;1
1606;Kongsgård - Vige havneområde, Sha4, Sha5 og Sha6;Detaljregulering;35;Endelig vedtatt arealplan;3;22.11.2023;Plan- og bygningsloven av 2008;6;På grunnen/vannoverflaten, På bunnen (vann/sjø);2, 4;Planbestemmelser både på kart og som egen tekst;4
1607;Kvartal 37;Detaljregulering;35;Endelig vedtatt arealplan;3;18.01.2023;Plan- og bygningsloven av 2008;6;På grunnen/vannoverflaten;2;Planbestemmelser både på kart og som egen tekst;4
1608;Ausvigheia, felt B108;Detaljregulering;35;Planforslag;2;;Plan- og bygningsloven av 2008;6;På grunnen/vannoverflaten;2;Planbestemmelser både på kart og som egen tekst;4
1609;Tangen 52;Detaljregulering;35;Endelig vedtatt arealplan;3;15.02.2023;Plan- og bygningsloven av 2008;6;På grunnen/vannoverflaten;2;Med bestemmelser som egen tekst;1
1610;Dronningensgate;Detaljregulering;35;Planlegging igangsatt;1;;Plan- og bygningsloven av 2008;6;På grunnen/vannoverflaten;2;Med bestemmelser som egen tekst;1
1611;Gimle - idrettsanlegg og videregående skole;Områderegulering;34;Endelig vedtatt arealplan;3;19.06.2024;Plan- og bygningsloven av 2008;6;På grunnen/vannoverflaten;2;Med bestemmelser som egen tekst;1
1614;Kleplandsveien - Fredheim;Detaljregulering;35;Endelig vedtatt arealplan;3;18.06.2025;Plan- og bygningsloven av 2008;6;På grunnen/vannoverflaten;2;Planbestemmelser både på kart og som egen tekst;4
1615;Hamrevann 1D;Detaljregulering;35;Planlegging igangsatt;1;;Plan- og bygningsloven av 2008;6;På grunnen/vannoverflaten;2;Med bestemmelser som egen tekst;1
1616;Løvsangerveien 15;Detaljregulering;35;Kun opprettet sak (foreløpig ikke annonsert);0;;Plan- og bygningsloven av 2008;6;På grunnen/vannoverflaten;2;Planbestemmelser både på kart og som egen tekst;4
1617;Holta 11 og 17;Detaljregulering;35;Endelig vedtatt arealplan;3;24.01.2024;Plan- og bygningsloven av 2008;6;På grunnen/vannoverflaten;2;Planbestemmelser både på kart og som egen tekst;4
1618;Randesund gravplass;Detaljregulering;35;Endelig vedtatt arealplan;3;20.09.2023;Plan- og bygningsloven av 2008;6;På grunnen/vannoverflaten;2;Planbestemmelser både på kart og som egen tekst;4
1619;Oberstløytnant Omdals vei 4,6 og 8;Detaljregulering;35;Endelig vedtatt arealplan;3;18.06.2025;Plan- og bygningsloven av 2008;6;På grunnen/vannoverflaten;2;Planbestemmelser både på kart og som egen tekst;4
1620;Gimlevang del av 40/76;Detaljregulering;35;Endelig vedtatt arealplan;3;23.11.2022;Plan- og bygningsloven av 2008;6;På grunnen/vannoverflaten;2;Planbestemmelser både på kart og som egen tekst;4
1621;Hølleveien 144 og 156;Detaljregulering;35;Endelig vedtatt arealplan;3;26.03.2025;Plan- og bygningsloven av 2008;6;På grunnen/vannoverflaten;2;Med bestemmelser som egen tekst;1
1622;Veslegard 57/2 mfl.;Detaljregulering;35;Endelig vedtatt arealplan;3;29.10.2025;Plan- og bygningsloven av 2008;6;På grunnen/vannoverflaten;2;Planbestemmelser både på kart og som egen tekst;4
1623;Norheim;Detaljregulering;35;Planlegging igangsatt;1;;Plan- og bygningsloven av 2008;6;På grunnen/vannoverflaten;2;Med bestemmelser som egen tekst;1
1624;Benestad felt Ab1;Detaljregulering;35;Endelig vedtatt arealplan;3;24.09.2025;Plan- og bygningsloven av 2008;6;Under grunnen (tunnel), På grunnen/vannoverflaten;1, 2;Planbestemmelser både på kart og som egen tekst;4
1626;Gyldensløves gate 70;Detaljregulering;35;Endelig vedtatt arealplan;3;18.06.2025;Plan- og bygningsloven av 2008;6;På grunnen/vannoverflaten;2;Planbestemmelser både på kart og som egen tekst;4
1627;Mosby lokalsenter;Detaljregulering;35;Planforslag;2;;Plan- og bygningsloven av 2008;6;På grunnen/vannoverflaten;2;Planbestemmelser både på kart og som egen tekst;4
1628;Marviksveien 98;Detaljregulering;35;Endelig vedtatt arealplan;3;29.01.2025;Plan- og bygningsloven av 2008;6;På grunnen/vannoverflaten;2;Planbestemmelser både på kart og som egen tekst;4
1629;Lauvåsen, felt O1;Detaljregulering;35;Endelig vedtatt arealplan;3;30.10.2024;Plan- og bygningsloven av 2008;6;På grunnen/vannoverflaten;2;Planbestemmelser både på kart og som egen tekst;4
1630;Lauvåsen B7 og F1;Detaljregulering;35;Endelig vedtatt arealplan;3;24.09.2025;Plan- og bygningsloven av 2008;6;På grunnen/vannoverflaten;2;Planbestemmelser både på kart og som egen tekst;4
1631;Broveien/Auglandsveien - gang-/sykkelvei;Detaljregulering;35;Kun opprettet sak (foreløpig ikke annonsert);0;;Plan- og bygningsloven av 2008;6;På grunnen/vannoverflaten;2;Planbestemmelser både på kart og som egen tekst;4
1632;Vavikbakken 55;Detaljregulering;35;Planforslag;2;;Plan- og bygningsloven av 2008;6;På grunnen/vannoverflaten;2;Med bestemmelser som egen tekst;1
1634;Benestad felt Cfk1 og Cah1;Detaljregulering;35;Endelig vedtatt arealplan;3;20.03.2024;Plan- og bygningsloven av 2008;6;På grunnen/vannoverflaten;2;Planbestemmelser både på kart og som egen tekst;4
1635;Dyreparken vest;Detaljregulering;35;Endelig vedtatt arealplan;3;18.01.2023;Plan- og bygningsloven av 2008;6;På grunnen/vannoverflaten;2;Planbestemmelser både på kart og som egen tekst;4
1636;Tinnheiveien 15;Detaljregulering;35;Endelig vedtatt arealplan;3;21.05.2025;Plan- og bygningsloven av 2008;6;På grunnen/vannoverflaten;2;Planbestemmelser både på kart og som egen tekst;4
1637;Lumberveien 5,7 og 9;Detaljregulering;35;Kun opprettet sak (foreløpig ikke annonsert);0;;Plan- og bygningsloven av 2008;6;På grunnen/vannoverflaten;2;Planbestemmelser både på kart og som egen tekst;4
1638;Justnesskauen 130;Detaljregulering;35;Planlegging igangsatt;1;;Plan- og bygningsloven av 2008;6;På grunnen/vannoverflaten;2;Med bestemmelser som egen tekst;1
1639;Tinnheia bydel;Områderegulering;34;Planforslag;2;;Plan- og bygningsloven av 2008;6;På grunnen/vannoverflaten;2;Planbestemmelser både på kart og som egen tekst;4
1640;Langenesåsen øst;Detaljregulering;35;Endelig vedtatt arealplan;3;28.08.2024;Plan- og bygningsloven av 2008;6;På grunnen/vannoverflaten;2;Planbestemmelser både på kart og som egen tekst;4
1641;Kirsten Flagstads vei 43;Detaljregulering;35;Endelig vedtatt arealplan;3;20.03.2024;Plan- og bygningsloven av 2008;6;På grunnen/vannoverflaten;2;Med bestemmelser som egen tekst;1
1642;Kongensgate 54 og Holbergsgate 4;Detaljregulering;35;Planforslag;2;;Plan- og bygningsloven av 2008;6;På grunnen/vannoverflaten;2;Planbestemmelser både på kart og som egen tekst;4
1643;Andøyveien fortau;Detaljregulering;35;Endelig vedtatt arealplan;3;24.01.2024;Plan- og bygningsloven av 2008;6;På grunnen/vannoverflaten;2;Planbestemmelser både på kart og som egen tekst;4
1644;Lagmannsholmen;Områderegulering;34;Planforslag;2;;Plan- og bygningsloven av 2008;6;På grunnen/vannoverflaten;2;Planbestemmelser både på kart og som egen tekst;4
1645;Randesund bydelsenter;Områderegulering;34;Planlegging igangsatt;1;;Plan- og bygningsloven av 2008;6;På grunnen/vannoverflaten;2;Med bestemmelser som egen tekst;1
1646;Ålefjærveien 55 og 57;Detaljregulering;35;Planlegging igangsatt;1;;Plan- og bygningsloven av 2008;6;På grunnen/vannoverflaten;2;Med bestemmelser som egen tekst;1
1647;Birkedalsveien 20;Detaljregulering;35;Endelig vedtatt arealplan;3;30.10.2024;Plan- og bygningsloven av 2008;6;På grunnen/vannoverflaten;2;Planbestemmelser både på kart og som egen tekst;4
1648;Kvartal 62;Detaljregulering;35;Planlegging igangsatt;1;;Plan- og bygningsloven av 2008;6;På grunnen/vannoverflaten;2;Med bestemmelser som egen tekst;1
1649;Andøyaveien 14-16;Detaljregulering;35;Uaktuell/trukket;10;;Plan- og bygningsloven av 2008;6;På grunnen/vannoverflaten;2;Planbestemmelser både på kart og som egen tekst;4
1650;Rona Torg;Detaljregulering;35;Planlegging igangsatt;1;;Plan- og bygningsloven av 2008;6;På grunnen/vannoverflaten;2;Med bestemmelser som egen tekst;1
1651;St Olavs vei 43;Detaljregulering;35;Endelig vedtatt arealplan;3;26.11.2025;Plan- og bygningsloven av 2008;6;På grunnen/vannoverflaten;2;Planbestemmelser både på kart og som egen tekst;4
1652;Vedderheia - del av felt H;Detaljregulering;35;Endelig vedtatt arealplan;3;18.06.2025;Plan- og bygningsloven av 2008;6;På grunnen/vannoverflaten;2;Planbestemmelser både på kart og som egen tekst;4
1653;Arenfeldts vei/Torridalesveien;Detaljregulering;35;Planlegging igangsatt;1;;Plan- og bygningsloven av 2008;6;På grunnen/vannoverflaten;2;Planbestemmelser både på kart og som egen tekst;4
1654;Eg sykehusområde - del av BOP1;Detaljregulering;35;Endelig vedtatt arealplan;3;26.11.2025;Plan- og bygningsloven av 2008;6;På grunnen/vannoverflaten;2;Planbestemmelser både på kart og som egen tekst;4
1655;Bellevue 15;Detaljregulering;35;Planlegging igangsatt;1;;Plan- og bygningsloven av 2008;6;På grunnen/vannoverflaten;2;Med bestemmelser som egen tekst;1
1656;Vollebakken 9;Detaljregulering;35;Kun opprettet sak (foreløpig ikke annonsert);0;;Plan- og bygningsloven av 2008;6;På grunnen/vannoverflaten;2;Planbestemmelser både på kart og som egen tekst;4
1657;Strømme N4 og N5;Detaljregulering;35;Planforslag;2;;Plan- og bygningsloven av 2008;6;På grunnen/vannoverflaten;2;Med bestemmelser som egen tekst;1
1658;Eg sykehusområde - delområde BOP5;Detaljregulering;35;Endelig vedtatt arealplan;3;26.03.2025;Plan- og bygningsloven av 2008;6;På grunnen/vannoverflaten;2;Planbestemmelser både på kart og som egen tekst;4
1659;Greipstad gamle kirkeveg 35-37;Detaljregulering;35;Planlegging igangsatt;1;;Plan- og bygningsloven av 2008;6;På grunnen/vannoverflaten;2;Med bestemmelser som egen tekst;1
1660;Steindalen 11/415  m.fl. - endring av plan;Detaljregulering;35;Endelig vedtatt arealplan;3;18.09.2024;Plan- og bygningsloven av 2008;6;På grunnen/vannoverflaten;2;Med bestemmelser som egen tekst;1
1661;Strai kjøkken;Detaljregulering;35;Endelig vedtatt arealplan;3;26.11.2025;Plan- og bygningsloven av 2008;6;På grunnen/vannoverflaten;2;Planbestemmelser både på kart og som egen tekst;4
1662;Støodden boligområde;Detaljregulering;35;Planlegging igangsatt;1;;Plan- og bygningsloven av 2008;6;På grunnen/vannoverflaten;2;Planbestemmelser både på kart og som egen tekst;4
1663;Sentrumsveien 10 til 14;Detaljregulering;35;Kun opprettet sak (foreløpig ikke annonsert);0;;Plan- og bygningsloven av 2008;6;På grunnen/vannoverflaten;2;Planbestemmelser både på kart og som egen tekst;4
1664;Fjellhalldeponi - Nikkelverket(Glencore);Detaljregulering;35;Endelig vedtatt arealplan;3;18.06.2025;Plan- og bygningsloven av 2008;6;Under grunnen (tunnel);1;Planbestemmelser både på kart og som egen tekst;4
1665;Lumberodden 62;Detaljregulering;35;Kun opprettet sak (foreløpig ikke annonsert);0;;Plan- og bygningsloven av 2008;6;På grunnen/vannoverflaten;2;Planbestemmelser både på kart og som egen tekst;4
1666;Stålveien;Detaljregulering;35;Planlegging igangsatt;1;;Plan- og bygningsloven av 2008;6;På grunnen/vannoverflaten;2;Planbestemmelser både på kart og som egen tekst;4
1667;Fv 490 Østre ringvei;Detaljregulering;35;Kun opprettet sak (foreløpig ikke annonsert);0;;Plan- og bygningsloven av 2008;6;På grunnen/vannoverflaten;2;Planbestemmelser både på kart og som egen tekst;4
1668;Brinken 2;Detaljregulering;35;Avvist;9;;Plan- og bygningsloven av 2008;6;På grunnen/vannoverflaten;2;Med bestemmelser som egen tekst;1
1669;Trolldalstien 11;Detaljregulering;35;Planlegging igangsatt;1;;Plan- og bygningsloven av 2008;6;På grunnen/vannoverflaten;2;Planbestemmelser både på kart og som egen tekst;4
166A;Torsvikheia - gnr. 59, bnr. 27;Bebyggelsesplan iht. reguleringsplan (PBL 1985);32;Endelig vedtatt arealplan;3;11.10.1968;Plan- og bygningsloven av 1985 eller før;5;På grunnen/vannoverflaten;2;Med bestemmelser som egen tekst;1
1670;Endring av reguleringsplan for Paulen 2/8;Detaljregulering;35;Planforslag;2;;Plan- og bygningsloven av 2008;6;På grunnen/vannoverflaten;2;Planbestemmelser både på kart og som egen tekst;4
1671;Fortau langs FV 3908 - Kilura - Andåsveien (del 2);Detaljregulering;35;Planlegging igangsatt;1;;Plan- og bygningsloven av 2008;6;På grunnen/vannoverflaten;2;Planbestemmelser både på kart og som egen tekst;4
1672;Eivind Jarls gate - fortau;Detaljregulering;35;Endelig vedtatt arealplan;3;24.09.2025;Plan- og bygningsloven av 2008;6;På grunnen/vannoverflaten;2;Planbestemmelser både på kart og som egen tekst;4
1673;Løbakken;Detaljregulering;35;Planlegging igangsatt;1;;Plan- og bygningsloven av 2008;6;På grunnen/vannoverflaten;2;Planbestemmelser både på kart og som egen tekst;4
1674;Lindebø/Skålevik - areal B del av B0;Detaljregulering;35;Endelig vedtatt arealplan;3;24.09.2025;Plan- og bygningsloven av 2008;6;På grunnen/vannoverflaten;2;Planbestemmelser både på kart og som egen tekst;4
1675;Bukksteinsdalen;Detaljregulering;35;Kun opprettet sak (foreløpig ikke annonsert);0;;Plan- og bygningsloven av 2008;6;På grunnen/vannoverflaten;2;Planbestemmelser både på kart og som egen tekst;4
1676;Salbostad, Søm;Detaljregulering;35;Kun opprettet sak (foreløpig ikke annonsert);0;;Plan- og bygningsloven av 2008;6;På grunnen/vannoverflaten;2;Planbestemmelser både på kart og som egen tekst;4
1677;Hånes barneskole og bydelshus - endring av reguleringsplan;Detaljregulering;35;Planforslag;2;;Plan- og bygningsloven av 2008;6;På grunnen/vannoverflaten;2;Planbestemmelser både på kart og som egen tekst;4
1678;Skalleråsen boligområde;Detaljregulering;35;Kun opprettet sak (foreløpig ikke annonsert);0;;Plan- og bygningsloven av 2008;6;På grunnen/vannoverflaten;2;Planbestemmelser både på kart og som egen tekst;4
1679;Åros feriesenter ;Detaljregulering;35;Endelig vedtatt arealplan;3;21.05.2025;Plan- og bygningsloven av 2008;6;På grunnen/vannoverflaten;2;Planbestemmelser både på kart og som egen tekst;4
1680;Bellevue 7 og 9;Detaljregulering;35;Kun opprettet sak (foreløpig ikke annonsert);0;;Plan- og bygningsloven av 2008;6;På grunnen/vannoverflaten;2;Planbestemmelser både på kart og som egen tekst;4
1681;Oddemarka - Tordenskjolds gate, sykkelekspressvei;Detaljregulering;35;Planlegging igangsatt;1;;Plan- og bygningsloven av 2008;6;På grunnen/vannoverflaten;2;Planbestemmelser både på kart og som egen tekst;4
1682;Skibåsen 39;Detaljregulering;35;Kun opprettet sak (foreløpig ikke annonsert);0;;Plan- og bygningsloven av 2008;6;På grunnen/vannoverflaten;2;Planbestemmelser både på kart og som egen tekst;4
1683;Kvartal 71 - østre del;Detaljregulering;35;Planforslag;2;;Plan- og bygningsloven av 2008;6;Under grunnen (tunnel), På grunnen/vannoverflaten;1, 2;Planbestemmelser både på kart og som egen tekst;4
1684;Lumberveien 8 mfl;Detaljregulering;35;Kun opprettet sak (foreløpig ikke annonsert);0;;Plan- og bygningsloven av 2008;6;På grunnen/vannoverflaten;2;Planbestemmelser både på kart og som egen tekst;4
1685;Kongsgård-Vige felt BN_2;Detaljregulering;35;Kun opprettet sak (foreløpig ikke annonsert);0;;Plan- og bygningsloven av 2008;6;På grunnen/vannoverflaten;2;Planbestemmelser både på kart og som egen tekst;4
1686;Rv. 41 Solsletta - Broen Bru;Detaljregulering;35;Planlegging igangsatt;1;;Plan- og bygningsloven av 2008;6;På grunnen/vannoverflaten;2;Planbestemmelser både på kart og som egen tekst;4
1687;Kollektivtrase Eg bru - Spicheren;Detaljregulering;35;Planlegging igangsatt;1;;Plan- og bygningsloven av 2008;6;På grunnen/vannoverflaten;2;Planbestemmelser både på kart og som egen tekst;4
1688;Kristiansand brannstasjon;Detaljregulering;35;Planlegging igangsatt;1;;Plan- og bygningsloven av 2008;6;På grunnen/vannoverflaten;2;Planbestemmelser både på kart og som egen tekst;4
1689;Bergshei sol og batteripark;Detaljregulering;35;Planlegging igangsatt;1;;Plan- og bygningsloven av 2008;6;På grunnen/vannoverflaten;2;Planbestemmelser både på kart og som egen tekst;4
1690;Sjøledning fra Høllen til Bredalsholmen;Detaljregulering;35;Kun opprettet sak (foreløpig ikke annonsert);0;;Plan- og bygningsloven av 2008;6;På grunnen/vannoverflaten, På bunnen (vann/sjø);2, 4;Planbestemmelser både på kart og som egen tekst;4
1691;Kjellandsheia syd - delområde B301 og B302;Detaljregulering;35;Kun opprettet sak (foreløpig ikke annonsert);0;;Plan- og bygningsloven av 2008;6;På grunnen/vannoverflaten;2;Planbestemmelser både på kart og som egen tekst;4
199A;Jærnesskogen - Jærnes terrasse;Bebyggelsesplan iht. reguleringsplan (PBL 1985);32;Endelig vedtatt arealplan;3;19.12.1974;Plan- og bygningsloven av 1985 eller før;5;På grunnen/vannoverflaten;2;Planbestemmelser både på kart og som egen tekst;4
199B;Skinnerheia  ( KOBB );Bebyggelsesplan iht. reguleringsplan (PBL 1985);32;Endelig vedtatt arealplan;3;27.04.1972;Plan- og bygningsloven av 1985 eller før;5;På grunnen/vannoverflaten;2;Planbestemmelser både på kart og som egen tekst;4
246A;Åsane - felt C, Hyllebakken;Bebyggelsesplan iht. reguleringsplan (PBL 1985);32;Endelig vedtatt arealplan;3;18.06.1974;Plan- og bygningsloven av 1985 eller før;5;På grunnen/vannoverflaten;2;Planbestemmelser både på kart og som egen tekst;4
255A;Hellemyrområdet 1, konsentrert småhusområde;Bebyggelsesplan iht. reguleringsplan (PBL 1985);32;Endelig vedtatt arealplan;3;12.10.1971;Plan- og bygningsloven av 1985 eller før;5;På grunnen/vannoverflaten;2;Planbestemmelser både på kart og som egen tekst;4
259A;Briggveien;Bebyggelsesplan iht. reguleringsplan (PBL 1985);32;Endelig vedtatt arealplan;3;28.06.1973;Plan- og bygningsloven av 1985 eller før;5;På grunnen/vannoverflaten;2;;
262A;Justvik bydelssenter;Bebyggelsesplan iht. reguleringsplan (PBL 1985);32;Endelig vedtatt arealplan;3;23.10.1986;Plan- og bygningsloven av 1985 eller før;5;På grunnen/vannoverflaten;2;;
280A;Lindebø Skålevik felt A,  areal 5;Bebyggelsesplan iht. reguleringsplan (PBL 1985);32;Endelig vedtatt arealplan;3;19.06.1996;Plan- og bygningsloven av 1985 eller før;5;På grunnen/vannoverflaten;2;;
287A;TREKANTEN, MOSBY;Bebyggelsesplan iht. reguleringsplan (PBL 1985);32;Endelig vedtatt arealplan;3;19.06.1975;Plan- og bygningsloven av 1985 eller før;5;På grunnen/vannoverflaten;2;Med bestemmelser som egen tekst;1
314A;Bleget/Fagerholt felt 1;Bebyggelsesplan iht. reguleringsplan (PBL 1985);32;Endelig vedtatt arealplan;3;13.09.1979;Bygningsloven av 1965;3;På grunnen/vannoverflaten;2;Planbestemmelser både på kart og som egen tekst;4
314B;Bleget/Fagerholt felt 4 og 5;Bebyggelsesplan iht. reguleringsplan (PBL 1985);32;Endelig vedtatt arealplan;3;30.11.1978;Plan- og bygningsloven av 1985 eller før;5;På grunnen/vannoverflaten;2;Planbestemmelser både på kart og som egen tekst;4
336A;Hånes felt C, Brattbakken;Bebyggelsesplan iht. reguleringsplan (PBL 1985);32;Endelig vedtatt arealplan;3;15.11.1979;Plan- og bygningsloven av 1985 eller før;5;På grunnen/vannoverflaten;2;Planbestemmelser både på kart og som egen tekst;4
350A;Torsvikheia felt H;Bebyggelsesplan iht. reguleringsplan (PBL 1985);32;Endelig vedtatt arealplan;3;20.09.1979;Plan- og bygningsloven av 1985 eller før;5;På grunnen/vannoverflaten;2;Planbestemmelser både på kart og som egen tekst;4
351A;Hånes felt BF (Filippa);Bebyggelsesplan iht. reguleringsplan (PBL 1985);32;Endelig vedtatt arealplan;3;26.05.1983;Plan- og bygningsloven av 1985 eller før;5;På grunnen/vannoverflaten;2;Planbestemmelser både på kart og som egen tekst;4
351B;Hånes B - småhusområde;Bebyggelsesplan iht. reguleringsplan (PBL 1985);32;Endelig vedtatt arealplan;3;31.03.1981;Plan- og bygningsloven av 1985 eller før;5;På grunnen/vannoverflaten;2;Uten bestemmelser;2
406A;Hånes felt E2;Bebyggelsesplan iht. reguleringsplan (PBL 1985);32;Endelig vedtatt arealplan;3;04.10.1983;Plan- og bygningsloven av 1985 eller før;5;På grunnen/vannoverflaten;2;Med bestemmelser som egen tekst;1
412A;Korsvik felt D - nordre del (Lian platå);Bebyggelsesplan iht. reguleringsplan (PBL 1985);32;Endelig vedtatt arealplan;3;10.09.1984;Plan- og bygningsloven av 1985 eller før;5;På grunnen/vannoverflaten;2;Planbestemmelser både på kart og som egen tekst;4
412B;Korsvik felt D, areal C-D-E-F-G-H. Korsvikkilen;Bebyggelsesplan iht. reguleringsplan (PBL 1985);32;Endelig vedtatt arealplan;3;29.10.1986;Plan- og bygningsloven av 1985 eller før;5;På grunnen/vannoverflaten;2;Planbestemmelser både på kart og som egen tekst;4
412C;Korsvik felt G -areal T-U-V-W;Bebyggelsesplan iht. reguleringsplan (PBL 1985);32;Endelig vedtatt arealplan;3;24.06.1985;Plan- og bygningsloven av 1985 eller før;5;På grunnen/vannoverflaten;2;Planbestemmelser både på kart og som egen tekst;4
412D;Korsvik felt G - areal X;Bebyggelsesplan iht. reguleringsplan (PBL 1985);32;Endelig vedtatt arealplan;3;18.11.1986;Plan- og bygningsloven av 1985 eller før;5;På grunnen/vannoverflaten;2;Planbestemmelser både på kart og som egen tekst;4
412E;Korsvik felt G, areal R-S-Æ-Z-Y. Korsvikhaven;Bebyggelsesplan iht. reguleringsplan (PBL 1985);32;Endelig vedtatt arealplan;3;30.03.1987;Plan- og bygningsloven av 1985 eller før;5;På grunnen/vannoverflaten;2;Planbestemmelser både på kart og som egen tekst;4
412F;Korsvik felt G, areal M-N-O-P-Q-R. Liankollen;Bebyggelsesplan iht. reguleringsplan (PBL 1985);32;Endelig vedtatt arealplan;3;22.02.1988;Plan- og bygningsloven av 1985 eller før;5;På grunnen/vannoverflaten;2;Planbestemmelser både på kart og som egen tekst;4
412G;Korsvik felt G, areal 97/4 OG 97/148 m.fl.;Bebyggelsesplan iht. reguleringsplan (PBL 1985);32;Endelig vedtatt arealplan;3;22.02.1988;Plan- og bygningsloven av 1985 eller før;5;På grunnen/vannoverflaten;2;Planbestemmelser både på kart og som egen tekst;4
412H;Korsvik, gnr. 97, bnr. 11 og del av gnr. 97, bnr. 3;Bebyggelsesplan iht. reguleringsplan (PBL 1985);32;Endelig vedtatt arealplan;3;20.04.1988;Plan- og bygningsloven av 1985 eller før;5;På grunnen/vannoverflaten;2;Planbestemmelser både på kart og som egen tekst;4
418A;Høietun 2 D;Bebyggelsesplan iht. reguleringsplan (PBL 1985);32;Endelig vedtatt arealplan;3;21.06.1984;Plan- og bygningsloven av 1985 eller før;5;På grunnen/vannoverflaten;2;Planbestemmelser både på kart og som egen tekst;4
418B;Høietun 272 - 286;Bebyggelsesplan iht. reguleringsplan (PBL 1985);32;Endelig vedtatt arealplan;3;11.01.2001;Plan- og bygningsloven av 1985 eller før;5;På grunnen/vannoverflaten;2;Planbestemmelser både på kart og som egen tekst;4
461A;Odderhei;Bebyggelsesplan iht. reguleringsplan (PBL 1985);32;Endelig vedtatt arealplan;3;29.09.1988;Plan- og bygningsloven av 1985 eller før;5;På grunnen/vannoverflaten;2;Planbestemmelser både på kart og som egen tekst;4
503A;Gnr. 14, bnr. 15 Vågsbygdveien 22;Bebyggelsesplan iht. reguleringsplan (PBL 1985);32;Endelig vedtatt arealplan;3;26.04.1990;Plan- og bygningsloven av 1985 eller før;5;På grunnen/vannoverflaten;2;Med bestemmelser som egen tekst;1
511A;Nedre Brattbakken 2-8;Bebyggelsesplan iht. reguleringsplan (PBL 1985);32;Endelig vedtatt arealplan;3;19.08.2004;Plan- og bygningsloven av 1985 eller før;5;På grunnen/vannoverflaten;2;Planbestemmelser både på kart og som egen tekst;4
517A;Hannevikdalen ind.omr.felt Dalbo;Eldre reguleringsplan (PBL 1985);30;Utgått/erstattet;5;27.01.1993;Plan- og bygningsloven av 1985 eller før;5;På grunnen/vannoverflaten;2;Med bestemmelser som egen tekst;1
518A;Andøya, felt B1;Bebyggelsesplan iht. reguleringsplan (PBL 1985);32;Endelig vedtatt arealplan;3;11.02.1988;Plan- og bygningsloven av 1985 eller før;5;På grunnen/vannoverflaten;2;Planbestemmelser både på kart og som egen tekst;4
518B;Andøya, felt B1a;Bebyggelsesplan iht. reguleringsplan (PBL 1985);32;Endelig vedtatt arealplan;3;05.12.1988;Plan- og bygningsloven av 1985 eller før;5;På grunnen/vannoverflaten;2;Planbestemmelser både på kart og som egen tekst;4
518C;Andøya, felt B2;Bebyggelsesplan iht. reguleringsplan (PBL 1985);32;Endelig vedtatt arealplan;3;27.04.1989;Plan- og bygningsloven av 1985 eller før;5;På grunnen/vannoverflaten;2;Planbestemmelser både på kart og som egen tekst;4
518D;Andøya, felt B3;Bebyggelsesplan iht. reguleringsplan (PBL 1985);32;Endelig vedtatt arealplan;3;31.10.1989;Plan- og bygningsloven av 1985 eller før;5;På grunnen/vannoverflaten;2;Med bestemmelser som egen tekst;1
518E;Andøya, felt B4;Bebyggelsesplan iht. reguleringsplan (PBL 1985);32;Endelig vedtatt arealplan;3;26.05.1988;Plan- og bygningsloven av 1985 eller før;5;På grunnen/vannoverflaten;2;Planbestemmelser både på kart og som egen tekst;4
518F;Andøya, felt B5, B7, B8;Bebyggelsesplan iht. reguleringsplan (PBL 1985);32;Endelig vedtatt arealplan;3;23.05.1991;Plan- og bygningsloven av 1985 eller før;5;På grunnen/vannoverflaten;2;Planbestemmelser både på kart og som egen tekst;4
518G;Andøya, felt B6;Bebyggelsesplan iht. reguleringsplan (PBL 1985);32;Endelig vedtatt arealplan;3;11.02.1988;Plan- og bygningsloven av 1985 eller før;5;På grunnen/vannoverflaten;2;Planbestemmelser både på kart og som egen tekst;4
518H;Andøya, felt B5a og B7;Bebyggelsesplan iht. reguleringsplan (PBL 1985);32;Endelig vedtatt arealplan;3;27.09.1990;Plan- og bygningsloven av 1985 eller før;5;På grunnen/vannoverflaten;2;Med bestemmelser som egen tekst;1
520B;Bråvann felt B2;Eldre reguleringsplan (PBL 1985);30;Endelig vedtatt arealplan;3;01.11.1989;Plan- og bygningsloven av 1985 eller før;5;På grunnen/vannoverflaten;2;Planbestemmelser både på kart og som egen tekst;4
521A;Vågsbygd bolig, service - og rehab.senter;Bebyggelsesplan iht. reguleringsplan (PBL 1985);32;Endelig vedtatt arealplan;3;14.06.1989;Plan- og bygningsloven av 1985 eller før;5;På grunnen/vannoverflaten;2;Med bestemmelser som egen tekst;1
538A;Gangdalen nord;Bebyggelsesplan iht. reguleringsplan (PBL 1985);32;Endelig vedtatt arealplan;3;10.06.1999;Plan- og bygningsloven av 1985 eller før;5;På grunnen/vannoverflaten;2;Planbestemmelser både på kart og som egen tekst;4
538B;Gangdalen  nord - felt I del 2;Bebyggelsesplan iht. reguleringsplan (PBL 1985);32;Endelig vedtatt arealplan;3;29.01.2004;Plan- og bygningsloven av 1985 eller før;5;På grunnen/vannoverflaten;2;Planbestemmelser både på kart og som egen tekst;4
538C;Gangdalen nord, felt C;Bebyggelsesplan iht. reguleringsplan (PBL 1985);32;Endelig vedtatt arealplan;3;21.06.2007;Plan- og bygningsloven av 1985 eller før;5;På grunnen/vannoverflaten;2;Planbestemmelser både på kart og som egen tekst;4
565A;Kirsten Flagstadsvei 14 - 16;Bebyggelsesplan iht. reguleringsplan (PBL 1985);32;Opphevet;4;27.08.1992;Plan- og bygningsloven av 1985 eller før;5;På grunnen/vannoverflaten;2;Med bestemmelser som egen tekst;1
573A;Gnr.2, bnr.21, felt C;Bebyggelsesplan iht. reguleringsplan (PBL 1985);32;Endelig vedtatt arealplan;3;19.10.1995;Plan- og bygningsloven av 1985 eller før;5;På grunnen/vannoverflaten;2;Med bestemmelser som egen tekst;1
605A;Dvergsnes areal B, felt B1;Bebyggelsesplan iht. reguleringsplan (PBL 1985);32;Endelig vedtatt arealplan;3;24.06.2004;Plan- og bygningsloven av 1985 eller før;5;På grunnen/vannoverflaten;2;Planbestemmelser både på kart og som egen tekst;4
610A;Slettheia 8, byggetrinn 1;Bebyggelsesplan iht. reguleringsplan (PBL 1985);32;Endelig vedtatt arealplan;3;27.02.1992;Plan- og bygningsloven av 1985 eller før;5;På grunnen/vannoverflaten;2;Planbestemmelser både på kart og som egen tekst;4
610B;Slettheia 8, byggetrinn 2 og 3;Bebyggelsesplan iht. reguleringsplan (PBL 1985);32;Endelig vedtatt arealplan;3;07.10.1993;Plan- og bygningsloven av 1985 eller før;5;På grunnen/vannoverflaten;2;Planbestemmelser både på kart og som egen tekst;4
636A;Buane hytteområdet;Bebyggelsesplan iht. reguleringsplan (PBL 1985);32;Endelig vedtatt arealplan;3;03.11.1999;Plan- og bygningsloven av 1985 eller før;5;På grunnen/vannoverflaten;2;Med bestemmelser som egen tekst;1
641A;Lund helse- og sosialsenter;Bebyggelsesplan iht. reguleringsplan (PBL 1985);32;Endelig vedtatt arealplan;3;22.06.1995;Plan- og bygningsloven av 1985 eller før;5;På grunnen/vannoverflaten;2;Planbestemmelser både på kart og som egen tekst;4
657A;GNR. 62, BNR. 2 Bamåsen;Bebyggelsesplan iht. reguleringsplan (PBL 1985);32;Endelig vedtatt arealplan;3;18.04.1996;Plan- og bygningsloven av 1985 eller før;5;På grunnen/vannoverflaten;2;Planbestemmelser både på kart og som egen tekst;4
657B;Gnr. 62, bnr. 72. Hydro/Texaco;Eldre reguleringsplan (PBL 1985);30;Endelig vedtatt arealplan;3;27.06.2001;Plan- og bygningsloven av 1985 eller før;5;På grunnen/vannoverflaten;2;Planbestemmelser både på kart og som egen tekst;4
668A;Vestre Strømme - felt N11A og B;Bebyggelsesplan iht. reguleringsplan (PBL 1985);32;Endelig vedtatt arealplan;3;17.10.1996;Plan- og bygningsloven av 1985 eller før;5;På grunnen/vannoverflaten;2;Planbestemmelser både på kart og som egen tekst;4
668B;Strømme/Korsvik - felt N7;Bebyggelsesplan iht. reguleringsplan (PBL 1985);32;Endelig vedtatt arealplan;3;18.12.1997;Plan- og bygningsloven av 1985 eller før;5;På grunnen/vannoverflaten;2;Planbestemmelser både på kart og som egen tekst;4
668C;Vestre Strømme - felt N8;Bebyggelsesplan iht. reguleringsplan (PBL 1985);32;Endelig vedtatt arealplan;3;08.09.1999;Plan- og bygningsloven av 1985 eller før;5;På grunnen/vannoverflaten;2;Planbestemmelser både på kart og som egen tekst;4
668D;Strømme/Korsvik - felt N3;Bebyggelsesplan iht. reguleringsplan (PBL 1985);32;Endelig vedtatt arealplan;3;21.09.2000;Plan- og bygningsloven av 1985 eller før;5;På grunnen/vannoverflaten;2;Planbestemmelser både på kart og som egen tekst;4
668E;Strømme/Korsvik - felt N6;Bebyggelsesplan iht. reguleringsplan (PBL 1985);32;Endelig vedtatt arealplan;3;11.04.2002;Plan- og bygningsloven av 1985 eller før;5;På grunnen/vannoverflaten;2;Planbestemmelser både på kart og som egen tekst;4
668F;Strømmeområdet - felt O2, Randesund kirke;Bebyggelsesplan iht. reguleringsplan (PBL 1985);32;Endelig vedtatt arealplan;3;30.05.2002;Plan- og bygningsloven av 1985 eller før;5;På grunnen/vannoverflaten;2;Planbestemmelser både på kart og som egen tekst;4
672A;Dvergsnes areal  A - delfelt 1;Eldre reguleringsplan (PBL 1985);30;Endelig vedtatt arealplan;3;14.09.2005;Plan- og bygningsloven av 1985 eller før;5;På grunnen/vannoverflaten;2;Planbestemmelser både på kart og som egen tekst;4
677A;Strømme felt M, Veslefrikkv. 3,5,7,17,19,21;Bebyggelsesplan iht. reguleringsplan (PBL 1985);32;Endelig vedtatt arealplan;3;18.12.1997;Plan- og bygningsloven av 1985 eller før;5;På grunnen/vannoverflaten;2;Planbestemmelser både på kart og som egen tekst;4
691A;Bråvann B4, delfelt B, endr. av Kjos ringvei - Bråvann B4;Eldre reguleringsplan (PBL 1985);30;Endelig vedtatt arealplan;3;08.06.2000;Plan- og bygningsloven av 1985 eller før;5;På grunnen/vannoverflaten;2;Planbestemmelser både på kart og som egen tekst;4
691B;Bråvann B4, delfelt A endr. av Kjos ringvei - Bråvann B4;Eldre reguleringsplan (PBL 1985);30;Endelig vedtatt arealplan;3;14.12.2000;Plan- og bygningsloven av 1985 eller før;5;På grunnen/vannoverflaten;2;Planbestemmelser både på kart og som egen tekst;4
701A;E18 Bjørndalssletta- Gartnerløkka, Endring av IV Bjørndalssletta;Eldre reguleringsplan (PBL 1985);30;Endelig vedtatt arealplan;3;07.11.2001;Plan- og bygningsloven av 1985 eller før;5;På grunnen/vannoverflaten;2;Planbestemmelser både på kart og som egen tekst;4
707A;Gimlemoen høgskole - ny adkomstvei Hia, rev.plan;Eldre reguleringsplan (PBL 1985);30;Endelig vedtatt arealplan;3;07.11.2001;Plan- og bygningsloven av 1985 eller før;5;På grunnen/vannoverflaten;2;Uten bestemmelser;2
729A;Hånestangen  B3A, B4 og B5;Bebyggelsesplan iht. reguleringsplan (PBL 1985);32;Endelig vedtatt arealplan;3;25.03.1999;Plan- og bygningsloven av 1985 eller før;5;På grunnen/vannoverflaten;2;Planbestemmelser både på kart og som egen tekst;4
729B;Hånestangen-område B2, Lindåkerbakken;Bebyggelsesplan iht. reguleringsplan (PBL 1985);32;Endelig vedtatt arealplan;3;28.11.2002;Plan- og bygningsloven av 1985 eller før;5;På grunnen/vannoverflaten;2;Planbestemmelser både på kart og som egen tekst;4
733A;Presteheia - barnehage felt O3 (endring);Eldre reguleringsplan (PBL 1985);30;Endelig vedtatt arealplan;3;06.12.2000;Plan- og bygningsloven av 1985 eller før;5;På grunnen/vannoverflaten;2;Planbestemmelser både på kart og som egen tekst;4
733B;Presteheia, felt B3 samt del av B7;Bebyggelsesplan iht. reguleringsplan (PBL 1985);32;Endelig vedtatt arealplan;3;28.11.2002;Plan- og bygningsloven av 1985 eller før;5;På grunnen/vannoverflaten;2;Planbestemmelser både på kart og som egen tekst;4
735A;Kjøita, område B4 og B5;Bebyggelsesplan iht. reguleringsplan (PBL 1985);32;Endelig vedtatt arealplan;3;24.06.1999;Plan- og bygningsloven av 1985 eller før;5;På grunnen/vannoverflaten;2;Med bestemmelser som egen tekst;1
735B;KJØITA - OMRÅDE F/K 4;Bebyggelsesplan iht. reguleringsplan (PBL 1985);32;Utgått/erstattet;5;08.06.2000;Plan- og bygningsloven av 1985 eller før;5;På grunnen/vannoverflaten;2;Med bestemmelser som egen tekst;1
735C;Kjøyta område F/K 2;Bebyggelsesplan iht. reguleringsplan (PBL 1985);32;Endelig vedtatt arealplan;3;11.10.2001;Plan- og bygningsloven av 1985 eller før;5;På grunnen/vannoverflaten;2;Planbestemmelser både på kart og som egen tekst;4
739A;BISPEGRA 41;Bebyggelsesplan iht. reguleringsplan (PBL 1985);32;Utgått/erstattet;5;08.11.2007;Plan- og bygningsloven av 1985 eller før;5;På grunnen/vannoverflaten;2;Med bestemmelser som egen tekst;1
741A;Tømmerstø felt Fidje felt B1;Bebyggelsesplan iht. reguleringsplan (PBL 1985);32;Endelig vedtatt arealplan;3;25.06.1998;Plan- og bygningsloven av 1985 eller før;5;På grunnen/vannoverflaten;2;Planbestemmelser både på kart og som egen tekst;4
741B;Tømmerstø felt Fidje - Holte skole;Bebyggelsesplan iht. reguleringsplan (PBL 1985);32;Endelig vedtatt arealplan;3;14.12.2000;Plan- og bygningsloven av 1985 eller før;5;På grunnen/vannoverflaten;2;Planbestemmelser både på kart og som egen tekst;4
741C;Tømmerstø, felt Fidje - delfelt B2 OG B7;Bebyggelsesplan iht. reguleringsplan (PBL 1985);32;Endelig vedtatt arealplan;3;29.03.2001;Plan- og bygningsloven av 1985 eller før;5;På grunnen/vannoverflaten;2;Planbestemmelser både på kart og som egen tekst;4
741E;Tømmerstø felt Fidje B3 OG B6;Bebyggelsesplan iht. reguleringsplan (PBL 1985);32;Endelig vedtatt arealplan;3;04.03.2004;Plan- og bygningsloven av 1985 eller før;5;På grunnen/vannoverflaten;2;Planbestemmelser både på kart og som egen tekst;4
746A;Solvang Gnr.151 bnr. 1227 og 1232, gjenværende del etter omregulering;Eldre reguleringsplan (PBL 1985);30;Endelig vedtatt arealplan;3;21.04.1999;Plan- og bygningsloven av 1985 eller før;5;På grunnen/vannoverflaten;2;Med bestemmelser som egen tekst;1
746B;Solvang Gnr. 151 bnr. 1227 OG 1232, endret;Eldre reguleringsplan (PBL 1985);30;Endelig vedtatt arealplan;3;11.10.2000;Plan- og bygningsloven av 1985 eller før;5;På grunnen/vannoverflaten;2;Planbestemmelser både på kart og som egen tekst;4
771A;Gimlemoen øst, felt R-A, samt del av felt P;Bebyggelsesplan iht. reguleringsplan (PBL 1985);32;Endelig vedtatt arealplan;3;13.01.2000;Plan- og bygningsloven av 1985 eller før;5;På grunnen/vannoverflaten;2;Planbestemmelser både på kart og som egen tekst;4
771B;Gimlemoen  vest, felt L;Bebyggelsesplan iht. reguleringsplan (PBL 1985);32;Endelig vedtatt arealplan;3;14.12.2000;Plan- og bygningsloven av 1985 eller før;5;På grunnen/vannoverflaten;2;Planbestemmelser både på kart og som egen tekst;4
771C;Gimlemoen øst, felt O;Bebyggelsesplan iht. reguleringsplan (PBL 1985);32;Endelig vedtatt arealplan;3;23.03.2006;Plan- og bygningsloven av 1985 eller før;5;På grunnen/vannoverflaten;2;Med bestemmelser som egen tekst;1
775A;DVERGSNES FELT B,tilknytning til dvergsnesveien;Bebyggelsesplan iht. reguleringsplan (PBL 1985);32;Utgått/erstattet;5;24.10.2002;Plan- og bygningsloven av 1985 eller før;5;På grunnen/vannoverflaten;2;Med bestemmelser som egen tekst;1
786A;HANNEVIKA OMRÅDE A, (Hennig Olsen);Bebyggelsesplan iht. reguleringsplan (PBL 1985);32;Utgått/erstattet;5;22.06.2005;Plan- og bygningsloven av 1985 eller før;5;På grunnen/vannoverflaten;2;Med bestemmelser som egen tekst;1
786B;HANNEVIKA, AREAL B OG DEL AV AREAL C;Bebyggelsesplan iht. reguleringsplan (PBL 1985);32;Uaktuell/trukket;10;;Plan- og bygningsloven av 1985 eller før;5;På grunnen/vannoverflaten;2;Med bestemmelser som egen tekst;1
804A;Lauvåsen boligområde - Felt B3 - bebyggelsesplan;Bebyggelsesplan iht. reguleringsplan (PBL 1985);32;Uaktuell/trukket;10;;Plan- og bygningsloven av 1985;4;På grunnen/vannoverflaten;2;;
804B;Lauvåsen, felt B4;Bebyggelsesplan iht. reguleringsplan (PBL 1985);32;Endelig vedtatt arealplan;3;08.04.2010;Plan- og bygningsloven av 1985 eller før;5;På grunnen/vannoverflaten;2;Planbestemmelser både på kart og som egen tekst;4
804C;LAUVÅSEN FELT N3;Detaljregulering;35;Utgått/erstattet;5;08.06.2011;Plan- og bygningsloven av 2008;6;På grunnen/vannoverflaten;2;Med bestemmelser som egen tekst;1
816A;Odderhei 2, felt I1;Bebyggelsesplan iht. reguleringsplan (PBL 1985);32;Endelig vedtatt arealplan;3;16.11.2006;Plan- og bygningsloven av 1985 eller før;5;På grunnen/vannoverflaten;2;Planbestemmelser både på kart og som egen tekst;4
891A;Tangen, delfelt B2-1;Bebyggelsesplan iht. reguleringsplan (PBL 1985);32;Endelig vedtatt arealplan;3;23.02.2006;Plan- og bygningsloven av 1985 eller før;5;Under grunnen (tunnel), På grunnen/vannoverflaten;1, 2;Planbestemmelser både på kart og som egen tekst;4
891B;Tangen, delfelt B2-2;Bebyggelsesplan iht. reguleringsplan (PBL 1985);32;Endelig vedtatt arealplan;3;22.11.2007;Plan- og bygningsloven av 1985 eller før;5;Under grunnen (tunnel), På grunnen/vannoverflaten;1, 2;Planbestemmelser både på kart og som egen tekst;4
891C;Tangen, delfelt B2-3, B2-4, B2-5.;Bebyggelsesplan iht. reguleringsplan (PBL 1985);32;Endelig vedtatt arealplan;3;13.03.2008;Plan- og bygningsloven av 1985 eller før;5;Under grunnen (tunnel), På grunnen/vannoverflaten;1, 2;Planbestemmelser både på kart og som egen tekst;4
893A;Sørlandsparken, felt K/I-15;Bebyggelsesplan iht. reguleringsplan (PBL 1985);32;Endelig vedtatt arealplan;3;29.09.2005;Plan- og bygningsloven av 1985 eller før;5;På grunnen/vannoverflaten;2;Planbestemmelser både på kart og som egen tekst;4
893B;Sørlandsparken, felt F/K-9, F-4 OG Fa2;Bebyggelsesplan iht. reguleringsplan (PBL 1985);32;Endelig vedtatt arealplan;3;23.02.2006;Plan- og bygningsloven av 1985 eller før;5;På grunnen/vannoverflaten;2;Planbestemmelser både på kart og som egen tekst;4
893C;Sørlandsparken, felt F-5;Bebyggelsesplan iht. reguleringsplan (PBL 1985);32;Endelig vedtatt arealplan;3;16.11.2006;Plan- og bygningsloven av 1985 eller før;5;På grunnen/vannoverflaten;2;Planbestemmelser både på kart og som egen tekst;4
893D;Sørlandsparken deler av felt F/K/I-6;Bebyggelsesplan iht. reguleringsplan (PBL 1985);32;Endelig vedtatt arealplan;3;19.10.2006;Plan- og bygningsloven av 1985 eller før;5;På grunnen/vannoverflaten;2;Planbestemmelser både på kart og som egen tekst;4
893E;Sørlandsparken - felt K/I  3 - 9;Bebyggelsesplan iht. reguleringsplan (PBL 1985);32;Uaktuell/trukket;10;;Plan- og bygningsloven av 1985;4;På grunnen/vannoverflaten;2;;
893F;Sørlandsparken, felt F/K/I 12;Bebyggelsesplan iht. reguleringsplan (PBL 1985);32;Uaktuell/trukket;10;;Plan- og bygningsloven av 1985 eller før;5;På grunnen/vannoverflaten;2;Med bestemmelser som egen tekst;1
893G;Sørlandsparken, felt F/K/I 5;Bebyggelsesplan iht. reguleringsplan (PBL 1985);32;Endelig vedtatt arealplan;3;07.06.2007;Plan- og bygningsloven av 1985 eller før;5;På grunnen/vannoverflaten;2;Planbestemmelser både på kart og som egen tekst;4
893H;Sørlandsparken, FELT K/I-18;Bebyggelsesplan iht. reguleringsplan (PBL 1985);32;Utgått/erstattet;5;06.04.2006;Plan- og bygningsloven av 1985 eller før;5;På grunnen/vannoverflaten;2;Med bestemmelser som egen tekst;1
893J;Sørlandsparken F/K/I-3;Bebyggelsesplan iht. reguleringsplan (PBL 1985);32;Endelig vedtatt arealplan;3;20.12.2007;Plan- og bygningsloven av 1985 eller før;5;På grunnen/vannoverflaten;2;Planbestemmelser både på kart og som egen tekst;4
893K;Sørlandsparken F/K/-10;Bebyggelsesplan iht. reguleringsplan (PBL 1985);32;Utgått/erstattet;5;18.12.2008;Plan- og bygningsloven av 1985 eller før;5;På grunnen/vannoverflaten;2;Med bestemmelser som egen tekst;1
893L;Sørlandsparken delfelt  F/K/I-4;Bebyggelsesplan iht. reguleringsplan (PBL 1985);32;Endelig vedtatt arealplan;3;28.08.2008;Plan- og bygningsloven av 1985 eller før;5;På grunnen/vannoverflaten;2;Planbestemmelser både på kart og som egen tekst;4
893M;Sørlandsparken F/K/I-13;Bebyggelsesplan iht. reguleringsplan (PBL 1985);32;Endelig vedtatt arealplan;3;30.10.2008;Plan- og bygningsloven av 1985 eller før;5;På grunnen/vannoverflaten;2;Med bestemmelser som egen tekst;1
893N;Sørlandsparken felt K/I 2;Bebyggelsesplan iht. reguleringsplan (PBL 1985);32;Endelig vedtatt arealplan;3;26.03.2009;Plan- og bygningsloven av 1985 eller før;5;På grunnen/vannoverflaten;2;Planbestemmelser både på kart og som egen tekst;4
898A;EIDET felt EB1;Bebyggelsesplan iht. reguleringsplan (PBL 1985);32;Uaktuell/trukket;10;;Plan- og bygningsloven av 1985 eller før;5;På grunnen/vannoverflaten;2;Med bestemmelser som egen tekst;1
899A;Justneshalvøya - felt A1, A2 og C2;Bebyggelsesplan iht. reguleringsplan (PBL 1985);32;Endelig vedtatt arealplan;3;16.08.2007;Plan- og bygningsloven av 1985 eller før;5;På grunnen/vannoverflaten;2;Med bestemmelser som egen tekst;1
899B;Justneshalvøya, felt C1;Bebyggelsesplan iht. reguleringsplan (PBL 1985);32;Endelig vedtatt arealplan;3;28.05.2009;Plan- og bygningsloven av 1985 eller før;5;På grunnen/vannoverflaten;2;Planbestemmelser både på kart og som egen tekst;4
899C;Justneshalvøya, felt B1;Detaljregulering;35;Endelig vedtatt arealplan;3;22.06.2011;Plan- og bygningsloven av 2008;6;På grunnen/vannoverflaten;2;Planbestemmelser både på kart og som egen tekst;4
899D;Justneshalvøya, felt C3.;Detaljregulering;35;Endelig vedtatt arealplan;3;16.01.2013;Plan- og bygningsloven av 2008;6;På grunnen/vannoverflaten;2;Planbestemmelser både på kart og som egen tekst;4
914A;Havlimyra oppvekstsenter;Bebyggelsesplan iht. reguleringsplan (PBL 1985);32;Endelig vedtatt arealplan;3;06.12.2007;Plan- og bygningsloven av 1985 eller før;5;På grunnen/vannoverflaten;2;Planbestemmelser både på kart og som egen tekst;4
966A;TORSVIKA - FOTBALLSTADION;Eldre reguleringsplan (PBL 1985);30;Utgått/erstattet;5;07.12.2005;Plan- og bygningsloven av 1985 eller før;5;På grunnen/vannoverflaten;2;Med bestemmelser som egen tekst;1
966B;Torsviga - fotballstadion;Eldre reguleringsplan (PBL 1985);30;Endelig vedtatt arealplan;3;18.10.2006;Plan- og bygningsloven av 1985 eller før;5;På grunnen/vannoverflaten;2;Planbestemmelser både på kart og som egen tekst;4
975A;Kongsgård/Vige, felt B4;Bebyggelsesplan iht. reguleringsplan (PBL 1985);32;Endelig vedtatt arealplan;3;16.11.2006;Plan- og bygningsloven av 1985 eller før;5;På grunnen/vannoverflaten;2;Planbestemmelser både på kart og som egen tekst;4
975B;Kongsgård/Vige, felt H1a-b, H4a-b;Bebyggelsesplan iht. reguleringsplan (PBL 1985);32;Endelig vedtatt arealplan;3;29.10.2009;Plan- og bygningsloven av 1985 eller før;5;På grunnen/vannoverflaten;2;Planbestemmelser både på kart og som egen tekst;4
975C;KONGSGÅRD/VIGE, FELT B2;Bebyggelsesplan iht. reguleringsplan (PBL 1985);32;Uaktuell/trukket;10;;Plan- og bygningsloven av 1985 eller før;5;På grunnen/vannoverflaten;2;Med bestemmelser som egen tekst;1
975E;Kongsgård/Vige, felt B5;Detaljregulering;35;Endelig vedtatt arealplan;3;26.01.2011;Plan- og bygningsloven av 2008;6;På grunnen/vannoverflaten;2;Planbestemmelser både på kart og som egen tekst;4
991A;Dvergsnes felt B nordlig del, delfelt B4;Bebyggelsesplan iht. reguleringsplan (PBL 1985);32;Endelig vedtatt arealplan;3;18.01.2007;Plan- og bygningsloven av 1985 eller før;5;På grunnen/vannoverflaten;2;Planbestemmelser både på kart og som egen tekst;4
991B;DVERGSNES FELT B Nordlig del, Delfelt B9;Bebyggelsesplan iht. reguleringsplan (PBL 1985);32;Uaktuell/trukket;10;;Plan- og bygningsloven av 1985 eller før;5;På grunnen/vannoverflaten;2;Med bestemmelser som egen tekst;1
991C;Dvergsnes felt B, nordlig del, delfelt B2 og B3;Bebyggelsesplan iht. reguleringsplan (PBL 1985);32;Endelig vedtatt arealplan;3;10.06.2010;Plan- og bygningsloven av 1985 eller før;5;Under grunnen (tunnel), På grunnen/vannoverflaten;1, 2;Planbestemmelser både på kart og som egen tekst;4
991D;Dvergsnes felt B, nordlig del, delfelt B6;Bebyggelsesplan iht. reguleringsplan (PBL 1985);32;Endelig vedtatt arealplan;3;27.08.2009;Plan- og bygningsloven av 1985 eller før;5;På grunnen/vannoverflaten;2;Planbestemmelser både på kart og som egen tekst;4
1128A;Dyreparken, delområde 4 - Kutoppen;Bebyggelsesplan iht. reguleringsplan (PBL 1985);32;Utgått/erstattet;5;18.12.2008;Plan- og bygningsloven av 1985 eller før;5;På grunnen/vannoverflaten;2;Med bestemmelser som egen tekst;1
1128B;Dyreparken, delområde 2, sommerøya  badeland;Bebyggelsesplan iht. reguleringsplan (PBL 1985);32;Endelig vedtatt arealplan;3;27.08.2009;Plan- og bygningsloven av 1985 eller før;5;På grunnen/vannoverflaten;2;Planbestemmelser både på kart og som egen tekst;4
8,14E+05;Endring av reguleringsplan for Kjeldevika;Detaljregulering;35;Planlegging igangsatt;1;;Plan- og bygningsloven av 2008;6;På grunnen/vannoverflaten;2;;
8,29E+04;Endring av reguleringsplan for Kilura, Flekkerøy;Detaljregulering;35;Planlegging igangsatt;1;;Plan- og bygningsloven av 2008;6;På grunnen/vannoverflaten;2;;
855-1;Dalaneveien IN4 og del av IN5;Bebyggelsesplan iht. reguleringsplan (PBL 1985);32;Endelig vedtatt arealplan;3;25.09.2008;Plan- og bygningsloven av 1985 eller før;5;På grunnen/vannoverflaten;2;Planbestemmelser både på kart og som egen tekst;4
855-2;Dalaneveien 39-43;Bebyggelsesplan iht. reguleringsplan (PBL 1985);32;Endelig vedtatt arealplan;3;28.08.2008;Plan- og bygningsloven av 1985 eller før;5;På grunnen/vannoverflaten;2;Med bestemmelser som egen tekst;1
855-3;Dalaneveien  33 - 37;Detaljregulering;35;Endelig vedtatt arealplan;3;12.05.2010;Plan- og bygningsloven av 2008;6;På grunnen/vannoverflaten;2;Planbestemmelser både på kart og som egen tekst;4
883-1;E18 Aust-Agder grense - Timenes;Eldre reguleringsplan (PBL 1985);30;Endelig vedtatt arealplan;3;15.11.2006;Plan- og bygningsloven av 1985 eller før;5;På grunnen/vannoverflaten;2;Planbestemmelser både på kart og som egen tekst;4
883-2;E18 Aust-Agder grense-Timenes, reguleringsendring N1;Eldre reguleringsplan (PBL 1985);30;Uaktuell/trukket;10;;Plan- og bygningsloven av 1985 eller før;5;På grunnen/vannoverflaten;2;Med bestemmelser som egen tekst;1
1,35E+04;Korsvikfjorden industriområde, felt H - endring av reguleringsplan;Detaljregulering;35;Uaktuell/trukket;10;;Plan- og bygningsloven av 2008;6;På grunnen/vannoverflaten;2;Med bestemmelser som egen tekst;1
200801;Brennåsen terrasse;Eldre reguleringsplan (PBL 1985);30;Endelig vedtatt arealplan;3;24.04.2013;Plan- og bygningsloven av 1985;4;Under grunnen (tunnel), På grunnen/vannoverflaten;1, 2;Planbestemmelser både på kart og som egen tekst;4
200901;Salbustø - Neverkilen;Områderegulering;34;Endelig vedtatt arealplan;3;20.12.2012;Plan- og bygningsloven av 2008;6;På grunnen/vannoverflaten;2;Planbestemmelser både på kart og som egen tekst;4
200902;Holmenfoss kraftverk;Detaljregulering;35;Endelig vedtatt arealplan;3;26.11.2015;Plan- og bygningsloven av 2008;6;På grunnen/vannoverflaten;2;Planbestemmelser både på kart og som egen tekst;4
200905;Lauvslandsmoen gnr. 19 bnr. 3, 5 m. fl;Eldre reguleringsplan (PBL 1985);30;Uaktuell/trukket;10;;Plan- og bygningsloven av 1985;4;På grunnen/vannoverflaten;2;Med bestemmelser som egen tekst;1
200906;"Vatneli - Finsland
bedehus - gang og sykkelveg";Detaljregulering;35;Endelig vedtatt arealplan;3;23.10.2013;Plan- og bygningsloven av 2008;6;På grunnen/vannoverflaten;2;Planbestemmelser både på kart og som egen tekst;4
201001;Trysnes;Områderegulering;34;Endelig vedtatt arealplan;3;29.04.2015;Plan- og bygningsloven av 2008;6;På grunnen/vannoverflaten;2;Planbestemmelser både på kart og som egen tekst;4
201002;Krossnesveien - Stifjellet, GB 20/62 m.fl.;Områderegulering;34;Endelig vedtatt arealplan;3;23.02.2012;Plan- og bygningsloven av 2008;6;På grunnen/vannoverflaten;2;Planbestemmelser både på kart og som egen tekst;4
201003;Smedsanden;Områderegulering;34;Endelig vedtatt arealplan;3;26.04.2012;Plan- og bygningsloven av 2008;6;Under grunnen (tunnel), På grunnen/vannoverflaten;1, 2;Planbestemmelser både på kart og som egen tekst;4
201005;Småholmane på Trysnes;Detaljregulering;35;Endelig vedtatt arealplan;3;16.06.2011;Plan- og bygningsloven av 2008;6;På grunnen/vannoverflaten;2;Planbestemmelser både på kart og som egen tekst;4
201007;Langenesveien 358;Detaljregulering;35;Endelig vedtatt arealplan;3;28.01.2016;Plan- og bygningsloven av 2008;6;På grunnen/vannoverflaten;2;Planbestemmelser både på kart og som egen tekst;4
201101;Lunde skole - Hakleiva;Områderegulering;34;Endelig vedtatt arealplan;3;20.12.2012;Plan- og bygningsloven av 2008;6;På grunnen/vannoverflaten;2;Planbestemmelser både på kart og som egen tekst;4
201102;Mjåvann - fortau;Detaljregulering;35;Endelig vedtatt arealplan;3;23.10.2013;Plan- og bygningsloven av 2008;6;På grunnen/vannoverflaten;2;Planbestemmelser både på kart og som egen tekst;4
201103;Nodelandsheia Øst;Områderegulering;34;Endelig vedtatt arealplan;3;12.02.2014;Plan- og bygningsloven av 2008;6;På grunnen/vannoverflaten;2;Planbestemmelser både på kart og som egen tekst;4
201104;E39 Rosseland - Storeneset - midtrekkverk;Detaljregulering;35;Endelig vedtatt arealplan;3;26.04.2012;Plan- og bygningsloven av 2008;6;På grunnen/vannoverflaten, Over grunnen (bru);2, 3;Planbestemmelser både på kart og som egen tekst;4
201105;Kommuneplanens arealdel 2012-2016;Kommuneplanens arealdel;20;Utgått/erstattet;5;26.09.2012;Plan- og bygningsloven av 2008;6;;;Med bestemmelser som egen tekst;1
201106;Ormelia - Lohnelier - gang og sykkelvei;Områderegulering;34;Endelig vedtatt arealplan;3;30.06.2013;Plan- og bygningsloven av 2008;6;På grunnen/vannoverflaten;2;Planbestemmelser både på kart og som egen tekst;4
201107;Greipstad kirke;Detaljregulering;35;Endelig vedtatt arealplan;3;13.02.2013;Plan- og bygningsloven av 2008;6;På grunnen/vannoverflaten;2;Planbestemmelser både på kart og som egen tekst;4
201108;Nordre Kalsnes;Detaljregulering;35;Endelig vedtatt arealplan;3;26.10.2017;Plan- og bygningsloven av 2008;6;På grunnen/vannoverflaten;2;Planbestemmelser både på kart og som egen tekst;4
201109;Greipstad kirke til Mebakken - fortau;Detaljregulering;35;Endelig vedtatt arealplan;3;26.09.2012;Plan- og bygningsloven av 2008;6;På grunnen/vannoverflaten;2;Planbestemmelser både på kart og som egen tekst;4
201110;Kilen -  barnehage og boligfelt;Detaljregulering;35;Endelig vedtatt arealplan;3;31.05.2012;Plan- og bygningsloven av 2008;6;På grunnen/vannoverflaten;2;Planbestemmelser både på kart og som egen tekst;4
201201;Knibe;Detaljregulering;35;Endelig vedtatt arealplan;3;26.04.2012;Plan- og bygningsloven av 2008;6;På grunnen/vannoverflaten;2;Planbestemmelser både på kart og som egen tekst;4
201202;Fagermoen til Rismyr - gang- og sykkelveg;Detaljregulering;35;Endelig vedtatt arealplan;3;12.02.2014;Plan- og bygningsloven av 2008;6;På grunnen/vannoverflaten;2;Planbestemmelser både på kart og som egen tekst;4
201204;Nodeland Syd;Områderegulering;34;Uaktuell/trukket;10;;Plan- og bygningsloven av 2008;6;På grunnen/vannoverflaten;2;Med bestemmelser som egen tekst;1
201205;Haugenparken;Detaljregulering;35;Endelig vedtatt arealplan;3;27.04.2011;Plan- og bygningsloven av 2008;6;På grunnen/vannoverflaten;2;Med bestemmelser som egen tekst;1
201206;Torvmoen - busslomme;Detaljregulering;35;Endelig vedtatt arealplan;3;11.10.2012;Plan- og bygningsloven av 2008;6;På grunnen/vannoverflaten;2;Planbestemmelser både på kart og som egen tekst;4
201208;Mindre reguleringsendring av reguleringsplan for Riveneset;Mindre reguleringsendring;31;Endelig vedtatt arealplan;3;09.07.2013;Plan- og bygningsloven av 2008;6;På grunnen/vannoverflaten;2;Med bestemmelser som egen tekst;1
201209;Ausviga;Områderegulering;34;Endelig vedtatt arealplan;3;17.12.2015;Plan- og bygningsloven av 2008;6;På grunnen/vannoverflaten;2;Planbestemmelser både på kart og som egen tekst;4
201210;Lohneveien 66;Detaljregulering;35;Uaktuell/trukket;10;;Plan- og bygningsloven av 2008;6;På grunnen/vannoverflaten;2;Med bestemmelser som egen tekst;1
201211;Paradisbukta øst;Detaljregulering;35;Uaktuell/trukket;10;;Plan- og bygningsloven av 2008;6;På grunnen/vannoverflaten;2;Med bestemmelser som egen tekst;1
201212;Del av Lunde sentrum;Detaljregulering;35;Uaktuell/trukket;10;;Plan- og bygningsloven av 2008;6;På grunnen/vannoverflaten;2;Med bestemmelser som egen tekst;1
201214;Langenes brygge;Detaljregulering;35;Uaktuell/trukket;10;;Plan- og bygningsloven av 2008;6;På grunnen/vannoverflaten;2;Med bestemmelser som egen tekst;1
201215;Branesveien 100;Detaljregulering;35;Endelig vedtatt arealplan;3;19.02.2015;Plan- og bygningsloven av 2008;6;På grunnen/vannoverflaten;2;Planbestemmelser både på kart og som egen tekst;4
201216;Konvalldalen - del av;Detaljregulering;35;Endelig vedtatt arealplan;3;22.09.2016;Plan- og bygningsloven av 2008;6;På grunnen/vannoverflaten;2;Planbestemmelser både på kart og som egen tekst;4
201217;Gamle Lundevei øst;Detaljregulering;35;Endelig vedtatt arealplan;3;25.09.2014;Plan- og bygningsloven av 2008;6;Under grunnen (tunnel), På grunnen/vannoverflaten;1, 2;Planbestemmelser både på kart og som egen tekst;4
201218;Kossevigheia 2;Detaljregulering;35;Endelig vedtatt arealplan;3;27.09.2018;Plan- og bygningsloven av 2008;6;På grunnen/vannoverflaten;2;Planbestemmelser både på kart og som egen tekst;4
201219;Kjellandsheia syd;Områderegulering;34;Endelig vedtatt arealplan;3;17.12.2015;Plan- og bygningsloven av 2008;6;På grunnen/vannoverflaten;2;Planbestemmelser både på kart og som egen tekst;4
201220;Leireheia;Områderegulering;34;Endelig vedtatt arealplan;3;22.03.2018;Plan- og bygningsloven av 2008;6;På grunnen/vannoverflaten;2;Planbestemmelser både på kart og som egen tekst;4
201221;Mindre reguleringsendring av reguleringsplan for Søvik-Nodenes;Mindre reguleringsendring;31;Utgått/erstattet;5;02.05.2012;Plan- og bygningsloven av 2008;6;På grunnen/vannoverflaten;2;Uten bestemmelser;2
201222;Kommunedelplan for sykkel;Kommunedelplan;21;Utgått/erstattet;5;24.09.2015;Plan- og bygningsloven av 2008;6;;;Planbestemmelser både på kart og som egen tekst;4
201301;Gamle kirkeveg 35;Detaljregulering;35;Uaktuell/trukket;10;;Plan- og bygningsloven av 2008;6;På grunnen/vannoverflaten;2;Med bestemmelser som egen tekst;1
201302;Nodenesveien-Pålsnesveien - del av;Detaljregulering;35;Endelig vedtatt arealplan;3;19.06.2014;Plan- og bygningsloven av 2008;6;På grunnen/vannoverflaten;2;Planbestemmelser både på kart og som egen tekst;4
201303;Rosselandsvegen 47;Detaljregulering;35;Endelig vedtatt arealplan;3;15.03.2015;Plan- og bygningsloven av 2008;6;På grunnen/vannoverflaten;2;Planbestemmelser både på kart og som egen tekst;4
201401;Mjåvann III;Områderegulering;34;Utgått/erstattet;5;28.09.2016;Plan- og bygningsloven av 2008;6;På grunnen/vannoverflaten;2;Med bestemmelser som egen tekst;1
201402;Skarveien vest;Detaljregulering;35;Endelig vedtatt arealplan;3;24.09.2015;Plan- og bygningsloven av 2008;6;På grunnen/vannoverflaten;2;Planbestemmelser både på kart og som egen tekst;4
201403;Årossanden 5 og 7;Detaljregulering;35;Uaktuell/trukket;10;;Plan- og bygningsloven av 2008;6;På grunnen/vannoverflaten;2;Med bestemmelser som egen tekst;1
201404;Nodeland Syd, delfelt 1 og barnehage;Detaljregulering;35;Endelig vedtatt arealplan;3;15.03.2015;Plan- og bygningsloven av 2008;6;På grunnen/vannoverflaten;2;Planbestemmelser både på kart og som egen tekst;4
201405;Kommunedelplan for Tangvall;Kommunedelplan;21;Endelig vedtatt arealplan;3;26.05.2016;Plan- og bygningsloven av 2008;6;;;Med bestemmelser som egen tekst;1
201406;Ytre Ringveg - Songdalen;Kommunedelplan;21;Utgått/erstattet;5;16.03.2016;Plan- og bygningsloven av 2008;6;;;Planbestemmelser fremgår av kartet (byggehøyder m.v.);3
201407;Songdalsveien 750;Detaljregulering;35;Endelig vedtatt arealplan;3;27.04.2016;Plan- og bygningsloven av 2008;6;På grunnen/vannoverflaten;2;Planbestemmelser både på kart og som egen tekst;4
201408;Moseheia øst;Detaljregulering;35;Uaktuell/trukket;10;;Plan- og bygningsloven av 2008;6;På grunnen/vannoverflaten;2;Med bestemmelser som egen tekst;1
201410;Flatholmen;Detaljregulering;35;Endelig vedtatt arealplan;3;17.12.2015;Plan- og bygningsloven av 2008;6;På grunnen/vannoverflaten;2;Planbestemmelser både på kart og som egen tekst;4
201411;Blåsmoen 20 og 20B;Detaljregulering;35;Endelig vedtatt arealplan;3;28.05.2015;Plan- og bygningsloven av 2008;6;På grunnen/vannoverflaten;2;Planbestemmelser både på kart og som egen tekst;4
201412;Tangvall sentrum nord;Detaljregulering;35;Endelig vedtatt arealplan;3;28.04.2016;Plan- og bygningsloven av 2008;6;Under grunnen (tunnel), På grunnen/vannoverflaten;1, 2;Planbestemmelser både på kart og som egen tekst;4
201413;Ausvigheia småbåthavn;Detaljregulering;35;Endelig vedtatt arealplan;3;24.09.2015;Plan- og bygningsloven av 2008;6;På grunnen/vannoverflaten;2;Planbestemmelser både på kart og som egen tekst;4
201414;Norddalsheia;Detaljregulering;35;Endelig vedtatt arealplan;3;17.12.2015;Plan- og bygningsloven av 2008;6;På grunnen/vannoverflaten;2;Planbestemmelser både på kart og som egen tekst;4
201415;Selskjær 16;Detaljregulering;35;Endelig vedtatt arealplan;3;28.04.2016;Plan- og bygningsloven av 2008;6;På grunnen/vannoverflaten;2;Planbestemmelser både på kart og som egen tekst;4
201416;Kommunedelplan for E-39, Vollberg-Døle bru;Kommunedelplan;21;Opphevet;4;18.06.2015;Plan- og bygningsloven av 2008;6;;;Planbestemmelser både på kart og som egen tekst;4
201417;Nymoen;Detaljregulering;35;Endelig vedtatt arealplan;3;30.03.2017;Plan- og bygningsloven av 2008;6;På grunnen/vannoverflaten;2;Planbestemmelser både på kart og som egen tekst;4
201418;Gamle Årosvei 50, 52, 54 m.fl.;Detaljregulering;35;Endelig vedtatt arealplan;3;26.05.2016;Plan- og bygningsloven av 2008;6;På grunnen/vannoverflaten;2;Planbestemmelser både på kart og som egen tekst;4
201419;Mindre reguleringsendring av reguleringsplan og bebyggelsesplan for Kossevigheia;Mindre reguleringsendring;31;Utgått/erstattet;5;03.09.2014;Plan- og bygningsloven av 2008;6;På grunnen/vannoverflaten;2;Uten bestemmelser;2
201501;Vollan - skoletomt;Detaljregulering;35;Endelig vedtatt arealplan;3;04.03.2019;Plan- og bygningsloven av 2008;6;På grunnen/vannoverflaten;2;Planbestemmelser både på kart og som egen tekst;4
201502;Storholmen, Røsstad;Detaljregulering;35;Endelig vedtatt arealplan;3;27.10.2016;Plan- og bygningsloven av 2008;6;På grunnen/vannoverflaten;2;Planbestemmelser både på kart og som egen tekst;4
201503;Høllen;Detaljregulering;35;Avvist;9;;Plan- og bygningsloven av 2008;6;På grunnen/vannoverflaten;2;Med bestemmelser som egen tekst;1
201504;Østre del av Skarpøya;Detaljregulering;35;Endelig vedtatt arealplan;3;27.04.2017;Plan- og bygningsloven av 2008;6;På grunnen/vannoverflaten;2;Planbestemmelser både på kart og som egen tekst;4
201505;Mjåbakken;Detaljregulering;35;Uaktuell/trukket;10;;Plan- og bygningsloven av 2008;6;På grunnen/vannoverflaten;2;Med bestemmelser som egen tekst;1
201507;Branesveien 38A;Detaljregulering;35;Endelig vedtatt arealplan;3;15.12.2016;Plan- og bygningsloven av 2008;6;På grunnen/vannoverflaten;2;Planbestemmelser både på kart og som egen tekst;4
201508;Amfeneset GB 24/14 og 24/60;Detaljregulering;35;Endelig vedtatt arealplan;3;22.06.2016;Plan- og bygningsloven av 2008;6;På grunnen/vannoverflaten;2;Planbestemmelser både på kart og som egen tekst;4
201509;Langenesveien 290, 292 og 294;Detaljregulering;35;Endelig vedtatt arealplan;3;28.04.2016;Plan- og bygningsloven av 2008;6;På grunnen/vannoverflaten;2;Planbestemmelser både på kart og som egen tekst;4
201510;E39 (Søgne);Detaljregulering;35;Endelig vedtatt arealplan;3;22.06.2017;Plan- og bygningsloven av 2008;6;Under grunnen (tunnel), På grunnen/vannoverflaten, Over grunnen (bru);1, 2, 3;Planbestemmelser både på kart og som egen tekst;4
201512;Tangvall sentrum, del av;Detaljregulering;35;Uaktuell/trukket;10;;Plan- og bygningsloven av 2008;6;Under grunnen (tunnel), På grunnen/vannoverflaten;1, 2;Med bestemmelser som egen tekst;1
201513;Sebbetåa - Stokkelandsskogen - FV 456;Detaljregulering;35;Endelig vedtatt arealplan;3;27.09.2018;Plan- og bygningsloven av 2008;6;På grunnen/vannoverflaten, Over grunnen (bru), På bunnen (vann/sjø);2, 3, 4;Planbestemmelser både på kart og som egen tekst;4
201514;E39-Mjåland - avkjøring;Detaljregulering;35;Uaktuell/trukket;10;;Plan- og bygningsloven av 2008;6;På grunnen/vannoverflaten;2;Med bestemmelser som egen tekst;1
201515;Skiftodden;Detaljregulering;35;Endelig vedtatt arealplan;3;31.08.2017;Plan- og bygningsloven av 2008;6;På grunnen/vannoverflaten;2;Planbestemmelser både på kart og som egen tekst;4
201516;Tangheia og Osebakken - Oftenes;Detaljregulering;35;Endelig vedtatt arealplan;3;19.12.2019;Plan- og bygningsloven av 2008;6;På grunnen/vannoverflaten;2;Planbestemmelser både på kart og som egen tekst;4
201601;Øygardsheia nord;Områderegulering;34;Endelig vedtatt arealplan;3;19.12.2019;Plan- og bygningsloven av 2008;6;På grunnen/vannoverflaten;2;Planbestemmelser både på kart og som egen tekst;4
201602;Vedderheia nord B22;Detaljregulering;35;Endelig vedtatt arealplan;3;15.12.2016;Plan- og bygningsloven av 2008;6;På grunnen/vannoverflaten;2;Planbestemmelser både på kart og som egen tekst;4
201603;Dalsheia;Detaljregulering;35;Uaktuell/trukket;10;;Plan- og bygningsloven av 2008;6;På grunnen/vannoverflaten;2;Med bestemmelser som egen tekst;1
201604;Svarttjønnheia og turveg mot Gratjønn - fortau;Detaljregulering;35;Endelig vedtatt arealplan;3;14.02.2018;Plan- og bygningsloven av 2008;6;På grunnen/vannoverflaten;2;Planbestemmelser både på kart og som egen tekst;4
201605;E39 Kristiansand vest - Søgne øst;Detaljregulering;35;Endelig vedtatt arealplan;3;21.06.2017;Plan- og bygningsloven av 2008;6;Under grunnen (tunnel), På grunnen/vannoverflaten, Over grunnen (bru);1, 3, 2;Planbestemmelser både på kart og som egen tekst;4
201606;Tangvall - skolesenter;Detaljregulering;35;Endelig vedtatt arealplan;3;20.06.2019;Plan- og bygningsloven av 2008;6;På grunnen/vannoverflaten;2;Planbestemmelser både på kart og som egen tekst;4
201608;Kleplandsveien 1, 3, 5, 7 og 9;Detaljregulering;35;Endelig vedtatt arealplan;3;24.05.2018;Plan- og bygningsloven av 2008;6;På grunnen/vannoverflaten;2;Med bestemmelser som egen tekst;1
201609;Øygarden 7, 11 og 15;Detaljregulering;35;Endelig vedtatt arealplan;3;13.12.2018;Plan- og bygningsloven av 2008;6;På grunnen/vannoverflaten;2;Planbestemmelser både på kart og som egen tekst;4
201610;Nodenesveien 25;Detaljregulering;35;Endelig vedtatt arealplan;3;13.12.2018;Plan- og bygningsloven av 2008;6;På grunnen/vannoverflaten;2;Planbestemmelser både på kart og som egen tekst;4
201611;Linnegrøvan-Kleplandsveien - turvei langs Søgneelva;Detaljregulering;35;Uaktuell/trukket;10;;Plan- og bygningsloven av 2008;6;På grunnen/vannoverflaten;2;Med bestemmelser som egen tekst;1
201612;Detaljrergulering for Sjursholmen Nord;Detaljregulering;35;Uaktuell/trukket;10;;Plan- og bygningsloven av 2008;6;På grunnen/vannoverflaten;2;Med bestemmelser som egen tekst;1
201613;Rådhusveien 36 og 38;Detaljregulering;35;Endelig vedtatt arealplan;3;31.01.2019;Plan- og bygningsloven av 2008;6;Under grunnen (tunnel), På grunnen/vannoverflaten;1, 2;Planbestemmelser både på kart og som egen tekst;4
201614;Øygardsheia nord - 1;Detaljregulering;35;Uaktuell/trukket;10;;Plan- og bygningsloven av 2008;6;På grunnen/vannoverflaten;2;Med bestemmelser som egen tekst;1
201615;Kommuneplan for Søgne 2018-2030;Kommuneplanens arealdel;20;Utgått/erstattet;5;28.02.2019;Plan- og bygningsloven av 2008;6;;;Med bestemmelser som egen tekst;1
201616;Nygårdshaven 1, 2, 4, 6 og 10;Detaljregulering;35;Endelig vedtatt arealplan;3;24.05.2018;Plan- og bygningsloven av 2008;6;På grunnen/vannoverflaten;2;Planbestemmelser både på kart og som egen tekst;4
201701;Skrefjell platå;Detaljregulering;35;Uaktuell/trukket;10;;Plan- og bygningsloven av 2008;6;På grunnen/vannoverflaten;2;Med bestemmelser som egen tekst;1
201702;Skarpøya nord;Detaljregulering;35;Endelig vedtatt arealplan;3;26.04.2018;Plan- og bygningsloven av 2008;6;På grunnen/vannoverflaten;2;Planbestemmelser både på kart og som egen tekst;4
201703;Tangvall - kollektivterminal;Detaljregulering;35;Endelig vedtatt arealplan;3;20.06.2019;Plan- og bygningsloven av 2008;6;På grunnen/vannoverflaten;2;Planbestemmelser både på kart og som egen tekst;4
201704;Salemsveien - Fåmyråsen -  gang og sykkelvei;Detaljregulering;35;Endelig vedtatt arealplan;3;31.01.2019;Plan- og bygningsloven av 2008;6;På grunnen/vannoverflaten;2;Planbestemmelser både på kart og som egen tekst;4
201705;Rosseland 75/446;Detaljregulering;35;Endelig vedtatt arealplan;3;13.02.2019;Plan- og bygningsloven av 2008;6;På grunnen/vannoverflaten;2;Planbestemmelser både på kart og som egen tekst;4
201706;Søgne omsorgssenter - Kleplandsveien;Detaljregulering;35;Endelig vedtatt arealplan;3;23.05.2019;Plan- og bygningsloven av 2008;6;På grunnen/vannoverflaten;2;Planbestemmelser både på kart og som egen tekst;4
201707;Kilenesheia vest;Detaljregulering;35;Endelig vedtatt arealplan;3;31.01.2019;Plan- og bygningsloven av 2008;6;På grunnen/vannoverflaten;2;Planbestemmelser både på kart og som egen tekst;4
201708;Søgne videregående skole - del av GB 1/1 - praksisarealer;Detaljregulering;35;Endelig vedtatt arealplan;3;21.06.2018;Plan- og bygningsloven av 2008;6;På grunnen/vannoverflaten;2;Planbestemmelser både på kart og som egen tekst;4
201801;Midtre del av Skarpøya;Detaljregulering;35;Endelig vedtatt arealplan;3;23.05.2019;Plan- og bygningsloven av 2008;6;På grunnen/vannoverflaten;2;Planbestemmelser både på kart og som egen tekst;4
201802;Del av Søvigheia;Detaljregulering;35;Endelig vedtatt arealplan;3;29.08.2019;Plan- og bygningsloven av 2008;6;På grunnen/vannoverflaten;2;Planbestemmelser både på kart og som egen tekst;4
201803;Åros barnehage;Detaljregulering;35;Endelig vedtatt arealplan;3;31.01.2019;Plan- og bygningsloven av 2008;6;På grunnen/vannoverflaten;2;Planbestemmelser både på kart og som egen tekst;4
201804;Del av Okse, GB 26/2, 67 og 68;Detaljregulering;35;Endelig vedtatt arealplan;3;25.04.2019;Plan- og bygningsloven av 2008;6;På grunnen/vannoverflaten;2;Planbestemmelser både på kart og som egen tekst;4
201806;Lohnelier industriområde nord - adkomstveg;Detaljregulering;35;Uaktuell/trukket;10;;Plan- og bygningsloven av 2008;6;På grunnen/vannoverflaten;2;Med bestemmelser som egen tekst;1
201807;Skalleråsen;Detaljregulering;35;Utgått/erstattet;5;;Plan- og bygningsloven av 2008;6;På grunnen/vannoverflaten;2;Med bestemmelser som egen tekst;1
201810;Kjellandsheia nord - Mjåland;Områderegulering;34;Endelig vedtatt arealplan;3;26.09.2019;Plan- og bygningsloven av 2008;6;På grunnen/vannoverflaten, Over grunnen (bru);2, 3;Planbestemmelser både på kart og som egen tekst;4
201811;Kjellandsheia vest;Detaljregulering;35;Endelig vedtatt arealplan;3;26.09.2019;Plan- og bygningsloven av 2008;6;På grunnen/vannoverflaten;2;Planbestemmelser både på kart og som egen tekst;4
201812;Oftenesheia;Detaljregulering;35;Endelig vedtatt arealplan;3;26.09.2019;Plan- og bygningsloven av 2008;6;På grunnen/vannoverflaten;2;Planbestemmelser både på kart og som egen tekst;4
201901;Kommunedelplan for Borøya med omkringliggende øyer og holmer;Kommunedelplan;21;Uaktuell/trukket;10;;Plan- og bygningsloven av 2008;6;;;Med bestemmelser som egen tekst;1
201906;Nodeland sentrum;Områderegulering;34;Endelig vedtatt arealplan;3;19.06.2019;Plan- og bygningsloven av 2008;6;På grunnen/vannoverflaten;2;Planbestemmelser både på kart og som egen tekst;4
201908;Løbakken;Detaljregulering;35;Uaktuell/trukket;10;;Plan- og bygningsloven av 2008;6;På grunnen/vannoverflaten;2;Med bestemmelser som egen tekst;1
492 E2;Endring av reguleringsplan for Elvebredden øst;Detaljregulering;35;Planlegging igangsatt;1;;Plan- og bygningsloven av 2008;6;På grunnen/vannoverflaten;2;Planbestemmelser både på kart og som egen tekst;4
810 E3;Endring av reguleringsplan for Torp/Benestad - Høvågveien 100;Detaljregulering;35;Kun opprettet sak (foreløpig ikke annonsert);0;;Plan- og bygningsloven av 2008;6;På grunnen/vannoverflaten;2;Planbestemmelser både på kart og som egen tekst;4
87 E15;Endring av reguleringsplan for Nedre Lund - Torridalsveien 86A og Major Laudals vei 21;Detaljregulering;35;Planlegging igangsatt;1;;Plan- og bygningsloven av 2008;6;På grunnen/vannoverflaten;2;Planbestemmelser både på kart og som egen tekst;4
1085 E7;Endring av reguleringsplan for Sørlandsenteret og Bergsenteret - Barstølveien 19;Detaljregulering;35;Planlegging igangsatt;1;;Plan- og bygningsloven av 2008;6;På grunnen/vannoverflaten;2;Planbestemmelser både på kart og som egen tekst;4
1520 E6;Endring av reguleringsplan for Benestad Bb1 og Bb5 - felt BBB4 og BBH;Detaljregulering;35;Planlegging igangsatt;1;;Plan- og bygningsloven av 2008;6;På grunnen/vannoverflaten;2;Planbestemmelser både på kart og som egen tekst;4
2018022;Nye Rosseland skole - detalregulering;Detaljregulering;35;Uaktuell/trukket;10;;Plan- og bygningsloven av 2008;6;På grunnen/vannoverflaten;2;;
19620612;Et område av Høllen;Eldre reguleringsplan (PBL 1985);30;Endelig vedtatt arealplan;3;12.06.1962;Plan- og bygningsloven av 1985 eller før;5;På grunnen/vannoverflaten;2;Med bestemmelser som egen tekst;1
19650222;Del av Høllen (Hølledale);Eldre reguleringsplan (PBL 1985);30;Opphevet;4;22.02.1965;Plan- og bygningsloven av 1985 eller før;5;På grunnen/vannoverflaten;2;Med bestemmelser som egen tekst;1
19650707;Rismyr;Eldre reguleringsplan (PBL 1985);30;Endelig vedtatt arealplan;3;07.07.1965;Plan- og bygningsloven av 1985 eller før;5;På grunnen/vannoverflaten;2;Med bestemmelser som egen tekst;1
19651005;Rismyr - to adkomstveger;Eldre reguleringsplan (PBL 1985);30;Endelig vedtatt arealplan;3;03.09.1965;Plan- og bygningsloven av 1985 eller før;5;På grunnen/vannoverflaten;2;Med bestemmelser som egen tekst;1
19651112;Volleberg 1;Eldre reguleringsplan (PBL 1985);30;Utgått/erstattet;5;12.11.1965;Plan- og bygningsloven av 1985 eller før;5;På grunnen/vannoverflaten;2;Med bestemmelser som egen tekst;1
19680508;Nygårdsheia;Eldre reguleringsplan (PBL 1985);30;Endelig vedtatt arealplan;3;08.05.1968;Plan- og bygningsloven av 1985 eller før;5;På grunnen/vannoverflaten;2;Planbestemmelser både på kart og som egen tekst;4
19691030;Kilen 2;Eldre reguleringsplan (PBL 1985);30;Opphevet;4;30.10.1969;Plan- og bygningsloven av 1985 eller før;5;På grunnen/vannoverflaten;2;Med bestemmelser som egen tekst;1
19700129;Stokkelandsskogen;Eldre reguleringsplan (PBL 1985);30;Endelig vedtatt arealplan;3;29.01.1970;Plan- og bygningsloven av 1985 eller før;5;På grunnen/vannoverflaten;2;Planbestemmelser både på kart og som egen tekst;4
19700511;Ytre del av Lyngmyren  (disposisjonsplan);Eldre reguleringsplan (PBL 1985);30;Opphevet;4;11.05.1970;Plan- og bygningsloven av 1985 eller før;5;På grunnen/vannoverflaten;2;Med bestemmelser som egen tekst;1
19701006;Disposisjonsplan for hytteområdet Kjeholmen;Eldre reguleringsplan (PBL 1985);30;Opphevet;4;06.10.1970;Plan- og bygningsloven av 1985 eller før;5;På grunnen/vannoverflaten;2;Med bestemmelser som egen tekst;1
19710312;Hagebrotet;Eldre reguleringsplan (PBL 1985);30;Endelig vedtatt arealplan;3;12.03.1971;Plan- og bygningsloven av 1985 eller før;5;På grunnen/vannoverflaten;2;Planbestemmelser både på kart og som egen tekst;4
19711129;Nordre Kalsnes (disposisjonsplan);Eldre reguleringsplan (PBL 1985);30;Utgått/erstattet;5;29.11.1971;Plan- og bygningsloven av 1985 eller før;5;På grunnen/vannoverflaten;2;Med bestemmelser som egen tekst;1
19720107;Industriområde Linnegrøvan del.1;Eldre reguleringsplan (PBL 1985);30;Utgått/erstattet;5;07.01.1972;Plan- og bygningsloven av 1985 eller før;5;På grunnen/vannoverflaten;2;Med bestemmelser som egen tekst;1
19720204;Volleberg 2;Eldre reguleringsplan (PBL 1985);30;Utgått/erstattet;5;04.02.1972;Plan- og bygningsloven av 1985 eller før;5;På grunnen/vannoverflaten;2;Med bestemmelser som egen tekst;1
19720405;Hortemo;Eldre reguleringsplan (PBL 1985);30;Utgått/erstattet;5;30.12.1972;Plan- og bygningsloven av 1985 eller før;5;På grunnen/vannoverflaten;2;Med bestemmelser som egen tekst;1
19721017;Askekjerran;Eldre reguleringsplan (PBL 1985);30;Endelig vedtatt arealplan;3;17.10.1972;Plan- og bygningsloven av 1985 eller før;5;På grunnen/vannoverflaten;2;Planbestemmelser både på kart og som egen tekst;4
19730306;Hølledale;Eldre reguleringsplan (PBL 1985);30;Endelig vedtatt arealplan;3;06.03.1973;Plan- og bygningsloven av 1985 eller før;5;På grunnen/vannoverflaten;2;Planbestemmelser både på kart og som egen tekst;4
19730404;Hytteplan Kileheia 1;Eldre reguleringsplan (PBL 1985);30;Opphevet;4;04.04.1973;Plan- og bygningsloven av 1985 eller før;5;På grunnen/vannoverflaten;2;Uten bestemmelser;2
19730427;Stokkelandsskogen øst;Eldre reguleringsplan (PBL 1985);30;Endelig vedtatt arealplan;3;27.04.1973;Plan- og bygningsloven av 1985 eller før;5;På grunnen/vannoverflaten;2;Med bestemmelser som egen tekst;1
19730906;Hagen;Eldre reguleringsplan (PBL 1985);30;Endelig vedtatt arealplan;3;06.09.1973;Plan- og bygningsloven av 1985 eller før;5;På grunnen/vannoverflaten;2;Planbestemmelser både på kart og som egen tekst;4
19740708;Del av Stokkelandsskogen;Eldre reguleringsplan (PBL 1985);30;Endelig vedtatt arealplan;3;08.07.1974;Plan- og bygningsloven av 1985 eller før;5;På grunnen/vannoverflaten;2;Med bestemmelser som egen tekst;1
19750102;Torvesanden;Eldre reguleringsplan (PBL 1985);30;Opphevet;4;02.01.1975;Plan- og bygningsloven av 1985 eller før;5;På grunnen/vannoverflaten;2;Med bestemmelser som egen tekst;1
19750912;Høllen syd;Eldre reguleringsplan (PBL 1985);30;Endelig vedtatt arealplan;3;12.09.1975;Plan- og bygningsloven av 1985 eller før;5;På grunnen/vannoverflaten;2;Med bestemmelser som egen tekst;1
19751118;Del av Meieribakken;Eldre reguleringsplan (PBL 1985);30;Utgått/erstattet;5;11.06.1976;Plan- og bygningsloven av 1985 eller før;5;På grunnen/vannoverflaten;2;Med bestemmelser som egen tekst;1
19751211;Årosskogen;Eldre reguleringsplan (PBL 1985);30;Utgått/erstattet;5;11.12.1975;Plan- og bygningsloven av 1985 eller før;5;På grunnen/vannoverflaten;2;Med bestemmelser som egen tekst;1
19760514;Hytteomr. Lyngmyr (flateplan) del.II;Eldre reguleringsplan (PBL 1985);30;Opphevet;4;01.05.1976;Plan- og bygningsloven av 1985 eller før;5;På grunnen/vannoverflaten;2;Med bestemmelser som egen tekst;1
19760518;Tjomsemoen;Eldre reguleringsplan (PBL 1985);30;Endelig vedtatt arealplan;3;18.05.1976;Plan- og bygningsloven av 1985 eller før;5;På grunnen/vannoverflaten;2;Med bestemmelser som egen tekst;1
19760617;Industriområdet Høllen Vest;Eldre reguleringsplan (PBL 1985);30;Utgått/erstattet;5;17.06.1976;Plan- og bygningsloven av 1985 eller før;5;På grunnen/vannoverflaten;2;Med bestemmelser som egen tekst;1
19760622;Øvre Hortemo;Eldre reguleringsplan (PBL 1985);30;Endelig vedtatt arealplan;3;13.05.1976;Plan- og bygningsloven av 1985 eller før;5;På grunnen/vannoverflaten;2;Planbestemmelser både på kart og som egen tekst;4
19760922;Grakleiva;Eldre reguleringsplan (PBL 1985);30;Endelig vedtatt arealplan;3;02.09.1976;Plan- og bygningsloven av 1985 eller før;5;På grunnen/vannoverflaten;2;Planbestemmelser både på kart og som egen tekst;4
19770316;Borøya nord, delingsplan for gnr.25, bnr.9;Eldre reguleringsplan (PBL 1985);30;Opphevet;4;16.03.1977;Plan- og bygningsloven av 1985 eller før;5;På grunnen/vannoverflaten;2;Uten bestemmelser;2
19770614;Strandplan Trollneset;Eldre reguleringsplan (PBL 1985);30;Opphevet;4;14.06.1977;Plan- og bygningsloven av 1985 eller før;5;På grunnen/vannoverflaten;2;Med bestemmelser som egen tekst;1
19771021;Solta;Eldre reguleringsplan (PBL 1985);30;Endelig vedtatt arealplan;3;21.10.1977;Plan- og bygningsloven av 1985 eller før;5;På grunnen/vannoverflaten;2;Med bestemmelser som egen tekst;1
19780510;Volleberg II;Eldre reguleringsplan (PBL 1985);30;Utgått/erstattet;5;10.05.1978;Plan- og bygningsloven av 1985 eller før;5;På grunnen/vannoverflaten;2;Planbestemmelser fremgår av kartet (byggehøyder m.v.);3
19780829;Høllen syd og Høllen havn;Eldre reguleringsplan (PBL 1985);30;Endelig vedtatt arealplan;3;29.08.1978;Plan- og bygningsloven av 1985 eller før;5;På grunnen/vannoverflaten;2;Med bestemmelser som egen tekst;1
19781212;Hellevika-Paradisbukta;Eldre reguleringsplan (PBL 1985);30;Opphevet;4;12.12.1978;Plan- og bygningsloven av 1985 eller før;5;På grunnen/vannoverflaten;2;Med bestemmelser som egen tekst;1
19790208;Øygruppen Ny Hellesund;Eldre reguleringsplan (PBL 1985);30;Utgått/erstattet;5;08.02.1979;Plan- og bygningsloven av 1985 eller før;5;På grunnen/vannoverflaten;2;Med bestemmelser som egen tekst;1
19790321;Gang og sykkelvei KJELLANDSVINGEN - FØSSA BRU;Eldre reguleringsplan (PBL 1985);30;Utgått/erstattet;5;21.03.1979;Plan- og bygningsloven av 1985 eller før;5;På grunnen/vannoverflaten;2;Med bestemmelser som egen tekst;1
19790420;Endring av regulering for Hortemo (forretningstomt);Eldre reguleringsplan (PBL 1985);30;Utgått/erstattet;5;20.04.1979;Plan- og bygningsloven av 1985 eller før;5;På grunnen/vannoverflaten;2;Med bestemmelser som egen tekst;1
19790426;Hølleveien;Eldre reguleringsplan (PBL 1985);30;Endelig vedtatt arealplan;3;26.04.1979;Plan- og bygningsloven av 1985 eller før;5;På grunnen/vannoverflaten;2;Med bestemmelser som egen tekst;1
19790525;Ny kryssutforming Vollevegen/Lyngvegen;Eldre reguleringsplan (PBL 1985);30;Utgått/erstattet;5;20.12.1978;Plan- og bygningsloven av 1985 eller før;5;På grunnen/vannoverflaten;2;Planbestemmelser både på kart og som egen tekst;4
19790615;Industriområdet Linnegrøvan, omregulering;Eldre reguleringsplan (PBL 1985);30;Utgått/erstattet;5;15.06.1979;Plan- og bygningsloven av 1985 eller før;5;På grunnen/vannoverflaten;2;Med bestemmelser som egen tekst;1
19790628;Eikeheia;Eldre reguleringsplan (PBL 1985);30;Endelig vedtatt arealplan;3;28.06.1979;Plan- og bygningsloven av 1985 eller før;5;På grunnen/vannoverflaten;2;Planbestemmelser både på kart og som egen tekst;4
19790831;Tomt for almennyttig formål Langenes skole;Eldre reguleringsplan (PBL 1985);30;Endelig vedtatt arealplan;3;31.08.1979;Plan- og bygningsloven av 1985 eller før;5;På grunnen/vannoverflaten;2;Med bestemmelser som egen tekst;1
19791009;Tangvall;Eldre reguleringsplan (PBL 1985);30;Utgått/erstattet;5;09.10.1979;Plan- og bygningsloven av 1985 eller før;5;På grunnen/vannoverflaten;2;Med bestemmelser som egen tekst;1
19791029;Vaktheia;Eldre reguleringsplan (PBL 1985);30;Utgått/erstattet;5;29.10.1979;Plan- og bygningsloven av 1985 eller før;5;På grunnen/vannoverflaten;2;Med bestemmelser som egen tekst;1
19791211;Lunde;Eldre reguleringsplan (PBL 1985);30;Utgått/erstattet;5;11.12.1979;Plan- og bygningsloven av 1985 eller før;5;Under grunnen (tunnel), På grunnen/vannoverflaten, Over grunnen (bru);1, 2, 3;Med bestemmelser som egen tekst;1
19791217;Borøya med omkringliggende øyer og holmer.;Eldre reguleringsplan (PBL 1985);30;Opphevet;4;17.12.1979;Plan- og bygningsloven av 1985 eller før;5;På grunnen/vannoverflaten;2;Med bestemmelser som egen tekst;1
19800121;Leirkilen småbåthavn;Eldre reguleringsplan (PBL 1985);30;Opphevet;4;21.01.1980;Plan- og bygningsloven av 1985 eller før;5;Under grunnen (tunnel), På grunnen/vannoverflaten, Over grunnen (bru);1, 2, 3;Med bestemmelser som egen tekst;1
19800123;Svalåsen, Kulia;Eldre reguleringsplan (PBL 1985);30;Endelig vedtatt arealplan;3;23.01.1980;Plan- og bygningsloven av 1985 eller før;5;På grunnen/vannoverflaten;2;Planbestemmelser både på kart og som egen tekst;4
19800304;Ankerviga, Monsøya;Bebyggelsesplan iht. reguleringsplan (PBL 1985);32;Endelig vedtatt arealplan;3;04.03.1980;Plan- og bygningsloven av 1985 eller før;5;På grunnen/vannoverflaten;2;Planbestemmelser både på kart og som egen tekst;4
19800424;Volleberg Bedehus;Eldre reguleringsplan (PBL 1985);30;Utgått/erstattet;5;24.04.1980;Plan- og bygningsloven av 1985 eller før;5;På grunnen/vannoverflaten;2;Med bestemmelser som egen tekst;1
19810407;Bebyggelsesplan for del av Skarpøya;Bebyggelsesplan iht. reguleringsplan (PBL 1985);32;Utgått/erstattet;5;07.04.1981;Plan- og bygningsloven av 1985 eller før;5;Under grunnen (tunnel), På grunnen/vannoverflaten, Over grunnen (bru);1, 2, 3;;
19811009;Nordre Bastholmen gnr. 25 bnr. 10;Bebyggelsesplan iht. reguleringsplan (PBL 1985);32;Opphevet;4;09.10.1981;Plan- og bygningsloven av 1985 eller før;5;På grunnen/vannoverflaten;2;Uten bestemmelser;2
19811104;Mjåvann;Eldre reguleringsplan (PBL 1985);30;Endelig vedtatt arealplan;3;06.01.1982;Plan- og bygningsloven av 1985 eller før;5;På grunnen/vannoverflaten;2;Planbestemmelser både på kart og som egen tekst;4
19811207;Årosskogen felt G og H;Eldre reguleringsplan (PBL 1985);30;Endelig vedtatt arealplan;3;07.12.1981;Plan- og bygningsloven av 1985 eller før;5;På grunnen/vannoverflaten;2;Planbestemmelser både på kart og som egen tekst;4
19811215;Hytteplan Okse Gnr.26 Bnr. 2 og 4;Eldre reguleringsplan (PBL 1985);30;Opphevet;4;15.12.1981;Plan- og bygningsloven av 1985 eller før;5;På grunnen/vannoverflaten;2;Med bestemmelser som egen tekst;1
19820216;Del av 71/22, 104, 122, 216;Eldre reguleringsplan (PBL 1985);30;Utgått/erstattet;5;16.02.1982;Plan- og bygningsloven av 1985 eller før;5;Under grunnen (tunnel), På grunnen/vannoverflaten, Over grunnen (bru);1, 2, 3;Med bestemmelser som egen tekst;1
19820401;Svalåsen, Kulia;Eldre reguleringsplan (PBL 1985);30;Endelig vedtatt arealplan;3;01.04.1982;Plan- og bygningsloven av 1985 eller før;5;På grunnen/vannoverflaten;2;Planbestemmelser både på kart og som egen tekst;4
19820505;Svalåsen 6 (Lonebakken);Eldre reguleringsplan (PBL 1985);30;Endelig vedtatt arealplan;3;05.05.1982;Plan- og bygningsloven av 1985 eller før;5;På grunnen/vannoverflaten;2;Planbestemmelser både på kart og som egen tekst;4
19820518;"Bebyggelsesplan for ""Vestheia"" gnr.21 bnr.4";Bebyggelsesplan iht. reguleringsplan (PBL 1985);32;Utgått/erstattet;5;18.05.1982;Plan- og bygningsloven av 1985 eller før;5;Under grunnen (tunnel), På grunnen/vannoverflaten, Over grunnen (bru);1, 2, 3;;
19820519;Eik-Sangvik;Eldre reguleringsplan (PBL 1985);30;Endelig vedtatt arealplan;3;19.05.1982;Plan- og bygningsloven av 1985 eller før;5;På grunnen/vannoverflaten;2;Planbestemmelser både på kart og som egen tekst;4
19820629;Feriehus Trysnes;Eldre reguleringsplan (PBL 1985);30;Endelig vedtatt arealplan;3;29.06.1982;Plan- og bygningsloven av 1985 eller før;5;På grunnen/vannoverflaten;2;Planbestemmelser både på kart og som egen tekst;4
19820811;Omregulering del av Hølleveien;Eldre reguleringsplan (PBL 1985);30;Utgått/erstattet;5;11.08.1982;Plan- og bygningsloven av 1985 eller før;5;Under grunnen (tunnel), På grunnen/vannoverflaten, Over grunnen (bru);1, 2, 3;Med bestemmelser som egen tekst;1
19820831;Vestre Pallane;Bebyggelsesplan iht. reguleringsplan (PBL 1985);32;Utgått/erstattet;5;31.08.1982;Plan- og bygningsloven av 1985 eller før;5;;;;
19820921;Borøya - sydvestre del av ;Bebyggelsesplan iht. reguleringsplan (PBL 1985);32;Opphevet;4;21.09.1982;Plan- og bygningsloven av 1985 eller før;5;På grunnen/vannoverflaten;2;Med bestemmelser som egen tekst;1
19821124;Likleiva;Eldre reguleringsplan (PBL 1985);30;Endelig vedtatt arealplan;3;17.06.1981;Plan- og bygningsloven av 1985 eller før;5;På grunnen/vannoverflaten;2;Planbestemmelser både på kart og som egen tekst;4
19821209;Snuplass Lunde skole;Eldre reguleringsplan (PBL 1985);30;Utgått/erstattet;5;09.12.1982;Plan- og bygningsloven av 1985 eller før;5;Under grunnen (tunnel), På grunnen/vannoverflaten, Over grunnen (bru);1, 2, 3;Med bestemmelser som egen tekst;1
19830830;Disposisjonsplan over 22/7 Skarpøya;Bebyggelsesplan iht. reguleringsplan (PBL 1985);32;Endelig vedtatt arealplan;3;30.08.1983;Plan- og bygningsloven av 1985 eller før;5;På grunnen/vannoverflaten;2;Planbestemmelser både på kart og som egen tekst;4
19831121;Småbåthavn i Vestre Krossnes, Prestebukta;Eldre reguleringsplan (PBL 1985);30;Endelig vedtatt arealplan;3;21.11.1983;Plan- og bygningsloven av 1985 eller før;5;På grunnen/vannoverflaten;2;Planbestemmelser både på kart og som egen tekst;4
19831122;Svalåsen 7 (Svalåsvegen);Eldre reguleringsplan (PBL 1985);30;Endelig vedtatt arealplan;3;26.10.1983;Plan- og bygningsloven av 1985 eller før;5;På grunnen/vannoverflaten;2;Planbestemmelser både på kart og som egen tekst;4
19840221;Om regulering Tangvall;Eldre reguleringsplan (PBL 1985);30;Opphevet;4;21.02.1984;Plan- og bygningsloven av 1985 eller før;5;Under grunnen (tunnel), På grunnen/vannoverflaten, Over grunnen (bru);1, 2, 3;Med bestemmelser som egen tekst;1
19840316;Vervedalen;Eldre reguleringsplan (PBL 1985);30;Endelig vedtatt arealplan;3;16.03.1984;Plan- og bygningsloven av 1985 eller før;5;På grunnen/vannoverflaten;2;Planbestemmelser både på kart og som egen tekst;4
19840416;Del av strandarealene ved Tjomsevann;Eldre reguleringsplan (PBL 1985);30;Endelig vedtatt arealplan;3;16.04.1984;Plan- og bygningsloven av 1985 eller før;5;På grunnen/vannoverflaten;2;Planbestemmelser både på kart og som egen tekst;4
19840606;Vatneli;Eldre reguleringsplan (PBL 1985);30;Endelig vedtatt arealplan;3;06.06.1984;Plan- og bygningsloven av 1985 eller før;5;På grunnen/vannoverflaten;2;Planbestemmelser både på kart og som egen tekst;4
19840726;Boligområde Lastad;Eldre reguleringsplan (PBL 1985);30;Endelig vedtatt arealplan;3;26.07.1984;Plan- og bygningsloven av 1985 eller før;5;På grunnen/vannoverflaten;2;Planbestemmelser både på kart og som egen tekst;4
19840828;Del av gnr.21 Myra, Monsøya;Bebyggelsesplan iht. reguleringsplan (PBL 1985);32;Endelig vedtatt arealplan;3;28.08.1984;Plan- og bygningsloven av 1985 eller før;5;På grunnen/vannoverflaten;2;Planbestemmelser både på kart og som egen tekst;4
19840910;Røsstadneset 47/1 og 3;Eldre reguleringsplan (PBL 1985);30;Endelig vedtatt arealplan;3;10.09.1984;Plan- og bygningsloven av 1985 eller før;5;På grunnen/vannoverflaten;2;Planbestemmelser både på kart og som egen tekst;4
19841219;Årosstranda;Eldre reguleringsplan (PBL 1985);30;Endelig vedtatt arealplan;3;19.12.1984;Plan- og bygningsloven av 1985 eller før;5;På grunnen/vannoverflaten;2;Planbestemmelser både på kart og som egen tekst;4
19841912;Nodelandsheia - senter;Eldre reguleringsplan (PBL 1985);30;Utgått/erstattet;5;19.12.1984;Plan- og bygningsloven av 1985 eller før;5;På grunnen/vannoverflaten;2;Med bestemmelser som egen tekst;1
19850221;Vegkryss Torvmoen;Eldre reguleringsplan (PBL 1985);30;Endelig vedtatt arealplan;3;21.02.1985;Plan- og bygningsloven av 1985 eller før;5;På grunnen/vannoverflaten;2;Planbestemmelser både på kart og som egen tekst;4
19850321;Gnr.19, bnr.54-56;Eldre reguleringsplan (PBL 1985);30;Endelig vedtatt arealplan;3;21.03.1985;Plan- og bygningsloven av 1985 eller før;5;På grunnen/vannoverflaten;2;Planbestemmelser både på kart og som egen tekst;4
19850325;Del av Høllen syd I - Solta øst;Eldre reguleringsplan (PBL 1985);30;Endelig vedtatt arealplan;3;25.03.1985;Plan- og bygningsloven av 1985 eller før;5;På grunnen/vannoverflaten;2;Planbestemmelser både på kart og som egen tekst;4
19850606;Del av Krossneset - Prestebukta;Eldre reguleringsplan (PBL 1985);30;Endelig vedtatt arealplan;3;06.06.1985;Plan- og bygningsloven av 1985 eller før;5;På grunnen/vannoverflaten;2;Planbestemmelser både på kart og som egen tekst;4
19850612;Midtheia HVPU;Eldre reguleringsplan (PBL 1985);30;Utgått/erstattet;5;12.06.1985;Plan- og bygningsloven av 1985 eller før;5;På grunnen/vannoverflaten;2;Med bestemmelser som egen tekst;1
19860204;Omreg. av 20/95;Eldre reguleringsplan (PBL 1985);30;Endelig vedtatt arealplan;3;04.02.1986;Plan- og bygningsloven av 1985 eller før;5;På grunnen/vannoverflaten;2;Planbestemmelser både på kart og som egen tekst;4
19860312;Brennåsen;Eldre reguleringsplan (PBL 1985);30;Endelig vedtatt arealplan;3;12.04.1986;Plan- og bygningsloven av 1985 eller før;5;På grunnen/vannoverflaten;2;Planbestemmelser både på kart og som egen tekst;4
19860403;Småbåthavn Trysnes;Eldre reguleringsplan (PBL 1985);30;Utgått/erstattet;5;03.04.1986;Plan- og bygningsloven av 1985 eller før;5;Under grunnen (tunnel), På grunnen/vannoverflaten, Over grunnen (bru);1, 2, 3;Med bestemmelser som egen tekst;1
19860408;Tangvall syd;Eldre reguleringsplan (PBL 1985);30;Opphevet;4;08.04.1986;Plan- og bygningsloven av 1985 eller før;5;Under grunnen (tunnel), På grunnen/vannoverflaten, Over grunnen (bru);1, 2, 3;Med bestemmelser som egen tekst;1
19860528;Rosselands, serviceanlegg og E18 kryss;Eldre reguleringsplan (PBL 1985);30;Endelig vedtatt arealplan;3;28.05.1986;Plan- og bygningsloven av 1985;4;På grunnen/vannoverflaten;2;Planbestemmelser både på kart og som egen tekst;4
19860616;Gang- og sykkelvei Fv.k-114 Repstadveien-Ormelia;Eldre reguleringsplan (PBL 1985);30;Endelig vedtatt arealplan;3;16.06.1986;Plan- og bygningsloven av 1985 eller før;5;På grunnen/vannoverflaten;2;Planbestemmelser både på kart og som egen tekst;4
19860617;Krogan;Eldre reguleringsplan (PBL 1985);30;Endelig vedtatt arealplan;3;17.06.1986;Plan- og bygningsloven av 1985 eller før;5;På grunnen/vannoverflaten;2;Planbestemmelser både på kart og som egen tekst;4
19860714; Vaktheia, del av (omregulering);Eldre reguleringsplan (PBL 1985);30;Endelig vedtatt arealplan;3;14.07.1986;Plan- og bygningsloven av 1985 eller før;5;På grunnen/vannoverflaten;2;Planbestemmelser både på kart og som egen tekst;4
19860721;Paradisbukta;Eldre reguleringsplan (PBL 1985);30;Endelig vedtatt arealplan;3;21.07.1986;Plan- og bygningsloven av 1985 eller før;5;På grunnen/vannoverflaten;2;Planbestemmelser både på kart og som egen tekst;4
19860903;Fv 303 - Svalåsen - busslomme og snuplass;Eldre reguleringsplan (PBL 1985);30;Endelig vedtatt arealplan;3;03.09.1986;Plan- og bygningsloven av 1985 eller før;5;På grunnen/vannoverflaten;2;Uten bestemmelser;2
19861001;Høllen syd II;Eldre reguleringsplan (PBL 1985);30;Endelig vedtatt arealplan;3;01.10.1986;Plan- og bygningsloven av 1985 eller før;5;På grunnen/vannoverflaten;2;Planbestemmelser både på kart og som egen tekst;4
19861020;Kvernhustangen;Eldre reguleringsplan (PBL 1985);30;Utgått/erstattet;5;20.10.1986;Plan- og bygningsloven av 1985 eller før;5;På grunnen/vannoverflaten;2;Med bestemmelser som egen tekst;1
19861023;Ormelia;Eldre reguleringsplan (PBL 1985);30;Endelig vedtatt arealplan;3;23.10.1986;Plan- og bygningsloven av 1985 eller før;5;På grunnen/vannoverflaten;2;Planbestemmelser både på kart og som egen tekst;4
19861113;Vestre del av Kleplandsområdet;Eldre reguleringsplan (PBL 1985);30;Opphevet;4;13.11.1986;Plan- og bygningsloven av 1985 eller før;5;Under grunnen (tunnel), På grunnen/vannoverflaten, Over grunnen (bru);1, 2, 3;Med bestemmelser som egen tekst;1
19861126;Mjåvann felt M;Eldre reguleringsplan (PBL 1985);30;Endelig vedtatt arealplan;3;26.11.1986;Plan- og bygningsloven av 1985 eller før;5;På grunnen/vannoverflaten;2;Planbestemmelser både på kart og som egen tekst;4
19861204;"Fåmyråsen - ""Myra"" (gnr 28/bnr 499)  ";Bebyggelsesplan iht. reguleringsplan (PBL 1985);32;Endelig vedtatt arealplan;3;04.12.1986;Plan- og bygningsloven av 1985 eller før;5;På grunnen/vannoverflaten;2;Planbestemmelser både på kart og som egen tekst;4
19870128;Hortemo-nord;Eldre reguleringsplan (PBL 1985);30;Utgått/erstattet;5;28.01.1987;Plan- og bygningsloven av 1985 eller før;5;På grunnen/vannoverflaten;2;Med bestemmelser som egen tekst;1
19870204;Del av Høllen;Eldre reguleringsplan (PBL 1985);30;Endelig vedtatt arealplan;3;04.02.1987;Plan- og bygningsloven av 1985 eller før;5;På grunnen/vannoverflaten;2;Med bestemmelser som egen tekst;1
19870205;Årosskogen, felt E og F ;Eldre reguleringsplan (PBL 1985);30;Endelig vedtatt arealplan;3;05.02.1987;Plan- og bygningsloven av 1985 eller før;5;På grunnen/vannoverflaten;2;Planbestemmelser både på kart og som egen tekst;4
19870224;Helgøya gnr.1, bnr.17;Bebyggelsesplan iht. reguleringsplan (PBL 1985);32;Endelig vedtatt arealplan;3;24.02.1987;Plan- og bygningsloven av 1985 eller før;5;På grunnen/vannoverflaten;2;;
19870520;Mjåvann - utbyggingstrinn II;Eldre reguleringsplan (PBL 1985);30;Endelig vedtatt arealplan;3;20.05.1987;Plan- og bygningsloven av 1985 eller før;5;På grunnen/vannoverflaten;2;Planbestemmelser både på kart og som egen tekst;4
19870601;Vedderheia - felt A;Bebyggelsesplan iht. reguleringsplan (PBL 1985);32;Endelig vedtatt arealplan;3;01.06.1987;Plan- og bygningsloven av 1985;4;På grunnen/vannoverflaten;2;Planbestemmelser både på kart og som egen tekst;4
19870618;Meieribakken;Eldre reguleringsplan (PBL 1985);30;Endelig vedtatt arealplan;3;16.06.1987;Plan- og bygningsloven av 1985 eller før;5;På grunnen/vannoverflaten;2;Planbestemmelser både på kart og som egen tekst;4
19870902;Spjotneset/Skinnarsmoen;Eldre reguleringsplan (PBL 1985);30;Endelig vedtatt arealplan;3;02.09.1987;Plan- og bygningsloven av 1985 eller før;5;På grunnen/vannoverflaten;2;Planbestemmelser både på kart og som egen tekst;4
19870908;Meieribakken;Bebyggelsesplan iht. reguleringsplan (PBL 1985);32;Endelig vedtatt arealplan;3;08.09.1987;Plan- og bygningsloven av 1985 eller før;5;På grunnen/vannoverflaten;2;Planbestemmelser både på kart og som egen tekst;4
19871008;Del av gnr.28, bnr.69;Eldre reguleringsplan (PBL 1985);30;Endelig vedtatt arealplan;3;08.10.1987;Plan- og bygningsloven av 1985 eller før;5;På grunnen/vannoverflaten;2;Planbestemmelser både på kart og som egen tekst;4
19871104;Vatneli - Kilen, gang/sykkelsti;Eldre reguleringsplan (PBL 1985);30;Endelig vedtatt arealplan;3;04.11.1987;Plan- og bygningsloven av 1985 eller før;5;På grunnen/vannoverflaten;2;Med bestemmelser som egen tekst;1
19871119;Åros;Eldre reguleringsplan (PBL 1985);30;Endelig vedtatt arealplan;3;19.11.1987;Plan- og bygningsloven av 1985 eller før;5;På grunnen/vannoverflaten;2;Planbestemmelser både på kart og som egen tekst;4
19880218;Volleberg - busslommer;Eldre reguleringsplan (PBL 1985);30;Utgått/erstattet;5;18.02.1988;Plan- og bygningsloven av 1985 eller før;5;På grunnen/vannoverflaten;2;Med bestemmelser som egen tekst;1
19880301;Vedderheia - felt C1;Bebyggelsesplan iht. reguleringsplan (PBL 1985);32;Endelig vedtatt arealplan;3;01.03.1988;Plan- og bygningsloven av 1985;4;På grunnen/vannoverflaten;2;Planbestemmelser både på kart og som egen tekst;4
19880310;Giskedalen;Eldre reguleringsplan (PBL 1985);30;Endelig vedtatt arealplan;3;10.03.1989;Plan- og bygningsloven av 1985;4;På grunnen/vannoverflaten;2;Planbestemmelser både på kart og som egen tekst;4
19880421;Stokkeland - buss-snuplass;Eldre reguleringsplan (PBL 1985);30;Endelig vedtatt arealplan;3;21.04.1988;Plan- og bygningsloven av 1985 eller før;5;På grunnen/vannoverflaten;2;Uten bestemmelser;2
19880505;Omreg.del av Høllen syd II - Vervetomta;Eldre reguleringsplan (PBL 1985);30;Endelig vedtatt arealplan;3;05.05.1988;Plan- og bygningsloven av 1985 eller før;5;På grunnen/vannoverflaten;2;Planbestemmelser både på kart og som egen tekst;4
19880616;Søgne- & aldershjem;Eldre reguleringsplan (PBL 1985);30;Opphevet;4;16.06.1988;Plan- og bygningsloven av 1985 eller før;5;Under grunnen (tunnel), På grunnen/vannoverflaten, Over grunnen (bru);1, 2, 3;Med bestemmelser som egen tekst;1
19880908;Omregulering for del av Lunde;Eldre reguleringsplan (PBL 1985);30;Utgått/erstattet;5;08.09.1988;Plan- og bygningsloven av 1985 eller før;5;Under grunnen (tunnel), På grunnen/vannoverflaten, Over grunnen (bru);1, 3, 2;Med bestemmelser som egen tekst;1
19880929;Øvland;Eldre reguleringsplan (PBL 1985);30;Endelig vedtatt arealplan;3;29.09.1988;Plan- og bygningsloven av 1985 eller før;5;På grunnen/vannoverflaten;2;Planbestemmelser både på kart og som egen tekst;4
19881117;Skinnarsmoen, del av;Eldre reguleringsplan (PBL 1985);30;Utgått/erstattet;5;17.11.1988;Plan- og bygningsloven av 1985 eller før;5;På grunnen/vannoverflaten;2;Med bestemmelser som egen tekst;1
19881201;Del av gnr.38, bnr.1, Åloneset;Eldre reguleringsplan (PBL 1985);30;Endelig vedtatt arealplan;3;01.12.1988;Plan- og bygningsloven av 1985 eller før;5;På grunnen/vannoverflaten;2;Planbestemmelser både på kart og som egen tekst;4
19890307;Vedderheia - felt C2, C3 og B;Bebyggelsesplan iht. reguleringsplan (PBL 1985);32;Endelig vedtatt arealplan;3;07.03.1989;Plan- og bygningsloven av 1985;4;På grunnen/vannoverflaten;2;Planbestemmelser både på kart og som egen tekst;4
19890427;Årosskogen -  felt C og D m.m.;Eldre reguleringsplan (PBL 1985);30;Endelig vedtatt arealplan;3;27.04.1989;Plan- og bygningsloven av 1985;4;På grunnen/vannoverflaten;2;Planbestemmelser både på kart og som egen tekst;4
19890523;Giskedalen område A;Bebyggelsesplan iht. reguleringsplan (PBL 1985);32;Endelig vedtatt arealplan;3;23.05.1989;Plan- og bygningsloven av 1985;4;På grunnen/vannoverflaten;2;Planbestemmelser både på kart og som egen tekst;4
19890815;Årosskogen -  felt D;Bebyggelsesplan iht. reguleringsplan (PBL 1985);32;Endelig vedtatt arealplan;3;15.08.1989;Plan- og bygningsloven av 1985;4;På grunnen/vannoverflaten;2;Planbestemmelser både på kart og som egen tekst;4
19890907;Nesodden hyttetun;Eldre reguleringsplan (PBL 1985);30;Endelig vedtatt arealplan;3;07.09.1989;Plan- og bygningsloven av 1985 eller før;5;På grunnen/vannoverflaten;2;Planbestemmelser både på kart og som egen tekst;4
19890921;Kløvervegen, del av;Eldre reguleringsplan (PBL 1985);30;Utgått/erstattet;5;21.09.1989;Plan- og bygningsloven av 1985 eller før;5;På grunnen/vannoverflaten;2;Med bestemmelser som egen tekst;1
19900513;Gnr.16 Bnr. 1 m.fl (Kossevigheia);Eldre reguleringsplan (PBL 1985);30;Endelig vedtatt arealplan;3;13.05.1990;Plan- og bygningsloven av 1985 eller før;5;På grunnen/vannoverflaten;2;Planbestemmelser både på kart og som egen tekst;4
19900615;Nygård syd;Eldre reguleringsplan (PBL 1985);30;Endelig vedtatt arealplan;3;15.06.1990;Plan- og bygningsloven av 1985 eller før;5;På grunnen/vannoverflaten;2;Planbestemmelser både på kart og som egen tekst;4
19900814;Storholmen, Røsstad;Bebyggelsesplan iht. reguleringsplan (PBL 1985);32;Opphevet;4;14.08.1990;Plan- og bygningsloven av 1985 eller før;5;Under grunnen (tunnel), På grunnen/vannoverflaten, Over grunnen (bru);1, 2, 3;Med bestemmelser som egen tekst;1
19901018;Omregulering del av 23/111, 222 m.fl.;Eldre reguleringsplan (PBL 1985);30;Endelig vedtatt arealplan;3;18.10.1990;Plan- og bygningsloven av 1985 eller før;5;På grunnen/vannoverflaten;2;Planbestemmelser både på kart og som egen tekst;4
19901025;Brennåsen - busslomme/fotgjengerovergang og venstresvingfelt;Eldre reguleringsplan (PBL 1985);30;Endelig vedtatt arealplan;3;29.10.1990;Plan- og bygningsloven av 1985 eller før;5;På grunnen/vannoverflaten;2;Planbestemmelser både på kart og som egen tekst;4
19901106;Gnr.16 Bnr. 1 m.fl - felt B6 (Kossevigheia);Bebyggelsesplan iht. reguleringsplan (PBL 1985);32;Endelig vedtatt arealplan;3;06.11.1990;Plan- og bygningsloven av 1985 eller før;5;På grunnen/vannoverflaten;2;Planbestemmelser både på kart og som egen tekst;4
19901113;Omreg.gnr.1, bnr33;Eldre reguleringsplan (PBL 1985);30;Opphevet;4;13.11.1990;Plan- og bygningsloven av 1985 eller før;5;Under grunnen (tunnel), På grunnen/vannoverflaten, Over grunnen (bru);1, 2, 3;Med bestemmelser som egen tekst;1
19910131;Ytre Kilen vest;Eldre reguleringsplan (PBL 1985);30;Endelig vedtatt arealplan;3;31.01.1991;Plan- og bygningsloven av 1985 eller før;5;På grunnen/vannoverflaten;2;Planbestemmelser både på kart og som egen tekst;4
19910425;Salbustø - Neverkilen;Eldre reguleringsplan (PBL 1985);30;Endelig vedtatt arealplan;3;25.04.1991;Plan- og bygningsloven av 1985 eller før;5;På grunnen/vannoverflaten;2;Planbestemmelser både på kart og som egen tekst;4
19910618;Gnr.16 Bnr. 1 m.fl - felt B2 (Kossevigheia);Bebyggelsesplan iht. reguleringsplan (PBL 1985);32;Endelig vedtatt arealplan;3;18.06.1991;Plan- og bygningsloven av 1985 eller før;5;På grunnen/vannoverflaten;2;Planbestemmelser både på kart og som egen tekst;4
19910905;Langemyra gnr.28, bnr.47;Eldre reguleringsplan (PBL 1985);30;Endelig vedtatt arealplan;3;05.09.1991;Plan- og bygningsloven av 1985 eller før;5;På grunnen/vannoverflaten;2;Planbestemmelser både på kart og som egen tekst;4
19910911;Volleberg revidert plan - busslommer;Eldre reguleringsplan (PBL 1985);30;Utgått/erstattet;5;11.09.1991;Plan- og bygningsloven av 1985 eller før;5;På grunnen/vannoverflaten;2;Med bestemmelser som egen tekst;1
19911017;Gnr.73, bnr.160,79;Eldre reguleringsplan (PBL 1985);30;Opphevet;4;17.10.1991;Plan- og bygningsloven av 1985 eller før;5;Under grunnen (tunnel), På grunnen/vannoverflaten, Over grunnen (bru);1, 2, 3;Med bestemmelser som egen tekst;1
19911022;Stauslandsmoen sør;Eldre reguleringsplan (PBL 1985);30;Endelig vedtatt arealplan;3;22.10.1991;Plan- og bygningsloven av 1985 eller før;5;På grunnen/vannoverflaten;2;Planbestemmelser både på kart og som egen tekst;4
19911121;Hortemo idrettsanlegg, del av;Eldre reguleringsplan (PBL 1985);30;Utgått/erstattet;5;21.11.1991;Plan- og bygningsloven av 1985 eller før;5;På grunnen/vannoverflaten;2;Med bestemmelser som egen tekst;1
19920401;Nodelandsheia senter;Eldre reguleringsplan (PBL 1985);30;Endelig vedtatt arealplan;3;01.04.1992;Plan- og bygningsloven av 1985 eller før;5;På grunnen/vannoverflaten;2;Planbestemmelser både på kart og som egen tekst;4
19920506;Del av Vatneli;Eldre reguleringsplan (PBL 1985);30;Endelig vedtatt arealplan;3;06.05.1995;Plan- og bygningsloven av 1985 eller før;5;På grunnen/vannoverflaten;2;Planbestemmelser både på kart og som egen tekst;4
19920616;Gnr.16 Bnr. 1 m.fl - felt B3 (Kossevigheia);Bebyggelsesplan iht. reguleringsplan (PBL 1985);32;Endelig vedtatt arealplan;3;16.06.1992;Plan- og bygningsloven av 1985 eller før;5;På grunnen/vannoverflaten;2;Planbestemmelser både på kart og som egen tekst;4
19920915;Gnr.16 Bnr. 1 m.fl - felt B7 (Kossevigheia);Bebyggelsesplan iht. reguleringsplan (PBL 1985);32;Endelig vedtatt arealplan;3;15.09.1992;Plan- og bygningsloven av 1985 eller før;5;På grunnen/vannoverflaten;2;Planbestemmelser både på kart og som egen tekst;4
19921217;Del av Furumoen;Eldre reguleringsplan (PBL 1985);30;Endelig vedtatt arealplan;3;17.12.1992;Plan- og bygningsloven av 1985 eller før;5;På grunnen/vannoverflaten;2;Planbestemmelser både på kart og som egen tekst;4
19930316;Gnr.16 Bnr. 1 m.fl - felt B4 (Kossevigheia);Bebyggelsesplan iht. reguleringsplan (PBL 1985);32;Endelig vedtatt arealplan;3;16.03.1993;Plan- og bygningsloven av 1985 eller før;5;På grunnen/vannoverflaten;2;Planbestemmelser både på kart og som egen tekst;4
19930909;Østre Krossnes;Eldre reguleringsplan (PBL 1985);30;Endelig vedtatt arealplan;3;09.09.1993;Plan- og bygningsloven av 1985 eller før;5;På grunnen/vannoverflaten;2;Planbestemmelser både på kart og som egen tekst;4
19931104;Omregulering av Netholmen;Eldre reguleringsplan (PBL 1985);30;Endelig vedtatt arealplan;3;04.11.1993;Plan- og bygningsloven av 1985 eller før;5;På grunnen/vannoverflaten;2;Planbestemmelser både på kart og som egen tekst;4
19940126;Fidjane-Farvannet - gang-/sykkelsti ;Eldre reguleringsplan (PBL 1985);30;Endelig vedtatt arealplan;3;26.01.1994;Plan- og bygningsloven av 1985 eller før;5;På grunnen/vannoverflaten;2;Uten bestemmelser;2
19940505;Sentrale områder på Eik;Eldre reguleringsplan (PBL 1985);30;Endelig vedtatt arealplan;3;05.05.1994;Plan- og bygningsloven av 1985 eller før;5;På grunnen/vannoverflaten;2;Planbestemmelser både på kart og som egen tekst;4
19940601;Postvegen over Groheia;Eldre reguleringsplan (PBL 1985);30;Utgått/erstattet;5;01.06.1994;Plan- og bygningsloven av 1985 eller før;5;På grunnen/vannoverflaten;2;Med bestemmelser som egen tekst;1
19941011;Tangvall sentrum;Eldre reguleringsplan (PBL 1985);30;Utgått/erstattet;5;11.10.1994;Plan- og bygningsloven av 1985 eller før;5;Under grunnen (tunnel), På grunnen/vannoverflaten, Over grunnen (bru);1, 2, 3;Med bestemmelser som egen tekst;1
19941018; Kilen - aldersboliger;Bebyggelsesplan iht. kommuneplanens arealdel (PBL 1985);33;Endelig vedtatt arealplan;3;18.10.1994;Plan- og bygningsloven av 1985 eller før;5;På grunnen/vannoverflaten;2;Med bestemmelser som egen tekst;1
19941104;Sørskog - felt F (Ausvigheia);Bebyggelsesplan iht. reguleringsplan (PBL 1985);32;Endelig vedtatt arealplan;3;04.11.1994;Plan- og bygningsloven av 1985;4;På grunnen/vannoverflaten;2;Planbestemmelser både på kart og som egen tekst;4
19941116;Sørskog - felt A2 og A3 (Ausvigheia);Bebyggelsesplan iht. reguleringsplan (PBL 1985);32;Endelig vedtatt arealplan;3;16.11.1994;Plan- og bygningsloven av 1985;4;På grunnen/vannoverflaten;2;Planbestemmelser både på kart og som egen tekst;4
19941117;Sørskog - felt B1 og D2 (Ausvigheia);Bebyggelsesplan iht. reguleringsplan (PBL 1985);32;Endelig vedtatt arealplan;3;17.11.1994;Plan- og bygningsloven av 1985;4;På grunnen/vannoverflaten;2;Planbestemmelser både på kart og som egen tekst;4
19950330;Omreg. del av Masta;Eldre reguleringsplan (PBL 1985);30;Utgått/erstattet;5;30.03.1995;Plan- og bygningsloven av 1985 eller før;5;Under grunnen (tunnel), På grunnen/vannoverflaten, Over grunnen (bru);1, 2, 3;Med bestemmelser som egen tekst;1
19950425;Nodelandsheia - Trailbane;Eldre reguleringsplan (PBL 1985);30;Endelig vedtatt arealplan;3;31.05.1995;Plan- og bygningsloven av 1985 eller før;5;På grunnen/vannoverflaten;2;Med bestemmelser som egen tekst;1
19950515;Bedehus på Fjeldsgård;Bebyggelsesplan iht. kommuneplanens arealdel (PBL 1985);33;Utgått/erstattet;5;15.05.1995;Plan- og bygningsloven av 1985 eller før;5;På grunnen/vannoverflaten;2;Med bestemmelser som egen tekst;1
19950615;Gang- og sykkelvei, Leire - Ausvigheia;Eldre reguleringsplan (PBL 1985);30;Endelig vedtatt arealplan;3;15.06.1995;Plan- og bygningsloven av 1985;4;På grunnen/vannoverflaten;2;Planbestemmelser både på kart og som egen tekst;4
19950907;Del av Trysnes;Eldre reguleringsplan (PBL 1985);30;Utgått/erstattet;5;07.09.1995;Plan- og bygningsloven av 1985 eller før;5;Under grunnen (tunnel), På grunnen/vannoverflaten, Over grunnen (bru);1, 2, 3;Med bestemmelser som egen tekst;1
19950928;Sørskog - felt C1,C2,C3,C4 og F (Ausvigheia);Bebyggelsesplan iht. reguleringsplan (PBL 1985);32;Endelig vedtatt arealplan;3;28.09.1995;Plan- og bygningsloven av 1985;4;På grunnen/vannoverflaten;2;Planbestemmelser både på kart og som egen tekst;4
19951010;Gjenvinningsstasjon på Auglandsmoen;Bebyggelsesplan iht. kommuneplanens arealdel (PBL 1985);33;Endelig vedtatt arealplan;3;10.10.1995;Plan- og bygningsloven av 1985 eller før;5;På grunnen/vannoverflaten;2;Planbestemmelser både på kart og som egen tekst;4
19951214;Solta - Høllen;Eldre reguleringsplan (PBL 1985);30;Endelig vedtatt arealplan;3;14.12.1995;Plan- og bygningsloven av 1985 eller før;5;På grunnen/vannoverflaten;2;Planbestemmelser både på kart og som egen tekst;4
19960208;Gang- og sykkelveg, Tangvall - Lunde;Eldre reguleringsplan (PBL 1985);30;Endelig vedtatt arealplan;3;08.02.1996;Plan- og bygningsloven av 1985 eller før;5;På grunnen/vannoverflaten;2;Planbestemmelser både på kart og som egen tekst;4
19960521;Sørskog - felt K (Ausvigheia);Bebyggelsesplan iht. reguleringsplan (PBL 1985);32;Endelig vedtatt arealplan;3;21.05.1996;Plan- og bygningsloven av 1985;4;På grunnen/vannoverflaten;2;Planbestemmelser både på kart og som egen tekst;4
19960605;Klepland;Bebyggelsesplan iht. reguleringsplan (PBL 1985);32;Utgått/erstattet;5;05.06.1996;Plan- og bygningsloven av 1985 eller før;5;Under grunnen (tunnel), På grunnen/vannoverflaten, Over grunnen (bru);1, 2, 3;Med bestemmelser som egen tekst;1
19960613;Breiteien;Eldre reguleringsplan (PBL 1985);30;Endelig vedtatt arealplan;3;13.06.1996;Plan- og bygningsloven av 1985 eller før;5;På grunnen/vannoverflaten;2;Planbestemmelser både på kart og som egen tekst;4
19960919;Hytteområde Trysnes gnr.37 bnr.4;Eldre reguleringsplan (PBL 1985);30;Endelig vedtatt arealplan;3;19.09.1996;Plan- og bygningsloven av 1985 eller før;5;På grunnen/vannoverflaten;2;Planbestemmelser både på kart og som egen tekst;4
19961013;Langviga, Inner Kilen;Eldre reguleringsplan (PBL 1985);30;Endelig vedtatt arealplan;3;13.10.1996;Plan- og bygningsloven av 1985 eller før;5;På grunnen/vannoverflaten;2;Planbestemmelser både på kart og som egen tekst;4
19970115;Sydlig del av Nygårdshaven;Bebyggelsesplan iht. reguleringsplan (PBL 1985);32;Utgått/erstattet;5;15.01.1997;Plan- og bygningsloven av 1985 eller før;5;Under grunnen (tunnel), På grunnen/vannoverflaten, Over grunnen (bru);1, 2, 3;Med bestemmelser som egen tekst;1
19970305;Rv 461 Songdalsvegen, Brennåsen-Nodeland;Eldre reguleringsplan (PBL 1985);30;Utgått/erstattet;5;05.04.1997;Plan- og bygningsloven av 1985 eller før;5;På grunnen/vannoverflaten;2;Med bestemmelser som egen tekst;1
19970423;Hytteområde Trysnes gnr.37, bnr.4;Bebyggelsesplan iht. reguleringsplan (PBL 1985);32;Endelig vedtatt arealplan;3;23.04.1997;Plan- og bygningsloven av 1985 eller før;5;På grunnen/vannoverflaten;2;Planbestemmelser både på kart og som egen tekst;4
19970429;DISPOSISJONSPLAN for gn,23, bnr.52 m.fl.;Bebyggelsesplan iht. reguleringsplan (PBL 1985);32;Utgått/erstattet;5;29.04.1997;Plan- og bygningsloven av 1985 eller før;5;Under grunnen (tunnel), På grunnen/vannoverflaten, Over grunnen (bru);1, 2, 3;;
19970515;Industriområdet Linneflaten;Eldre reguleringsplan (PBL 1985);30;Endelig vedtatt arealplan;3;15.05.1997;Plan- og bygningsloven av 1985 eller før;5;På grunnen/vannoverflaten;2;Planbestemmelser både på kart og som egen tekst;4
19970911;Hytteplan Kikkerheia;Eldre reguleringsplan (PBL 1985);30;Endelig vedtatt arealplan;3;11.09.1997;Plan- og bygningsloven av 1985 eller før;5;På grunnen/vannoverflaten;2;Planbestemmelser både på kart og som egen tekst;4
19971006;Brennåsen del av 75/332,75/333 m.fl;Bebyggelsesplan iht. reguleringsplan (PBL 1985);32;Endelig vedtatt arealplan;3;16.04.1997;Plan- og bygningsloven av 1985 eller før;5;På grunnen/vannoverflaten;2;Planbestemmelser både på kart og som egen tekst;4
19980205;Søvik/Nodenes - Langenes;Eldre reguleringsplan (PBL 1985);30;Endelig vedtatt arealplan;3;05.02.1998;Plan- og bygningsloven av 1985 eller før;5;På grunnen/vannoverflaten;2;Planbestemmelser både på kart og som egen tekst;4
19980416;Indre Kilen hytteområde, del av gnr. 12 bnr. 1 - Kilen;Eldre reguleringsplan (PBL 1985);30;Endelig vedtatt arealplan;3;06.04.1998;Plan- og bygningsloven av 1985 eller før;5;På grunnen/vannoverflaten;2;Planbestemmelser både på kart og som egen tekst;4
19980424;Giskedalen - Terrassehusbebyggelse;Bebyggelsesplan iht. reguleringsplan (PBL 1985);32;Endelig vedtatt arealplan;3;24.04.1998;Plan- og bygningsloven av 1985;4;På grunnen/vannoverflaten;2;Planbestemmelser både på kart og som egen tekst;4
19980512;Sørskog - felt E (Ausvigheia);Bebyggelsesplan iht. reguleringsplan (PBL 1985);32;Endelig vedtatt arealplan;3;12.05.1998;Plan- og bygningsloven av 1985;4;På grunnen/vannoverflaten;2;Planbestemmelser både på kart og som egen tekst;4
19980514;Hytteområde på del av GB 20/6 m.fl - Åros;Eldre reguleringsplan (PBL 1985);30;Endelig vedtatt arealplan;3;14.05.1998;Plan- og bygningsloven av 1985 eller før;5;På grunnen/vannoverflaten;2;Med bestemmelser som egen tekst;1
19981015;Østre Bastholmen;Eldre reguleringsplan (PBL 1985);30;Opphevet;4;15.10.1998;Plan- og bygningsloven av 1985 eller før;5;På grunnen/vannoverflaten;2;Med bestemmelser som egen tekst;1
19981111;Myran;Bebyggelsesplan iht. reguleringsplan (PBL 1985);32;Endelig vedtatt arealplan;3;11.11.1998;Plan- og bygningsloven av 1985 eller før;5;På grunnen/vannoverflaten;2;Planbestemmelser både på kart og som egen tekst;4
19981118;Kolekniben;Eldre reguleringsplan (PBL 1985);30;Endelig vedtatt arealplan;3;18.11.1998;Plan- og bygningsloven av 1985 eller før;5;På grunnen/vannoverflaten;2;Planbestemmelser både på kart og som egen tekst;4
19981119;Del av gnr.17, bnr.114, 177 og 178 - Stokkelandsskogen;Eldre reguleringsplan (PBL 1985);30;Endelig vedtatt arealplan;3;19.11.1998;Plan- og bygningsloven av 1985 eller før;5;På grunnen/vannoverflaten;2;Med bestemmelser som egen tekst;1
19990120;Brennåsmoen 48;Bebyggelsesplan iht. reguleringsplan (PBL 1985);32;Endelig vedtatt arealplan;3;20.01.1999;Plan- og bygningsloven av 1985;4;På grunnen/vannoverflaten;2;Planbestemmelser både på kart og som egen tekst;4
19990210;Gang/sykkel vei Rosseland/Volleberg;Eldre reguleringsplan (PBL 1985);30;Endelig vedtatt arealplan;3;12.02.1999;Plan- og bygningsloven av 1985 eller før;5;På grunnen/vannoverflaten;2;Planbestemmelser både på kart og som egen tekst;4
19990311;Søgne gamle prestegård - Søgne videregående skole og omkringliggende arealer;Eldre reguleringsplan (PBL 1985);30;Endelig vedtatt arealplan;3;11.03.1999;Plan- og bygningsloven av 1985 eller før;5;På grunnen/vannoverflaten;2;Med bestemmelser som egen tekst;1
19990324;Del av Spjotnesvegen;Eldre reguleringsplan (PBL 1985);30;Endelig vedtatt arealplan;3;24.03.1999;Plan- og bygningsloven av 1985 eller før;5;På grunnen/vannoverflaten;2;Planbestemmelser både på kart og som egen tekst;4
19990609;Vestre Klepland omr.3B - Amerikaveien;Bebyggelsesplan iht. reguleringsplan (PBL 1985);32;Opphevet;4;09.06.1999;Plan- og bygningsloven av 1985 eller før;5;På grunnen/vannoverflaten;2;Med bestemmelser som egen tekst;1
19991014;Del av gnr.47, bnr.2 - Røsstad;Eldre reguleringsplan (PBL 1985);30;Endelig vedtatt arealplan;3;14.10.1999;Plan- og bygningsloven av 1985 eller før;5;På grunnen/vannoverflaten;2;Med bestemmelser som egen tekst;1
19991018;Vedderheia - felt D;Bebyggelsesplan iht. reguleringsplan (PBL 1985);32;Endelig vedtatt arealplan;3;18.10.1999;Plan- og bygningsloven av 1985;4;På grunnen/vannoverflaten;2;Planbestemmelser både på kart og som egen tekst;4
19991115;Sørskog - område D1 og del av område F (Ausvigheia);Bebyggelsesplan iht. reguleringsplan (PBL 1985);32;Endelig vedtatt arealplan;3;15.11.1999;Plan- og bygningsloven av 1985;4;På grunnen/vannoverflaten;2;Planbestemmelser både på kart og som egen tekst;4
20000309;"Del av Gnr.71/20, 71/22 og 71/26 ""Tinntjønna""";Eldre reguleringsplan (PBL 1985);30;Utgått/erstattet;5;09.03.2000;Plan- og bygningsloven av 1985 eller før;5;På grunnen/vannoverflaten;2;Planbestemmelser både på kart og som egen tekst;4
20000518;"Mebygg for gnr.73, bnr.23 og gnr.72, bnr.25 (""Sylvans jorde"")";Bebyggelsesplan iht. reguleringsplan (PBL 1985);32;Utgått/erstattet;5;18.05.2000;Plan- og bygningsloven av 1985 eller før;5;På grunnen/vannoverflaten;2;Med bestemmelser som egen tekst;1
20001014;Kommunedelplan Trysnes/Heftenes/Hallandvik;Kommunedelplan;21;Utgått/erstattet;5;14.10.2000;Plan- og bygningsloven av 1985 eller før;5;Under grunnen (tunnel), På grunnen/vannoverflaten, Over grunnen (bru);1, 2, 3;Planbestemmelser fremgår av kartet (byggehøyder m.v.);3
20010102;Sørskog - Ausvigheia 134-150;Bebyggelsesplan iht. reguleringsplan (PBL 1985);32;Endelig vedtatt arealplan;3;02.01.2001;Plan- og bygningsloven av 1985;4;På grunnen/vannoverflaten;2;Planbestemmelser både på kart og som egen tekst;4
20010201;Masta;Eldre reguleringsplan (PBL 1985);30;Utgått/erstattet;5;01.02.2001;Plan- og bygningsloven av 1985 eller før;5;På grunnen/vannoverflaten;2;Med bestemmelser som egen tekst;1
20010404;Vedderheia - felt E, F og del av I;Bebyggelsesplan iht. reguleringsplan (PBL 1985);32;Endelig vedtatt arealplan;3;04.04.2001;Plan- og bygningsloven av 1985;4;På grunnen/vannoverflaten;2;Planbestemmelser både på kart og som egen tekst;4
20010405;Leirkilen, gnr.20, bnr.225 og 226;Eldre reguleringsplan (PBL 1985);30;Endelig vedtatt arealplan;3;05.04.2001;Plan- og bygningsloven av 1985 eller før;5;På grunnen/vannoverflaten;2;Planbestemmelser både på kart og som egen tekst;4
20010621;Nodeland Sentrum 2000;Eldre reguleringsplan (PBL 1985);30;Endelig vedtatt arealplan;3;21.06.2001;Plan- og bygningsloven av 1985 eller før;5;På grunnen/vannoverflaten;2;Planbestemmelser både på kart og som egen tekst;4
20010712;Tinntjønn skole;Bebyggelsesplan iht. reguleringsplan (PBL 1985);32;Endelig vedtatt arealplan;3;12.07.2001;Plan- og bygningsloven av 1985 eller før;5;På grunnen/vannoverflaten;2;Planbestemmelser både på kart og som egen tekst;4
20020320;Motorkrossbane Venemyr, Spikkeland;Eldre reguleringsplan (PBL 1985);30;Endelig vedtatt arealplan;3;20.03.2002;Plan- og bygningsloven av 1985 eller før;5;På grunnen/vannoverflaten;2;Planbestemmelser både på kart og som egen tekst;4
20020410;Hortemo Ringveg 22;Eldre reguleringsplan (PBL 1985);30;Utgått/erstattet;5;10.04.2002;Plan- og bygningsloven av 1985 eller før;5;På grunnen/vannoverflaten;2;Med bestemmelser som egen tekst;1
20020619;Falchs jorde;Eldre reguleringsplan (PBL 1985);30;Utgått/erstattet;5;19.06.2002;Plan- og bygningsloven av 1985 eller før;5;På grunnen/vannoverflaten;2;Med bestemmelser som egen tekst;1
20020823;Ny-Hellesund;Eldre reguleringsplan (PBL 1985);30;Endelig vedtatt arealplan;3;23.08.2002;Plan- og bygningsloven av 1985 eller før;5;På grunnen/vannoverflaten;2;Med bestemmelser som egen tekst;1
20020919;Del av gnr. 23, bnr. 61 - Udjus;Eldre reguleringsplan (PBL 1985);30;Endelig vedtatt arealplan;3;19.09.2002;Plan- og bygningsloven av 1985 eller før;5;På grunnen/vannoverflaten;2;Med bestemmelser som egen tekst;1
20021219;G/S - vei fra Hølleveien til Søgne videregående skole;Eldre reguleringsplan (PBL 1985);30;Endelig vedtatt arealplan;3;19.12.2002;Plan- og bygningsloven av 1985 eller før;5;På grunnen/vannoverflaten;2;Med bestemmelser som egen tekst;1
20030403;Felt F2 ,Tangvall;Eldre reguleringsplan (PBL 1985);30;Utgått/erstattet;5;03.04.2003;Plan- og bygningsloven av 1985 eller før;5;På grunnen/vannoverflaten;2;Med bestemmelser som egen tekst;1
20030424;Falchs jorde mm. Tangvall;Eldre reguleringsplan (PBL 1985);30;Utgått/erstattet;5;24.04.2003;Plan- og bygningsloven av 1985 eller før;5;På grunnen/vannoverflaten;2;Med bestemmelser som egen tekst;1
20030618;Greleholmen;Bebyggelsesplan iht. kommuneplanens arealdel (PBL 1985);33;Endelig vedtatt arealplan;3;18.06.2003;Plan- og bygningsloven av 1985 eller før;5;På grunnen/vannoverflaten;2;Planbestemmelser både på kart og som egen tekst;4
20030619;Søvigheia boligfelt;Eldre reguleringsplan (PBL 1985);30;Endelig vedtatt arealplan;3;19.06.2003;Plan- og bygningsloven av 1985 eller før;5;På grunnen/vannoverflaten;2;Planbestemmelser både på kart og som egen tekst;4
20030625;Tunballen skole (endring av r44 og r75);Eldre reguleringsplan (PBL 1985);30;Endelig vedtatt arealplan;3;25.06.2003;Plan- og bygningsloven av 1985 eller før;5;På grunnen/vannoverflaten;2;Planbestemmelser både på kart og som egen tekst;4
20030917;Gnr. 21, bnr. 12 (Monsøya);Bebyggelsesplan iht. reguleringsplan (PBL 1985);32;Endelig vedtatt arealplan;3;17.09.2003;Plan- og bygningsloven av 1985 eller før;5;På grunnen/vannoverflaten;2;Planbestemmelser både på kart og som egen tekst;4
20040115;Falchs jorde;Eldre reguleringsplan (PBL 1985);30;Utgått/erstattet;5;01.03.2005;Plan- og bygningsloven av 1985 eller før;5;På grunnen/vannoverflaten;2;Med bestemmelser som egen tekst;1
20040211;Songdalen håndverkspark;Eldre reguleringsplan (PBL 1985);30;Endelig vedtatt arealplan;3;11.02.2004;Plan- og bygningsloven av 1985 eller før;5;På grunnen/vannoverflaten;2;Planbestemmelser både på kart og som egen tekst;4
20040324;Åseshola;Eldre reguleringsplan (PBL 1985);30;Endelig vedtatt arealplan;3;24.03.2004;Plan- og bygningsloven av 1985 eller før;5;På grunnen/vannoverflaten;2;Planbestemmelser både på kart og som egen tekst;4
20040505;Kleivset gnr.58, bnr.8,11,13,14,15,16,17;Bebyggelsesplan iht. kommuneplanens arealdel (PBL 1985);33;Endelig vedtatt arealplan;3;05.05.2004;Plan- og bygningsloven av 1985 eller før;5;På grunnen/vannoverflaten;2;Planbestemmelser både på kart og som egen tekst;4
20040617;Gang/sykkelvei fra Hølleveien til Vaglen;Eldre reguleringsplan (PBL 1985);30;Endelig vedtatt arealplan;3;17.06.2004;Plan- og bygningsloven av 1985 eller før;5;På grunnen/vannoverflaten;2;Med bestemmelser som egen tekst;1
20041104;Vedderheia  G, H og J;Eldre reguleringsplan (PBL 1985);30;Endelig vedtatt arealplan;3;04.11.2004;Plan- og bygningsloven av 1985;4;På grunnen/vannoverflaten;2;Planbestemmelser både på kart og som egen tekst;4
20050216;Bukksteinsdalen Terrasse;Eldre reguleringsplan (PBL 1985);30;Endelig vedtatt arealplan;3;16.02.2005;Plan- og bygningsloven av 1985 eller før;5;På grunnen/vannoverflaten;2;Planbestemmelser både på kart og som egen tekst;4
20050525;Kilen gnr/bnr 15/8;Eldre reguleringsplan (PBL 1985);30;Endelig vedtatt arealplan;3;26.05.2005;Plan- og bygningsloven av 1985 eller før;5;På grunnen/vannoverflaten;2;Planbestemmelser både på kart og som egen tekst;4
20050908;Borøya med omkringliggende øyer og holmer;Kommunedelplan;21;Endelig vedtatt arealplan;3;08.09.2005;Plan- og bygningsloven av 1985 eller før;5;;;Med bestemmelser som egen tekst;1
20050928;Bjønnskjerrknatten og 5-avdelingsbarnehage - del av gnr. 77 bnr. 1 og 23;Eldre reguleringsplan (PBL 1985);30;Endelig vedtatt arealplan;3;28.05.2005;Plan- og bygningsloven av 1985 eller før;5;På grunnen/vannoverflaten;2;Planbestemmelser både på kart og som egen tekst;4
20051214;Fossmoen;Eldre reguleringsplan (PBL 1985);30;Endelig vedtatt arealplan;3;14.12.2005;Plan- og bygningsloven av 1985 eller før;5;På grunnen/vannoverflaten;2;Planbestemmelser både på kart og som egen tekst;4
20060111;Tverfjellan hyttefelt;Eldre reguleringsplan (PBL 1985);30;Endelig vedtatt arealplan;3;01.11.2006;Plan- og bygningsloven av 1985 eller før;5;På grunnen/vannoverflaten;2;Med bestemmelser som egen tekst;1
20060125;Gang- og sykkelveg Nodeland (Skinnarsmoen til Hortemo);Eldre reguleringsplan (PBL 1985);30;Endelig vedtatt arealplan;3;25.01.2006;Plan- og bygningsloven av 1985 eller før;5;På grunnen/vannoverflaten;2;Planbestemmelser både på kart og som egen tekst;4
20060308;Oceaneering Rotator A/S;Eldre reguleringsplan (PBL 1985);30;Utgått/erstattet;5;08.03.2006;Plan- og bygningsloven av 1985 eller før;5;På grunnen/vannoverflaten;2;Med bestemmelser som egen tekst;1
20060830;Fagermoen;Eldre reguleringsplan (PBL 1985);30;Endelig vedtatt arealplan;3;30.08.2006;Plan- og bygningsloven av 1985 eller før;5;På grunnen/vannoverflaten;2;Planbestemmelser både på kart og som egen tekst;4
20061213;Hortemo;Eldre reguleringsplan (PBL 1985);30;Endelig vedtatt arealplan;3;13.12.2006;Plan- og bygningsloven av 1985 eller før;5;På grunnen/vannoverflaten;2;Planbestemmelser både på kart og som egen tekst;4
20070328;Vatneli Nord;Eldre reguleringsplan (PBL 1985);30;Endelig vedtatt arealplan;3;28.03.2007;Plan- og bygningsloven av 1985 eller før;5;På grunnen/vannoverflaten;2;Planbestemmelser både på kart og som egen tekst;4
20070523;Rosseland, del av gnr. 75 bnr. 5 og 6;Eldre reguleringsplan (PBL 1985);30;Endelig vedtatt arealplan;3;23.05.2007;Plan- og bygningsloven av 1985 eller før;5;På grunnen/vannoverflaten;2;Planbestemmelser både på kart og som egen tekst;4
20070926;Kilen Øst gnr. 15 bnr. 17, 20, 21;Eldre reguleringsplan (PBL 1985);30;Endelig vedtatt arealplan;3;26.09.2007;Plan- og bygningsloven av 1985 eller før;5;På grunnen/vannoverflaten;2;Planbestemmelser både på kart og som egen tekst;4
20071220;Gnr. 18, Bnr. 51, 139 og 140, Stauslandsveien;Eldre reguleringsplan (PBL 1985);30;Endelig vedtatt arealplan;3;20.12.2007;Plan- og bygningsloven av 1985 eller før;5;På grunnen/vannoverflaten;2;Med bestemmelser som egen tekst;1
20080213;Lundemoen  (GB 71/117);Bebyggelsesplan iht. reguleringsplan (PBL 1985);32;Endelig vedtatt arealplan;3;12.08.2008;Plan- og bygningsloven av 1985 eller før;5;På grunnen/vannoverflaten;2;Planbestemmelser både på kart og som egen tekst;4
20080430;Nodelandsheia Øst;Kommunedelplan;21;Utgått/erstattet;5;30.04.2008;Plan- og bygningsloven av 1985 eller før;5;;;Planbestemmelser fremgår av kartet (byggehøyder m.v.);3
20080528;Svarttjønnheia, del av;Eldre reguleringsplan (PBL 1985);30;Endelig vedtatt arealplan;3;28.05.2008;Plan- og bygningsloven av 1985 eller før;5;På grunnen/vannoverflaten;2;Planbestemmelser både på kart og som egen tekst;4
20080620;Fagermoen, område O1, B/F/K-1 og B/F/K-2;Bebyggelsesplan iht. reguleringsplan (PBL 1985);32;Endelig vedtatt arealplan;3;20.06.2008;Plan- og bygningsloven av 1985;4;På grunnen/vannoverflaten;2;Planbestemmelser både på kart og som egen tekst;4
20080625;Eventyrheia barnehage;Eldre reguleringsplan (PBL 1985);30;Endelig vedtatt arealplan;3;25.06.2008;Plan- og bygningsloven av 1985;4;På grunnen/vannoverflaten;2;Planbestemmelser både på kart og som egen tekst;4
20081217;Vestmoen;Eldre reguleringsplan (PBL 1985);30;Endelig vedtatt arealplan;3;17.12.2008;Plan- og bygningsloven av 1985 eller før;5;På grunnen/vannoverflaten;2;Planbestemmelser både på kart og som egen tekst;4
20090128;E39 - Mjåvannsvegen - kryss;Eldre reguleringsplan (PBL 1985);30;Endelig vedtatt arealplan;3;14.02.2009;Plan- og bygningsloven av 1985 eller før;5;På grunnen/vannoverflaten;2;Planbestemmelser både på kart og som egen tekst;4
20090205;Giskedalsodden;Eldre reguleringsplan (PBL 1985);30;Endelig vedtatt arealplan;3;05.02.2009;Plan- og bygningsloven av 1985 eller før;5;På grunnen/vannoverflaten;2;Med bestemmelser som egen tekst;1
20090312;Gang- og sykkelvei, Moneveien - Vaglen;Eldre reguleringsplan (PBL 1985);30;Endelig vedtatt arealplan;3;12.03.2009;Plan- og bygningsloven av 1985 eller før;5;På grunnen/vannoverflaten;2;Med bestemmelser som egen tekst;1
20090316;Åsane, Skarpeid - GB 36/2;Eldre reguleringsplan (PBL 1985);30;Utgått/erstattet;5;12.03.2009;Plan- og bygningsloven av 1985 eller før;5;På grunnen/vannoverflaten;2;Med bestemmelser som egen tekst;1
20090325;Mjåvann, gnr. 113 bnr. 51;Eldre reguleringsplan (PBL 1985);30;Endelig vedtatt arealplan;3;25.03.2009;Plan- og bygningsloven av 1985;4;På grunnen/vannoverflaten;2;Planbestemmelser både på kart og som egen tekst;4
20090429;Blomsterenga, Øvre Hortemo;Eldre reguleringsplan (PBL 1985);30;Endelig vedtatt arealplan;3;29.04.2009;Plan- og bygningsloven av 1985 eller før;5;På grunnen/vannoverflaten;2;Planbestemmelser både på kart og som egen tekst;4
20090506;Gnr 31, bnr 24, Oftenes;Detaljregulering;35;Endelig vedtatt arealplan;3;06.05.2009;Plan- og bygningsloven av 2008;6;På grunnen/vannoverflaten;2;Planbestemmelser både på kart og som egen tekst;4
20090514;Vestmovegen 1;Eldre reguleringsplan (PBL 1985);30;Endelig vedtatt arealplan;3;14.05.2009;Plan- og bygningsloven av 1985;4;På grunnen/vannoverflaten;2;Planbestemmelser både på kart og som egen tekst;4
20090617;Nettholmen;Bebyggelsesplan iht. reguleringsplan (PBL 1985);32;Endelig vedtatt arealplan;3;17.06.2009;Plan- og bygningsloven av 1985 eller før;5;På grunnen/vannoverflaten;2;Planbestemmelser både på kart og som egen tekst;4
20090618;Sjøstjerna barnehage;Eldre reguleringsplan (PBL 1985);30;Endelig vedtatt arealplan;3;18.06.2009;Plan- og bygningsloven av 1985 eller før;5;På grunnen/vannoverflaten;2;Med bestemmelser som egen tekst;1
20090625;Gnr 28, bnr 44 og 131 m.fl., Salemsveien;Eldre reguleringsplan (PBL 1985);30;Endelig vedtatt arealplan;3;25.06.2009;Plan- og bygningsloven av 1985;4;På grunnen/vannoverflaten;2;Med bestemmelser som egen tekst;1
20090924;Del av Kileneset;Eldre reguleringsplan (PBL 1985);30;Endelig vedtatt arealplan;3;24.09.2009;Plan- og bygningsloven av 1985;4;På grunnen/vannoverflaten;2;Med bestemmelser som egen tekst;1
20091022;Tømmervigodden GB 37/17 og 37/269;Eldre reguleringsplan (PBL 1985);30;Endelig vedtatt arealplan;3;22.10.2009;Plan- og bygningsloven av 1985 eller før;5;På grunnen/vannoverflaten;2;Med bestemmelser som egen tekst;1
20091126;Sandvika friområde;Eldre reguleringsplan (PBL 1985);30;Endelig vedtatt arealplan;3;26.11.2009;Plan- og bygningsloven av 1985 eller før;5;På grunnen/vannoverflaten;2;Planbestemmelser både på kart og som egen tekst;4
20091216;Skinnarsmoen;Eldre reguleringsplan (PBL 1985);30;Endelig vedtatt arealplan;3;16.12.2009;Plan- og bygningsloven av 1985 eller før;5;På grunnen/vannoverflaten;2;Planbestemmelser både på kart og som egen tekst;4
20091217;Rådhusområdet - Tangvall sentrum;Eldre reguleringsplan (PBL 1985);30;Endelig vedtatt arealplan;3;17.12.2009;Plan- og bygningsloven av 1985;4;På grunnen/vannoverflaten;2;Planbestemmelser både på kart og som egen tekst;4
20100113;Vedderheia nord;Eldre reguleringsplan (PBL 1985);30;Endelig vedtatt arealplan;3;04.02.2010;Plan- og bygningsloven av 1985;4;På grunnen/vannoverflaten;2;Planbestemmelser både på kart og som egen tekst;4
20100127;Hagen II;Eldre reguleringsplan (PBL 1985);30;Endelig vedtatt arealplan;3;14.02.2010;Plan- og bygningsloven av 1985 eller før;5;På grunnen/vannoverflaten;2;Planbestemmelser både på kart og som egen tekst;4
20100428;Tunballen;Eldre reguleringsplan (PBL 1985);30;Endelig vedtatt arealplan;3;28.04.2010;Plan- og bygningsloven av 1985;4;På grunnen/vannoverflaten;2;Planbestemmelser både på kart og som egen tekst;4
20100624;Nodeland - krysningsspor;Eldre reguleringsplan (PBL 1985);30;Utgått/erstattet;5;24.06.2010;Plan- og bygningsloven av 1985;4;På grunnen/vannoverflaten;2;Med bestemmelser som egen tekst;1
20100901;Midtheia;Eldre reguleringsplan (PBL 1985);30;Endelig vedtatt arealplan;3;01.09.2010;Plan- og bygningsloven av 1985 eller før;5;På grunnen/vannoverflaten;2;Planbestemmelser både på kart og som egen tekst;4
20101028;Fritidsbebyggelse - Skarpeid, GB 35/8 m.fl.;Eldre reguleringsplan (PBL 1985);30;Endelig vedtatt arealplan;3;28.10.2010;Plan- og bygningsloven av 1985;4;På grunnen/vannoverflaten;2;Med bestemmelser som egen tekst;1
20101125;Åros feriesenter;Eldre reguleringsplan (PBL 1985);30;Utgått/erstattet;5;25.11.2010;Plan- og bygningsloven av 1985 eller før;5;På grunnen/vannoverflaten;2;Planbestemmelser både på kart og som egen tekst;4
20101215;Mebakken;Eldre reguleringsplan (PBL 1985);30;Endelig vedtatt arealplan;3;15.12.2010;Plan- og bygningsloven av 1985 eller før;5;På grunnen/vannoverflaten;2;Planbestemmelser både på kart og som egen tekst;4
20110126;Kulia, del av gnr. 107 bnr. 2;Detaljregulering;35;Endelig vedtatt arealplan;3;26.01.2011;Plan- og bygningsloven av 2008;6;På grunnen/vannoverflaten;2;Planbestemmelser både på kart og som egen tekst;4
20110217;Del av Tånevik - Olstø;Eldre reguleringsplan (PBL 1985);30;Endelig vedtatt arealplan;3;17.02.2011;Plan- og bygningsloven av 1985 eller før;5;På grunnen/vannoverflaten;2;Planbestemmelser både på kart og som egen tekst;4
20110615;Hølleheiveien 14 b-c-d-e;Bebyggelsesplan iht. reguleringsplan (PBL 1985);32;Endelig vedtatt arealplan;3;15.06.2011;Plan- og bygningsloven av 1985;4;På grunnen/vannoverflaten;2;Planbestemmelser både på kart og som egen tekst;4
20110616;Søylebukta;Eldre reguleringsplan (PBL 1985);30;Endelig vedtatt arealplan;3;16.06.2011;Plan- og bygningsloven av 1985;4;På grunnen/vannoverflaten;2;Med bestemmelser som egen tekst;1
20120223;Stemveien 13;Eldre reguleringsplan (PBL 1985);30;Endelig vedtatt arealplan;3;23.02.2012;Plan- og bygningsloven av 1985 eller før;5;På grunnen/vannoverflaten;2;Med bestemmelser som egen tekst;1
20120322;Pålsneset;Eldre reguleringsplan (PBL 1985);30;Endelig vedtatt arealplan;3;22.03.2012;Plan- og bygningsloven av 1985;4;På grunnen/vannoverflaten;2;Planbestemmelser både på kart og som egen tekst;4
20121115;Småbåthavn på Skarpeid;Eldre reguleringsplan (PBL 1985);30;Endelig vedtatt arealplan;3;15.11.2012;Plan- og bygningsloven av 1985;4;På grunnen/vannoverflaten;2;Med bestemmelser som egen tekst;1
2007-2016;Kommuneplan Søgne kommune 2007-2016;Kommuneplanens arealdel;20;Utgått/erstattet;5;21.06.2007;Plan- og bygningsloven av 1985 eller før;5;;;Planbestemmelser både på kart og som egen tekst;4
2012-2020;Kommuneplanens arealdel 2012-2020;Kommuneplanens arealdel;20;Utgått/erstattet;5;20.12.2012;Plan- og bygningsloven av 2008;6;;;Med bestemmelser som egen tekst;1
201412 E2;Endring av reguleringsplan for Tangvall sentrum nord;Detaljregulering;35;Planforslag;2;;Plan- og bygningsloven av 2008;6;På grunnen/vannoverflaten;2;Planbestemmelser både på kart og som egen tekst;4
201906 E3;Endring av reguleringsplan for Nodeland sentrum - felt BS4-BS12 og SGT2;Områderegulering;34;Planforslag;2;;Plan- og bygningsloven av 2008;6;På grunnen/vannoverflaten;2;Planbestemmelser både på kart og som egen tekst;4
1018201102;Trollneset;Områderegulering;34;Endelig vedtatt arealplan;3;26.01.2012;Plan- og bygningsloven av 2008;6;På grunnen/vannoverflaten;2;Planbestemmelser både på kart og som egen tekst;4
1018201104;Ålo terrasse;Detaljregulering;35;Endelig vedtatt arealplan;3;23.02.2012;Plan- og bygningsloven av 2008;6;På grunnen/vannoverflaten;2;Planbestemmelser både på kart og som egen tekst;4
1018201105;Lastadtoppen, GB 38/10;Detaljregulering;35;Endelig vedtatt arealplan;3;23.02.2012;Plan- og bygningsloven av 2008;6;På grunnen/vannoverflaten;2;Planbestemmelser både på kart og som egen tekst;4
1018201107;Åros Strandsti;Detaljregulering;35;Endelig vedtatt arealplan;3;29.03.2012;Plan- og bygningsloven av 2008;6;På grunnen/vannoverflaten;2;Planbestemmelser både på kart og som egen tekst;4
1018201109;Skytebane Årdalen;Områderegulering;34;Endelig vedtatt arealplan;3;29.04.2015;Plan- og bygningsloven av 2008;6;På grunnen/vannoverflaten;2;Planbestemmelser både på kart og som egen tekst;4
1018201110;Linnegrøvan næringsområde;Områderegulering;34;Endelig vedtatt arealplan;3;27.03.2014;Plan- og bygningsloven av 2008;6;På grunnen/vannoverflaten;2;Planbestemmelser både på kart og som egen tekst;4
1018201202;Nedre Daleheia;Områderegulering;34;Endelig vedtatt arealplan;3;11.10.2012;Plan- og bygningsloven av 2008;6;På grunnen/vannoverflaten;2;Planbestemmelser både på kart og som egen tekst;4
1018201204;Paradisbukta - vest;Detaljregulering;35;Endelig vedtatt arealplan;3;06.09.2012;Plan- og bygningsloven av 2008;6;På grunnen/vannoverflaten;2;Planbestemmelser både på kart og som egen tekst;4
1018201205;Kvernhustangen;Områderegulering;34;Endelig vedtatt arealplan;3;22.05.2014;Plan- og bygningsloven av 2008;6;På grunnen/vannoverflaten;2;Planbestemmelser både på kart og som egen tekst;4
1018201301;Vigestranda sør;Detaljregulering;35;Endelig vedtatt arealplan;3;19.02.2015;Plan- og bygningsloven av 2008;6;På grunnen/vannoverflaten;2;Planbestemmelser både på kart og som egen tekst;4
1018201304;Vedderheia -  gnr 71 og bnr 550;Detaljregulering;35;Uaktuell/trukket;10;;Plan- og bygningsloven av 2008;6;På grunnen/vannoverflaten;2;Med bestemmelser som egen tekst;1
1018201401;Dvalås syd;Detaljregulering;35;Endelig vedtatt arealplan;3;24.09.2015;Plan- og bygningsloven av 2008;6;På grunnen/vannoverflaten;2;Planbestemmelser både på kart og som egen tekst;4
1018201404;Svanevågen;Detaljregulering;35;Endelig vedtatt arealplan;3;28.09.2017;Plan- og bygningsloven av 2008;6;På grunnen/vannoverflaten;2;Planbestemmelser både på kart og som egen tekst;4
1018201406;Åsafjellet, vest;Detaljregulering;35;Endelig vedtatt arealplan;3;27.09.2018;Plan- og bygningsloven av 2008;6;På grunnen/vannoverflaten;2;Planbestemmelser både på kart og som egen tekst;4
1018201501;Vaglen;Detaljregulering;35;Uaktuell/trukket;10;;Plan- og bygningsloven av 2008;6;På grunnen/vannoverflaten;2;Med bestemmelser som egen tekst;1
1018201604;Hølleveien - Tangvall til Stauslandsveien - del av;Detaljregulering;35;Endelig vedtatt arealplan;3;26.09.2019;Plan- og bygningsloven av 2008;6;På grunnen/vannoverflaten;2;Planbestemmelser både på kart og som egen tekst;4
1018201605;Branesveien 102;Detaljregulering;35;Endelig vedtatt arealplan;3;30.08.2018;Plan- og bygningsloven av 2008;6;På grunnen/vannoverflaten;2;Planbestemmelser både på kart og som egen tekst;4
1018201607;Lundekleiva øst - vei;Detaljregulering;35;Endelig vedtatt arealplan;3;28.03.2019;Plan- og bygningsloven av 2008;6;På grunnen/vannoverflaten;2;Planbestemmelser både på kart og som egen tekst;4
1018201701;Skytterveien 50 (barnehage);Detaljregulering;35;Uaktuell/trukket;10;;Plan- og bygningsloven av 2008;6;På grunnen/vannoverflaten;2;Med bestemmelser som egen tekst;1
1018201705;Vedderheia nord, felt B21;Detaljregulering;35;Endelig vedtatt arealplan;3;26.04.2018;Plan- og bygningsloven av 2008;6;På grunnen/vannoverflaten;2;Planbestemmelser både på kart og som egen tekst;4
19640122-1;Stauslandsmoen;Eldre reguleringsplan (PBL 1985);30;Endelig vedtatt arealplan;3;22.01.1964;Plan- og bygningsloven av 1985 eller før;5;På grunnen/vannoverflaten;2;Med bestemmelser som egen tekst;1
19640122-2;Område av Eikeheia;Eldre reguleringsplan (PBL 1985);30;Utgått/erstattet;5;22.01.1964;Plan- og bygningsloven av 1985 eller før;5;På grunnen/vannoverflaten;2;Med bestemmelser som egen tekst;1
19780821-1;Langenes/del av Nodenes;Eldre reguleringsplan (PBL 1985);30;Utgått/erstattet;5;21.08.1978;Plan- og bygningsloven av 1985 eller før;5;På grunnen/vannoverflaten;2;Med bestemmelser som egen tekst;1
19780821-2;Del av Linnegrøvan, del 1 omreg.;Eldre reguleringsplan (PBL 1985);30;Opphevet;4;21.08.1978;Plan- og bygningsloven av 1985 eller før;5;På grunnen/vannoverflaten;2;Med bestemmelser som egen tekst;1
19780929-2;Industriområde Lohnelia;Eldre reguleringsplan (PBL 1985);30;Utgått/erstattet;5;29.05.1978;Plan- og bygningsloven av 1985 eller før;5;På grunnen/vannoverflaten;2;Med bestemmelser som egen tekst;1
19800603-1;Småbåthavn Vestre Krossnes - Prestebukta;Eldre reguleringsplan (PBL 1985);30;Endelig vedtatt arealplan;3;03.06.1980;Plan- og bygningsloven av 1985 eller før;5;På grunnen/vannoverflaten;2;Planbestemmelser både på kart og som egen tekst;4
19800603-2;Del av Solta;Eldre reguleringsplan (PBL 1985);30;Endelig vedtatt arealplan;3;03.06.1980;Plan- og bygningsloven av 1985 eller før;5;På grunnen/vannoverflaten;2;Planbestemmelser både på kart og som egen tekst;4
19801106-1;Rægeviga på Borøya ;Bebyggelsesplan iht. reguleringsplan (PBL 1985);32;Opphevet;4;06.11.1980;Plan- og bygningsloven av 1985 eller før;5;På grunnen/vannoverflaten;2;Planbestemmelser både på kart og som egen tekst;4
19801106-2;Grasholmen i Søgne - nordre del;Bebyggelsesplan iht. reguleringsplan (PBL 1985);32;Opphevet;4;06.11.1980;Plan- og bygningsloven av 1985 eller før;5;På grunnen/vannoverflaten;2;Med bestemmelser som egen tekst;1
19821124_1;Volleberg I - Rekkehus Vollevegen 2 - reguleringsendring ;Eldre reguleringsplan (PBL 1985);30;Utgått/erstattet;5;15.12.1982;Plan- og bygningsloven av 1985 eller før;5;På grunnen/vannoverflaten;2;Med bestemmelser som egen tekst;1
19841126-1;Gnr.2, bnr.29 samt parsell av gnr.2, bnr.11 og 16 i Søgne;Eldre reguleringsplan (PBL 1985);30;Endelig vedtatt arealplan;3;26.11.1984;Plan- og bygningsloven av 1985 eller før;5;På grunnen/vannoverflaten;2;Planbestemmelser både på kart og som egen tekst;4
19841126-2;Del av gnr.30, bnr.26, Ausviga;Eldre reguleringsplan (PBL 1985);30;Endelig vedtatt arealplan;3;26.11.1984;Plan- og bygningsloven av 1985 eller før;5;På grunnen/vannoverflaten;2;Planbestemmelser både på kart og som egen tekst;4
19841220-1;Fåmyråsen;Eldre reguleringsplan (PBL 1985);30;Endelig vedtatt arealplan;3;18.12.1984;Plan- og bygningsloven av 1985 eller før;5;På grunnen/vannoverflaten;2;Planbestemmelser både på kart og som egen tekst;4
19841220-2;Fåmyråsen;Bebyggelsesplan iht. reguleringsplan (PBL 1985);32;Endelig vedtatt arealplan;3;18.12.1984;Plan- og bygningsloven av 1985 eller før;5;På grunnen/vannoverflaten;2;Planbestemmelser både på kart og som egen tekst;4
19860903-1;Svarttjønnheia;Eldre reguleringsplan (PBL 1985);30;Endelig vedtatt arealplan;3;03.09.1986;Plan- og bygningsloven av 1985 eller før;5;På grunnen/vannoverflaten;2;Planbestemmelser både på kart og som egen tekst;4
19870521-1;Del av Høllebakken;Eldre reguleringsplan (PBL 1985);30;Endelig vedtatt arealplan;3;21.05.1987;Plan- og bygningsloven av 1985 eller før;5;På grunnen/vannoverflaten;2;Planbestemmelser både på kart og som egen tekst;4
19870521-2;Del av Nygårdsheia;Eldre reguleringsplan (PBL 1985);30;Endelig vedtatt arealplan;3;21.05.1987;Plan- og bygningsloven av 1985 eller før;5;På grunnen/vannoverflaten;2;Planbestemmelser både på kart og som egen tekst;4
19870521-3;Vedderheia;Eldre reguleringsplan (PBL 1985);30;Endelig vedtatt arealplan;3;21.05.1987;Plan- og bygningsloven av 1985;4;På grunnen/vannoverflaten;2;Planbestemmelser både på kart og som egen tekst;4
19870903-1;Masta;Eldre reguleringsplan (PBL 1985);30;Utgått/erstattet;5;03.09.1987;Plan- og bygningsloven av 1985 eller før;5;Under grunnen (tunnel), På grunnen/vannoverflaten, Over grunnen (bru);1, 2, 3;Med bestemmelser som egen tekst;1
19870903-2;Småbåthavn - Trysnes;Eldre reguleringsplan (PBL 1985);30;Utgått/erstattet;5;03.09.1987;Plan- og bygningsloven av 1985 eller før;5;Under grunnen (tunnel), På grunnen/vannoverflaten, Over grunnen (bru);1, 2, 3;Med bestemmelser som egen tekst;1
19871216-1;Gb 23/194 Sangvik mm;Eldre reguleringsplan (PBL 1985);30;Endelig vedtatt arealplan;3;16.12.1987;Plan- og bygningsloven av 1985 eller før;5;På grunnen/vannoverflaten;2;Planbestemmelser både på kart og som egen tekst;4
19871216-2;Risøya;Eldre reguleringsplan (PBL 1985);30;Opphevet;4;16.12.1987;Plan- og bygningsloven av 1985 eller før;5;På grunnen/vannoverflaten;2;Med bestemmelser som egen tekst;1
19880929-1;Birkenes, del av gnr. 77 bnr. 3;Eldre reguleringsplan (PBL 1985);30;Endelig vedtatt arealplan;3;29.09.1988;Plan- og bygningsloven av 1985 eller før;5;På grunnen/vannoverflaten;2;Planbestemmelser både på kart og som egen tekst;4
19880929-2;Kommunedelsplan Kilen;Kommunedelplan;21;Utgått/erstattet;5;29.09.1988;Plan- og bygningsloven av 1985;4;;;Planbestemmelser fremgår av kartet (byggehøyder m.v.);3
19880929-3;Birkenes, del av gnr. 77 bnr. 6;Eldre reguleringsplan (PBL 1985);30;Endelig vedtatt arealplan;3;29.09.1988;Plan- og bygningsloven av 1985 eller før;5;På grunnen/vannoverflaten;2;Planbestemmelser både på kart og som egen tekst;4
19881018-1;Borøya, nordre del;Bebyggelsesplan iht. reguleringsplan (PBL 1985);32;Opphevet;4;18.10.1988;Plan- og bygningsloven av 1985 eller før;5;På grunnen/vannoverflaten;2;Uten bestemmelser;2
19881018-2;Fagerstand 21/49 og Knatten 21/88;Bebyggelsesplan iht. reguleringsplan (PBL 1985);32;Endelig vedtatt arealplan;3;18.10.1988;Plan- og bygningsloven av 1985;4;På grunnen/vannoverflaten;2;Planbestemmelser både på kart og som egen tekst;4
19881117-1;Kløvervegen, del av;Eldre reguleringsplan (PBL 1985);30;Utgått/erstattet;5;17.11.1988;Plan- og bygningsloven av 1985 eller før;5;På grunnen/vannoverflaten;2;Med bestemmelser som egen tekst;1
19890330-1;Motorfabrikken i Høllen m.m;Eldre reguleringsplan (PBL 1985);30;Endelig vedtatt arealplan;3;30.03.1989;Plan- og bygningsloven av 1985 eller før;5;På grunnen/vannoverflaten;2;Planbestemmelser både på kart og som egen tekst;4
19890330-2;Del av gnr.71, bnr.1 m.m.;Eldre reguleringsplan (PBL 1985);30;Utgått/erstattet;5;30.03.1989;Plan- og bygningsloven av 1985 eller før;5;Under grunnen (tunnel), På grunnen/vannoverflaten, Over grunnen (bru);1, 2, 3;Med bestemmelser som egen tekst;1
19890330-3;Del av gnr.25,bnr.69,71 m.m  Borøya;Eldre reguleringsplan (PBL 1985);30;Opphevet;4;30.03.1989;Plan- og bygningsloven av 1985 eller før;5;Under grunnen (tunnel), På grunnen/vannoverflaten, Over grunnen (bru);1, 2, 3;Med bestemmelser som egen tekst;1
19890615-1;Sjursholmen - Krossneskilen;Eldre reguleringsplan (PBL 1985);30;Endelig vedtatt arealplan;3;15.06.1989;Plan- og bygningsloven av 1985 eller før;5;På grunnen/vannoverflaten;2;Planbestemmelser både på kart og som egen tekst;4
19890615-2;Åløya med omkringliggende holmer;Eldre reguleringsplan (PBL 1985);30;Endelig vedtatt arealplan;3;15.06.1989;Plan- og bygningsloven av 1985 eller før;5;På grunnen/vannoverflaten;2;Planbestemmelser både på kart og som egen tekst;4
19891019-1;Del av gnr.16, bnr.2 - Øygardsheia;Eldre reguleringsplan (PBL 1985);30;Endelig vedtatt arealplan;3;19.10.1989;Plan- og bygningsloven av 1985 eller før;5;På grunnen/vannoverflaten;2;Planbestemmelser både på kart og som egen tekst;4
19891019-2;Giskedalen område B;Bebyggelsesplan iht. reguleringsplan (PBL 1985);32;Endelig vedtatt arealplan;3;19.10.1989;Plan- og bygningsloven av 1985;4;På grunnen/vannoverflaten;2;Planbestemmelser både på kart og som egen tekst;4
19900201-1;Vervedalen Gnr. 38, bnr. 7 - Ålo;Eldre reguleringsplan (PBL 1985);30;Endelig vedtatt arealplan;3;01.02.1990;Plan- og bygningsloven av 1985 eller før;5;På grunnen/vannoverflaten;2;Planbestemmelser både på kart og som egen tekst;4
19900201-2;Del av gnr. 30, bnr. 9,10, 26 m.fl. Ausviga;Eldre reguleringsplan (PBL 1985);30;Endelig vedtatt arealplan;3;01.02.1990;Plan- og bygningsloven av 1985 eller før;5;På grunnen/vannoverflaten;2;Planbestemmelser både på kart og som egen tekst;4
19900315-1;Veikryss Hølle-/Sangvikveien;Eldre reguleringsplan (PBL 1985);30;Endelig vedtatt arealplan;3;15.03.1990;Plan- og bygningsloven av 1985 eller før;5;På grunnen/vannoverflaten;2;Planbestemmelser både på kart og som egen tekst;4
19900315-2;Småbåthavn Torvefjorden;Eldre reguleringsplan (PBL 1985);30;Endelig vedtatt arealplan;3;15.03.1990;Plan- og bygningsloven av 1985 eller før;5;På grunnen/vannoverflaten;2;Planbestemmelser både på kart og som egen tekst;4
19900911-1;Reguleringendring for Småbakkan;Mindre reguleringsendring;31;Endelig vedtatt arealplan;3;11.09.1990;Plan- og bygningsloven av 1985 eller før;5;På grunnen/vannoverflaten;2;Planbestemmelser både på kart og som egen tekst;4
19900911-2;Nygård syd;Bebyggelsesplan iht. reguleringsplan (PBL 1985);32;Utgått/erstattet;5;11.09.1990;Plan- og bygningsloven av 1985 eller før;5;Under grunnen (tunnel), På grunnen/vannoverflaten, Over grunnen (bru);1, 2, 3;Med bestemmelser som egen tekst;1
19901115-1;Prestevollen, Gb 19/4;Eldre reguleringsplan (PBL 1985);30;Endelig vedtatt arealplan;3;15.11.1990;Plan- og bygningsloven av 1985 eller før;5;På grunnen/vannoverflaten;2;Planbestemmelser både på kart og som egen tekst;4
19901115-2;Fiskerihavn Svensviga;Eldre reguleringsplan (PBL 1985);30;Utgått/erstattet;5;15.11.1990;Plan- og bygningsloven av 1985 eller før;5;Under grunnen (tunnel), På grunnen/vannoverflaten, Over grunnen (bru);1, 2, 3;Med bestemmelser som egen tekst;1
19911212-1;Søndre del av Oftenes;Eldre reguleringsplan (PBL 1985);30;Endelig vedtatt arealplan;3;12.12.1991;Plan- og bygningsloven av 1985 eller før;5;På grunnen/vannoverflaten;2;Planbestemmelser både på kart og som egen tekst;4
19911212-2;Nygård nord;Eldre reguleringsplan (PBL 1985);30;Endelig vedtatt arealplan;3;12.12.1991;Plan- og bygningsloven av 1985 eller før;5;På grunnen/vannoverflaten;2;Planbestemmelser både på kart og som egen tekst;4
19911212-3;Langenes;Eldre reguleringsplan (PBL 1985);30;Endelig vedtatt arealplan;3;12.12.1991;Plan- og bygningsloven av 1985 eller før;5;På grunnen/vannoverflaten;2;Planbestemmelser både på kart og som egen tekst;4
19911212-4;Omreg.Tangvall sentrum;Eldre reguleringsplan (PBL 1985);30;Utgått/erstattet;5;12.12.1991;Plan- og bygningsloven av 1985 eller før;5;Under grunnen (tunnel), På grunnen/vannoverflaten, Over grunnen (bru);1, 2, 3;Med bestemmelser som egen tekst;1
19920611-1;Del av Lunde A og B;Eldre reguleringsplan (PBL 1985);30;Utgått/erstattet;5;11.06.1992;Plan- og bygningsloven av 1985 eller før;5;Under grunnen (tunnel), På grunnen/vannoverflaten, Over grunnen (bru);1, 2, 3;Med bestemmelser som egen tekst;1
19920611-2;Brønnvika;Eldre reguleringsplan (PBL 1985);30;Endelig vedtatt arealplan;3;11.06.1992;Plan- og bygningsloven av 1985 eller før;5;På grunnen/vannoverflaten;2;Planbestemmelser både på kart og som egen tekst;4
19920611-3;Ytre Kilen øst;Eldre reguleringsplan (PBL 1985);30;Endelig vedtatt arealplan;3;11.06.1992;Plan- og bygningsloven av 1985 eller før;5;På grunnen/vannoverflaten;2;Planbestemmelser både på kart og som egen tekst;4
19940203-1;Sørskog (Ausvigheia);Eldre reguleringsplan (PBL 1985);30;Endelig vedtatt arealplan;3;03.02.1994;Plan- og bygningsloven av 1985;4;På grunnen/vannoverflaten;2;Planbestemmelser både på kart og som egen tekst;4
19940203-2;Grunnholmen;Eldre reguleringsplan (PBL 1985);30;Endelig vedtatt arealplan;3;03.02.1994;Plan- og bygningsloven av 1985 eller før;5;På grunnen/vannoverflaten;2;Planbestemmelser både på kart og som egen tekst;4
19940601-1;Skinnarsmoen;Eldre reguleringsplan (PBL 1985);30;Endelig vedtatt arealplan;3;01.06.1994;Plan- og bygningsloven av 1985 eller før;5;På grunnen/vannoverflaten;2;Planbestemmelser både på kart og som egen tekst;4
19940616-1;Kiltangen hyttetun;Eldre reguleringsplan (PBL 1985);30;Endelig vedtatt arealplan;3;16.06.1994;Plan- og bygningsloven av 1985 eller før;5;På grunnen/vannoverflaten;2;Planbestemmelser både på kart og som egen tekst;4
19940616-2;Øygardsheia del av 16/2;Eldre reguleringsplan (PBL 1985);30;Endelig vedtatt arealplan;3;16.06.1994;Plan- og bygningsloven av 1985 eller før;5;På grunnen/vannoverflaten;2;Planbestemmelser både på kart og som egen tekst;4
19941108-1;Gnr.16 Bnr. 1 m.fl - felt B1 (Kossevigheia);Bebyggelsesplan iht. reguleringsplan (PBL 1985);32;Endelig vedtatt arealplan;3;08.11.1994;Plan- og bygningsloven av 1985 eller før;5;På grunnen/vannoverflaten;2;Planbestemmelser både på kart og som egen tekst;4
19941108-2;Gnr.16 Bnr. 1 m.fl - felt B5 (Kossevigheia);Bebyggelsesplan iht. reguleringsplan (PBL 1985);32;Endelig vedtatt arealplan;3;08.11.1994;Plan- og bygningsloven av 1985 eller før;5;På grunnen/vannoverflaten;2;Planbestemmelser både på kart og som egen tekst;4
19941108-3;Sørskog - felt A1 (Ausvigheia);Bebyggelsesplan iht. reguleringsplan (PBL 1985);32;Endelig vedtatt arealplan;3;08.11.1994;Plan- og bygningsloven av 1985;4;På grunnen/vannoverflaten;2;Planbestemmelser både på kart og som egen tekst;4
19941201-1;Del av gnr.73, bnr.39;Eldre reguleringsplan (PBL 1985);30;Opphevet;4;01.12.1994;Plan- og bygningsloven av 1985 eller før;5;Under grunnen (tunnel), På grunnen/vannoverflaten, Over grunnen (bru);1, 2, 3;Med bestemmelser som egen tekst;1
19941201-2;Høllen vest industriområde - utvidelse;Eldre reguleringsplan (PBL 1985);30;Endelig vedtatt arealplan;3;01.12.1994;Plan- og bygningsloven av 1985 eller før;5;På grunnen/vannoverflaten;2;Planbestemmelser både på kart og som egen tekst;4
19950209-1;Del av Årosstranda;Eldre reguleringsplan (PBL 1985);30;Endelig vedtatt arealplan;3;09.02.1995;Plan- og bygningsloven av 1985 eller før;5;På grunnen/vannoverflaten;2;Planbestemmelser både på kart og som egen tekst;4
19950209-2;Del av Grønngjelet;Eldre reguleringsplan (PBL 1985);30;Endelig vedtatt arealplan;3;09.02.1995;Plan- og bygningsloven av 1985 eller før;5;På grunnen/vannoverflaten;2;Planbestemmelser både på kart og som egen tekst;4
19970313-1;Myran;Eldre reguleringsplan (PBL 1985);30;Endelig vedtatt arealplan;3;13.03.1997;Plan- og bygningsloven av 1985 eller før;5;På grunnen/vannoverflaten;2;Planbestemmelser både på kart og som egen tekst;4
19970313-2;Fotballbane nord for E-39;Eldre reguleringsplan (PBL 1985);30;Utgått/erstattet;5;13.03.1997;Plan- og bygningsloven av 1985 eller før;5;Under grunnen (tunnel), På grunnen/vannoverflaten, Over grunnen (bru);1, 2, 3;Med bestemmelser som egen tekst;1
20020529-1;Del av Hummerviga;Eldre reguleringsplan (PBL 1985);30;Endelig vedtatt arealplan;3;29.05.2002;Plan- og bygningsloven av 1985 eller før;5;På grunnen/vannoverflaten;2;Med bestemmelser som egen tekst;1
20020529-2;Kalsnes;Eldre reguleringsplan (PBL 1985);30;Endelig vedtatt arealplan;3;29.05.2002;Plan- og bygningsloven av 1985 eller før;5;På grunnen/vannoverflaten;2;Med bestemmelser som egen tekst;1
20030312-1;Sørskog - del av felt A1 (Ausvigheia);Bebyggelsesplan iht. reguleringsplan (PBL 1985);32;Endelig vedtatt arealplan;3;12.03.2003;Plan- og bygningsloven av 1985;4;På grunnen/vannoverflaten;2;Planbestemmelser både på kart og som egen tekst;4
20030312-2;Vedderheia, Skytterveien 50-60;Eldre reguleringsplan (PBL 1985);30;Endelig vedtatt arealplan;3;12.03.2003;Plan- og bygningsloven av 1985;4;På grunnen/vannoverflaten;2;Planbestemmelser både på kart og som egen tekst;4
20030625-1;Stasjonstunet (næring og bolig);Bebyggelsesplan iht. reguleringsplan (PBL 1985);32;Endelig vedtatt arealplan;3;25.06.2003;Plan- og bygningsloven av 1985;4;På grunnen/vannoverflaten;2;Planbestemmelser både på kart og som egen tekst;4
20030828-1;Riveneset;Eldre reguleringsplan (PBL 1985);30;Endelig vedtatt arealplan;3;28.08.2003;Plan- og bygningsloven av 1985 eller før;5;På grunnen/vannoverflaten;2;Med bestemmelser som egen tekst;1
20030828-2;Austerhola, Amfenes;Eldre reguleringsplan (PBL 1985);30;Endelig vedtatt arealplan;3;28.08.2003;Plan- og bygningsloven av 1985 eller før;5;På grunnen/vannoverflaten;2;Med bestemmelser som egen tekst;1
20040616-1;Gnr.21, bnr.13 Monsøya;Bebyggelsesplan iht. reguleringsplan (PBL 1985);32;Endelig vedtatt arealplan;3;16.06.2004;Plan- og bygningsloven av 1985 eller før;5;På grunnen/vannoverflaten;2;Planbestemmelser både på kart og som egen tekst;4
20040616-2;Skillsmyra;Eldre reguleringsplan (PBL 1985);30;Endelig vedtatt arealplan;3;17.06.2004;Plan- og bygningsloven av 1985 eller før;5;På grunnen/vannoverflaten;2;Planbestemmelser både på kart og som egen tekst;4
20040909-1;Del av Hølleheia;Eldre reguleringsplan (PBL 1985);30;Endelig vedtatt arealplan;3;09.09.2004;Plan- og bygningsloven av 1985 eller før;5;På grunnen/vannoverflaten;2;Planbestemmelser både på kart og som egen tekst;4
20040909-2;Gnr.1, bnr.13 - Havbugta;Eldre reguleringsplan (PBL 1985);30;Endelig vedtatt arealplan;3;09.09.2004;Plan- og bygningsloven av 1985 eller før;5;På grunnen/vannoverflaten;2;Med bestemmelser som egen tekst;1
20041216-1;Oftenes gnr.31, bnr.16 m.fl;Eldre reguleringsplan (PBL 1985);30;Endelig vedtatt arealplan;3;16.12.2004;Plan- og bygningsloven av 1985 eller før;5;På grunnen/vannoverflaten;2;Med bestemmelser som egen tekst;1
20041216-2;Del av Ospedalen;Eldre reguleringsplan (PBL 1985);30;Endelig vedtatt arealplan;3;24.11.2004;Plan- og bygningsloven av 1985 eller før;5;På grunnen/vannoverflaten;2;Planbestemmelser både på kart og som egen tekst;4
20041216-3;Gnr.47, bnr. 2 og gnr.83, bnr.2, 7,12 - Røsstad;Eldre reguleringsplan (PBL 1985);30;Endelig vedtatt arealplan;3;16.12.2004;Plan- og bygningsloven av 1985 eller før;5;På grunnen/vannoverflaten;2;Med bestemmelser som egen tekst;1
20041216-4;Boliger ved Donevannet;Eldre reguleringsplan (PBL 1985);30;Endelig vedtatt arealplan;3;16.12.2004;Plan- og bygningsloven av 1985 eller før;5;På grunnen/vannoverflaten;2;Med bestemmelser som egen tekst;1
20041216-5;Auster Frøyslandsvann;Eldre reguleringsplan (PBL 1985);30;Endelig vedtatt arealplan;3;16.12.2004;Plan- og bygningsloven av 1985 eller før;5;På grunnen/vannoverflaten;2;Med bestemmelser som egen tekst;1
20050519-1;Torvmoen;Eldre reguleringsplan (PBL 1985);30;Endelig vedtatt arealplan;3;19.05.2005;Plan- og bygningsloven av 1985;4;På grunnen/vannoverflaten;2;Planbestemmelser både på kart og som egen tekst;4
20050519-2;Del av Heftenes;Eldre reguleringsplan (PBL 1985);30;Endelig vedtatt arealplan;3;19.05.2005;Plan- og bygningsloven av 1985 eller før;5;På grunnen/vannoverflaten;2;Planbestemmelser både på kart og som egen tekst;4
20050605-1;Vognsnes gnr.10, bnr 1 og 2;Bebyggelsesplan iht. reguleringsplan (PBL 1985);32;Endelig vedtatt arealplan;3;05.06.2005;Plan- og bygningsloven av 1985 eller før;5;På grunnen/vannoverflaten;2;Planbestemmelser både på kart og som egen tekst;4
20050616-1;Tangvall sentrum;Eldre reguleringsplan (PBL 1985);30;Opphevet;4;16.06.2005;Plan- og bygningsloven av 1985 eller før;5;På grunnen/vannoverflaten;2;Med bestemmelser som egen tekst;1
20050616-2;Fritidsbebyggelse på del av Solvik gnr./bnr. 37/6, 37/40, 37/55;Detaljregulering;35;Endelig vedtatt arealplan;3;16.06.2005;Plan- og bygningsloven av 2008;6;På grunnen/vannoverflaten;2;Med bestemmelser som egen tekst;1
20050622-1;Gnr. 21 Bnr. 6, 7, 53 (Monsøya);Bebyggelsesplan iht. reguleringsplan (PBL 1985);32;Endelig vedtatt arealplan;3;22.06.2005;Plan- og bygningsloven av 1985 eller før;5;På grunnen/vannoverflaten;2;Med bestemmelser som egen tekst;1
20050908-1;Lunde;Eldre reguleringsplan (PBL 1985);30;Endelig vedtatt arealplan;3;08.09.2005;Plan- og bygningsloven av 1985 eller før;5;På grunnen/vannoverflaten;2;Med bestemmelser som egen tekst;1
20050908-2;"Høgskoleveien 6 - 12  ""Gata vår""";Eldre reguleringsplan (PBL 1985);30;Utgått/erstattet;5;08.09.2005;Plan- og bygningsloven av 1985 eller før;5;På grunnen/vannoverflaten;2;Med bestemmelser som egen tekst;1
20050908-3;"Gnr.20, bnr.92 ""Bjørkholt"" Årossanden 4";Eldre reguleringsplan (PBL 1985);30;Utgått/erstattet;5;08.09.2005;Plan- og bygningsloven av 1985 eller før;5;På grunnen/vannoverflaten;2;Med bestemmelser som egen tekst;1
20051013-1;Solta;Eldre reguleringsplan (PBL 1985);30;Endelig vedtatt arealplan;3;13.10.2005;Plan- og bygningsloven av 1985 eller før;5;På grunnen/vannoverflaten;2;Med bestemmelser som egen tekst;1
20051013-2;Lohnelier næringsområde;Eldre reguleringsplan (PBL 1985);30;Utgått/erstattet;5;13.10.2005;Plan- og bygningsloven av 1985 eller før;5;På grunnen/vannoverflaten;2;Med bestemmelser som egen tekst;1
20051013-3;Leireheia nord;Eldre reguleringsplan (PBL 1985);30;Utgått/erstattet;5;13.10.2005;Plan- og bygningsloven av 1985 eller før;5;På grunnen/vannoverflaten;2;Med bestemmelser som egen tekst;1
20051103-1;Gnr.28 Bnr.63,105 Meieribakken;Eldre reguleringsplan (PBL 1985);30;Endelig vedtatt arealplan;3;03.11.2005;Plan- og bygningsloven av 1985 eller før;5;På grunnen/vannoverflaten;2;Med bestemmelser som egen tekst;1
20051215-1;Åros - hytteområde på del av gnr. 20, bnr. 554 m.fl.;Eldre reguleringsplan (PBL 1985);30;Endelig vedtatt arealplan;3;15.12.2005;Plan- og bygningsloven av 1985 eller før;5;På grunnen/vannoverflaten;2;Planbestemmelser både på kart og som egen tekst;4
20060223-1;Fjellstien;Eldre reguleringsplan (PBL 1985);30;Endelig vedtatt arealplan;3;23.02.2006;Plan- og bygningsloven av 1985 eller før;5;På grunnen/vannoverflaten;2;Med bestemmelser som egen tekst;1
20060330-1;Nygårdshaven 3 - gnr.18, bnr.4;Eldre reguleringsplan (PBL 1985);30;Endelig vedtatt arealplan;3;30.03.2006;Plan- og bygningsloven av 1985 eller før;5;På grunnen/vannoverflaten;2;Med bestemmelser som egen tekst;1
20060504-1;Skjølleviga;Eldre reguleringsplan (PBL 1985);30;Endelig vedtatt arealplan;3;04.05.2006;Plan- og bygningsloven av 1985 eller før;5;På grunnen/vannoverflaten;2;Planbestemmelser både på kart og som egen tekst;4
20060913-1;Torvmoen -  felt B1-B9;Bebyggelsesplan iht. reguleringsplan (PBL 1985);32;Endelig vedtatt arealplan;3;13.09.2006;Plan- og bygningsloven av 1985;4;På grunnen/vannoverflaten;2;Planbestemmelser både på kart og som egen tekst;4
20061109-1;Tønnevold, Ny-Hellesund;Eldre reguleringsplan (PBL 1985);30;Endelig vedtatt arealplan;3;09.11.2006;Plan- og bygningsloven av 1985 eller før;5;På grunnen/vannoverflaten;2;Planbestemmelser både på kart og som egen tekst;4
20061214-1;E39 Storenes-Tangvall;Eldre reguleringsplan (PBL 1985);30;Endelig vedtatt arealplan;3;14.12.2006;Plan- og bygningsloven av 1985 eller før;5;På grunnen/vannoverflaten;2;Planbestemmelser både på kart og som egen tekst;4
20070201-1;Åros felt c;Eldre reguleringsplan (PBL 1985);30;Endelig vedtatt arealplan;3;01.02.2007;Plan- og bygningsloven av 1985 eller før;5;På grunnen/vannoverflaten;2;Med bestemmelser som egen tekst;1
20070201-2;Tømmervigodden, Trysnes - del av GB 37/2, ;Eldre reguleringsplan (PBL 1985);30;Endelig vedtatt arealplan;3;01.02.2007;Plan- og bygningsloven av 1985 eller før;5;På grunnen/vannoverflaten;2;Planbestemmelser både på kart og som egen tekst;4
20070201-3;Del av Vige;Eldre reguleringsplan (PBL 1985);30;Endelig vedtatt arealplan;3;01.02.2007;Plan- og bygningsloven av 1985 eller før;5;På grunnen/vannoverflaten;2;Med bestemmelser som egen tekst;1
20070328-1;Gang- og sykkelveg Brennåsen-Nodeland;Eldre reguleringsplan (PBL 1985);30;Endelig vedtatt arealplan;3;28.03.2007;Plan- og bygningsloven av 1985;4;På grunnen/vannoverflaten;2;Planbestemmelser både på kart og som egen tekst;4
20070524-1;Høllen Vest industriområde;Eldre reguleringsplan (PBL 1985);30;Endelig vedtatt arealplan;3;24.05.2007;Plan- og bygningsloven av 1985 eller før;5;På grunnen/vannoverflaten;2;Med bestemmelser som egen tekst;1
20070524-2;Oftenes B-1;Eldre reguleringsplan (PBL 1985);30;Endelig vedtatt arealplan;3;24.05.2007;Plan- og bygningsloven av 1985 eller før;5;På grunnen/vannoverflaten;2;Planbestemmelser både på kart og som egen tekst;4
20070524-3;Trysnes Marina;Eldre reguleringsplan (PBL 1985);30;Endelig vedtatt arealplan;3;24.05.2007;Plan- og bygningsloven av 1985 eller før;5;På grunnen/vannoverflaten;2;Planbestemmelser både på kart og som egen tekst;4
20070620-1;Torvmoen - felt B14-B17;Bebyggelsesplan iht. reguleringsplan (PBL 1985);32;Endelig vedtatt arealplan;3;20.06.2007;Plan- og bygningsloven av 1985;4;På grunnen/vannoverflaten;2;Med bestemmelser som egen tekst;1
20070621-1;Gang og sykkelveg Oftenes;Eldre reguleringsplan (PBL 1985);30;Utgått/erstattet;5;21.06.2007;Plan- og bygningsloven av 1985 eller før;5;På grunnen/vannoverflaten;2;Med bestemmelser som egen tekst;1
20070621-2;Steinbrudd og massedeponi Knibe;Eldre reguleringsplan (PBL 1985);30;Endelig vedtatt arealplan;3;21.06.2007;Plan- og bygningsloven av 1985 eller før;5;På grunnen/vannoverflaten;2;Med bestemmelser som egen tekst;1
20070926-2;Vamoen Motorsportbane;Eldre reguleringsplan (PBL 1985);30;Endelig vedtatt arealplan;3;26.09.2007;Plan- og bygningsloven av 1985 eller før;5;På grunnen/vannoverflaten;2;Planbestemmelser både på kart og som egen tekst;4
20071122-1;Høllegata, Gnr.23 bnr.39 m.fl.;Eldre reguleringsplan (PBL 1985);30;Endelig vedtatt arealplan;3;22.11.2007;Plan- og bygningsloven av 1985 eller før;5;På grunnen/vannoverflaten;2;Med bestemmelser som egen tekst;1
20071122-2;Hefteneset;Eldre reguleringsplan (PBL 1985);30;Endelig vedtatt arealplan;3;22.11.2007;Plan- og bygningsloven av 1985 eller før;5;På grunnen/vannoverflaten;2;Med bestemmelser som egen tekst;1
20080327-1;"Høgskoleveien 12-40 ""Gata Vår""";Eldre reguleringsplan (PBL 1985);30;Endelig vedtatt arealplan;3;27.03.2008;Plan- og bygningsloven av 1985 eller før;5;På grunnen/vannoverflaten;2;Planbestemmelser både på kart og som egen tekst;4
20080528-1;Rosselandsvegen 9;Eldre reguleringsplan (PBL 1985);30;Endelig vedtatt arealplan;3;28.05.2008;Plan- og bygningsloven av 1985 eller før;5;På grunnen/vannoverflaten;2;Planbestemmelser både på kart og som egen tekst;4
20080529-1;Lundekleiva GB 71/19;Eldre reguleringsplan (PBL 1985);30;Endelig vedtatt arealplan;3;29.05.2008;Plan- og bygningsloven av 1985 eller før;5;På grunnen/vannoverflaten;2;Med bestemmelser som egen tekst;1
20080619-1;GB 37/81, Trysnes;Eldre reguleringsplan (PBL 1985);30;Endelig vedtatt arealplan;3;19.06.2008;Plan- og bygningsloven av 1985 eller før;5;På grunnen/vannoverflaten;2;Med bestemmelser som egen tekst;1
20080625-1;Mjåvann II;Eldre reguleringsplan (PBL 1985);30;Endelig vedtatt arealplan;3;25.06.2008;Plan- og bygningsloven av 1985 eller før;5;På grunnen/vannoverflaten;2;Planbestemmelser både på kart og som egen tekst;4
20080625-2;Solvollvegen del av, Solvollvegen 1;Eldre reguleringsplan (PBL 1985);30;Utgått/erstattet;5;25.06.2008;Plan- og bygningsloven av 1985;4;På grunnen/vannoverflaten, Over grunnen (bru);2, 3;Med bestemmelser som egen tekst;1
20080625-3;Lauvslandsmoen gnr. 19 bnr. 28, 34 og 35;Eldre reguleringsplan (PBL 1985);30;Endelig vedtatt arealplan;3;25.06.2008;Plan- og bygningsloven av 1985;4;På grunnen/vannoverflaten;2;Planbestemmelser både på kart og som egen tekst;4
20080925-1;Del av Lyngmyr;Eldre reguleringsplan (PBL 1985);30;Endelig vedtatt arealplan;3;25.09.2008;Plan- og bygningsloven av 1985 eller før;5;På grunnen/vannoverflaten;2;Med bestemmelser som egen tekst;1
20080925-2;Søgne barnehage;Eldre reguleringsplan (PBL 1985);30;Endelig vedtatt arealplan;3;25.09.2008;Plan- og bygningsloven av 1985 eller før;5;På grunnen/vannoverflaten;2;Med bestemmelser som egen tekst;1
20090917-1;Fagermoen, område B1, B2, A/B-1, A/F/K-2, F1 og Torg;Bebyggelsesplan iht. reguleringsplan (PBL 1985);32;Endelig vedtatt arealplan;3;17.09.2009;Plan- og bygningsloven av 1985;4;På grunnen/vannoverflaten;2;Planbestemmelser både på kart og som egen tekst;4
20090917-2;Fagermoen, område A/F/K-1;Bebyggelsesplan iht. reguleringsplan (PBL 1985);32;Endelig vedtatt arealplan;3;17.09.2009;Plan- og bygningsloven av 1985;4;På grunnen/vannoverflaten;2;Planbestemmelser både på kart og som egen tekst;4
20091022-2;Ballerholmen;Eldre reguleringsplan (PBL 1985);30;Endelig vedtatt arealplan;3;22.10.2009;Plan- og bygningsloven av 1985;4;På grunnen/vannoverflaten;2;Med bestemmelser som egen tekst;1
20100422-1;Del av Borøya GB 25/3 m.fl.;Eldre reguleringsplan (PBL 1985);30;Endelig vedtatt arealplan;3;22.04.2010;Plan- og bygningsloven av 1985 eller før;5;På grunnen/vannoverflaten;2;Med bestemmelser som egen tekst;1
20100422-2;Storholmen;Eldre reguleringsplan (PBL 1985);30;Endelig vedtatt arealplan;3;22.04.2010;Plan- og bygningsloven av 1985;4;På grunnen/vannoverflaten;2;Med bestemmelser som egen tekst;1
20100422-3;Benkan;Eldre reguleringsplan (PBL 1985);30;Endelig vedtatt arealplan;3;22.04.2010;Plan- og bygningsloven av 1985;4;På grunnen/vannoverflaten;2;Med bestemmelser som egen tekst;1
20101215-1;Nodeland - kollektivknutepunkt;Detaljregulering;35;Endelig vedtatt arealplan;3;15.12.2010;Plan- og bygningsloven av 2008;6;På grunnen/vannoverflaten;2;Planbestemmelser både på kart og som egen tekst;4
20110616-1;Kommunedelplan for Kjellandsheia;Kommunedelplan;21;Opphevet;4;16.06.2011;Plan- og bygningsloven av 1985;4;;;Med bestemmelser som egen tekst;1
200902_1017;Bukksteinsdalen;Detaljregulering;35;Uaktuell/trukket;10;;Plan- og bygningsloven av 2008;6;På grunnen/vannoverflaten;2;Med bestemmelser som egen tekst;1
1,0182E+11;Buheia - del av gnr 28, bnr 69 Eik;Eldre reguleringsplan (PBL 1985);30;Endelig vedtatt arealplan;3;25.04.1995;Plan- og bygningsloven av 1985 eller før;5;På grunnen/vannoverflaten;2;Med bestemmelser som egen tekst;1
1,0182E+11;Romsviga-Donevannet;Eldre reguleringsplan (PBL 1985);30;Endelig vedtatt arealplan;3;10.04.2002;Plan- og bygningsloven av 1985 eller før;5;På grunnen/vannoverflaten;2;Med bestemmelser som egen tekst;1
1,0182E+11;Tangveien - gnr.73, bnr.12,15,73 m.fl ;Bebyggelsesplan iht. reguleringsplan (PBL 1985);32;Endelig vedtatt arealplan;3;25.06.2003;Plan- og bygningsloven av 1985 eller før;5;På grunnen/vannoverflaten;2;Planbestemmelser både på kart og som egen tekst;4
